=========================================
  Запуск системы ВКО
=========================================

[*] Запуск генератора целей...
[+] Генератор целей запущен (PID: 1869487)
Бал.блок       bd6d8bb   1 Koord X: 8052000     Y: 5952000     Speed:9908     X: -3528    Y: -9259    Ttl  89
Бал.блок       2368d8b   2 Koord X: 7521000     Y: 5497000     Speed:9344     X: 1917     Y: -9146    Ttl 307
Самолет        e96b4bs   3 Koord X: 7526000     Y: 1111000     Speed:240      X: 185      Y: 154      Ttl 166
К.ракета       cdab0er   4 Koord X: 7028000     Y: 2376000     Speed:547      X: 198      Y: 510      Ttl  43
Самолет        37bf89s   5 Koord X: 6771000     Y: 6593000     Speed:84       X: -69      Y: -49      Ttl  41
Самолет        1d4472s   6 Koord X: 6236000     Y: 2332000     Speed:100      X: 84       Y: 56       Ttl  85
Бал.блок       a084c5b   7 Koord X: 9314000     Y: 6565000     Speed:9656     X: -1697    Y: -9506    Ttl  49
Бал.блок       b6ae61b   8 Koord X: 6129000     Y: 902000      Speed:9439     X: -7405    Y: 5854     Ttl 150
Самолет        4857afs   9 Koord X: 8909000     Y: 1018000     Speed:116      X: -109     Y: 42       Ttl 203
К.ракета       c30310r  10 Koord X: 1878000     Y: 2848000     Speed:428      X: 193      Y: 383      Ttl  20
Бал.блок       be6947b  11 Koord X: 10696000    Y: 4814000     Speed:9462     X: -962     Y: 9413     Ttl 143
К.ракета       2df17ar  12 Koord X: 7062000     Y: 3344000     Speed:846      X: 499      Y: 684      Ttl  43
Самолет        41e37es  13 Koord X: 6965000     Y: 3238000     Speed:193      X: -32      Y: 191      Ttl  41
К.ракета       5969f2r  14 Koord X: 6229000     Y: 5845000     Speed:503      X: -352     Y: -360     Ttl 159
Самолет        707e15s  15 Koord X: 11252000    Y: 3869000     Speed:116      X: -15      Y: -116     Ttl  50
Самолет        3791a1s  16 Koord X: 5253000     Y: 3784000     Speed:113      X: -62      Y: 95       Ttl 145
Бал.блок       d350d5b  17 Koord X: 5113000     Y: 6717000     Speed:8568     X: 4012     Y: -7571    Ttl 199
Самолет        c3a711s  18 Koord X: 8013000     Y: 1967000     Speed:154      X: -148     Y: 46       Ttl 146
Бал.блок       1131bcb  19 Koord X: 4356000     Y: 4316000     Speed:9592     X: 144      Y: 9591     Ttl 258
К.ракета       b19de1r  20 Koord X: 5201000     Y: 2999000     Speed:908      X: 807      Y: 418      Ttl 159
Бал.блок       54a101b  21 Koord X: 2713000     Y: 6451000     Speed:9971     X: 3480     Y: -9345    Ttl 136
Бал.блок       3ec5bfb  22 Koord X: 5548000     Y: 7262000     Speed:9394     X: -2989    Y: -8906    Ttl 164
Бал.блок       94ba64b  23 Koord X: 8025000     Y: 4523000     Speed:8729     X: -6486    Y: -5843    Ttl 300
Самолет        29ce28s  24 Koord X: 5207000     Y: 4745000     Speed:169      X: -45      Y: -163     Ttl  51
Самолет        9c19fbs  25 Koord X: 9622000     Y: 4918000     Speed:140      X: -134     Y: -43      Ttl  18
Самолет        770625s  26 Koord X: 11241000    Y: 4194000     Speed:185      X: -148     Y: 111      Ttl  32
Бал.блок       74dca6b  27 Koord X: 4110000     Y: 4364000     Speed:9589     X: 1520     Y: 9468     Ttl  79
К.ракета       1603cdr  28 Koord X: 9176000     Y: 4435000     Speed:907      X: -503     Y: -755     Ttl  65
К.ракета       95e7bcr  29 Koord X: 7660000     Y: 5132000     Speed:918      X: -202     Y: -896     Ttl  88
К.ракета       92738fr  30 Koord X: 5925000     Y: 2892000     Speed:958      X: 782      Y: 555      Ttl  92
К.ракета       141f69r  31 Koord X: 7407000     Y: 4878000     Speed:560      X: -404     Y: -389     Ttl  86
Самолет        9fab7ds  32 Koord X: 1345000     Y: 5270000     Speed:236      X: 12       Y: 236      Ttl  78
К.ракета       938a8ar  33 Koord X: 3190000     Y: 8043000     Speed:471      X: 424      Y: -207     Ttl 167
К.ракета       7ebe74r  34 Koord X: 8067000     Y: 2131000     Speed:392      X: -383     Y: 88       Ttl  44
Бал.блок       2bf62bb  35 Koord X: 10832000    Y: 5022000     Speed:8264     X: -1686    Y: -8091    Ttl  62
Бал.блок       cc3c31b  36 Koord X: 9418000     Y: 4882000     Speed:8235     X: -4013    Y: 7192     Ttl 255
К.ракета       6f91c5r  37 Koord X: 9406000     Y: 3856000     Speed:728      X: -405     Y: -606     Ttl  54
Самолет        7a4c6cs  38 Koord X: 7345000     Y: 5477000     Speed:125      X: -72      Y: -103     Ttl 170
Бал.блок       9f7d59b  39 Koord X: 9370000     Y: 6474000     Speed:8702     X: -778     Y: -8668    Ttl 119
К.ракета       c61190r  40 Koord X: 6232000     Y: 2750000     Speed:690      X: -397     Y: 565      Ttl  13
Самолет        eb3247s  41 Koord X: 6958000     Y: 1444000     Speed:116      X: -63      Y: 98       Ttl 183
Самолет        525bfes  42 Koord X: 3274000     Y: 7446000     Speed:156      X: 58       Y: -145     Ttl  90
Бал.блок       728be9b  43 Koord X: 7601000     Y: 7662000     Speed:8245     X: 916      Y: -8194    Ttl 126
Самолет        e9a411s  44 Koord X: 2031000     Y: 4282000     Speed:244      X: 52       Y: 239      Ttl 130
Самолет        dfa761s  45 Koord X: 6697000     Y: 4004000     Speed:193      X: 92       Y: -170     Ttl 127
Бал.блок       8cfa39b  46 Koord X: 2854000     Y: 6147000     Speed:9963     X: 241      Y: -9961    Ttl 106
Бал.блок       421f29b  47 Koord X: 6544000     Y: 4878000     Speed:9742     X: 2537     Y: -9406    Ttl 302
К.ракета       7db36fr  48 Koord X: 1867000     Y: 2484000     Speed:334      X: 256      Y: 216      Ttl 143
Самолет        7a05b1s  49 Koord X: 1680000     Y: 917000      Speed:70       X: 30       Y: 64       Ttl 130
К.ракета       c94c64r  50 Koord X: 5034000     Y: 4090000     Speed:372      X: 106      Y: -357     Ttl  56
[*] Запуск КП ВКО...
[+] КП ВКО запущен
[КП ВКО] Запуск командного пункта ВКО
[*] Запуск РЛС1 (Воронеж-ДМ, Кишинев)...
[+] РЛС1 запущена
[*] Запуск РЛС2 (Дарьял)...
[+] РЛС2 запущена
[*] Запуск РЛС3 (Днепр, Иркутск)...
[+] РЛС3 запущена
[RLS3_Dnepr] Запуск РЛС типа Dnepr
[RLS3_Dnepr] Координаты: X=7500000 Y=3400000
[RLS3_Dnepr] Дальность: 3500000 м, Сектор: 120 градусов, Направление: 270 градусов
[RLS2_Daryal] Запуск РЛС типа Daryal
[RLS2_Daryal] Координаты: X=8000000 Y=7000000
[RLS2_Daryal] Дальность: 6000000 м, Сектор: 90 градусов, Направление: 45 градусов
[RLS1_Voronezh] Запуск РЛС типа Voronezh-DM
[RLS1_Voronezh] Координаты: X=2600000 Y=2900000
[RLS1_Voronezh] Дальность: 4000000 м, Сектор: 200 градусов, Направление: 225 градусов
[*] Запуск СПРО (Омск)...
[+] СПРО запущен
[SPRO_Omsk] Запуск СПРО
[SPRO_Omsk] Координаты: X=5500000 Y=3800000, Радиус: 1500000 м
[SPRO_Omsk] Боезапас: 10 противоракет
[*] Запуск ЗРДН1 (Оренбург)...
[+] ЗРДН1 запущен
[*] Запуск ЗРДН2 (Волгоград)...
[+] ЗРДН2 запущен
[*] Запуск ЗРДН3 (Махачкала)...
[+] ЗРДН3 запущен

=========================================
  Все системы ВКО запущены
=========================================

Логи: /home/vko/kr_vko_22/logs/
Журнал системы: /home/vko/kr_vko_22/logs/system_journal.log
БД: /home/vko/kr_vko_22/db/vko.db

Для остановки: ./stop.sh
Для статистики: ./db_queries.sh
[ZRDN2_Volgograd] Запуск ЗРДН
[ZRDN2_Volgograd] Координаты: X=3600000 Y=3100000, Радиус: 400000 м
[ZRDN2_Volgograd] Боезапас: 20 ракет
[ZRDN3_Mahachkala] Запуск ЗРДН
[ZRDN3_Mahachkala] Координаты: X=3750000 Y=2500000, Радиус: 550000 м
[ZRDN3_Mahachkala] Боезапас: 20 ракет
[ZRDN1_Orenburg] Запуск ЗРДН
[ZRDN1_Orenburg] Координаты: X=4250000 Y=3300000, Радиус: 600000 м
[ZRDN1_Orenburg] Боезапас: 20 ракет
[RLS3_Dnepr] В 13:48:52:258 Обнаружена цель id:b6ae61b с координатами 6114190 913708 тип:BB_BR скорость:9439
[RLS1_Voronezh] В 13:48:52:286 Обнаружена цель id:7a05b1s с координатами 1680060 917128 тип:SAM скорость:70
[RLS3_Dnepr] Цель id:b6ae61b движется в направлении СПРО
[SPRO_Omsk] В 13:48:53:513 Обнаружена цель id:3791a1s координаты 5252876 3784190 тип:SAM скорость:113
[КП от RLS1_Voronezh] Обнаружена цель id:7a05b1s координаты X:1680060 Y:917128 тип:SAM скорость:70
[КП от RLS3_Dnepr] Обнаружена цель id:b6ae61b координаты X:6114190 Y:913708 тип:BB_BR скорость:9439
[RLS1_Voronezh] В 13:48:55:695 Обнаружена цель id:c30310r с координатами 1878579 2849149 тип:KR скорость:428
[КП от RLS3_Dnepr] !!! цель движется в направлении СПРО id:b6ae61b !!!
[RLS3_Dnepr] В 13:48:55:903 Обнаружена цель id:e96b4bs с координатами 7526555 1111462 тип:SAM скорость:240
[КП от SPRO_Omsk] Обнаружена цель id:3791a1s координаты X:5252876 Y:3784190 тип:SAM скорость:113
[SPRO_Omsk] В 13:48:57:480 Обнаружена цель id:dfa761s координаты 6697276 4003490 тип:SAM скорость:193
[КП от RLS1_Voronezh] Обнаружена цель id:c30310r координаты X:1878579 Y:2849149 тип:KR скорость:428
[КП от RLS3_Dnepr] Обнаружена цель id:e96b4bs координаты X:7526555 Y:1111462 тип:SAM скорость:240
[КП от SPRO_Omsk] Обнаружена цель id:dfa761s координаты X:6697276 Y:4003490 тип:SAM скорость:193
[RLS1_Voronezh] В 13:49:00:288 Обнаружена цель id:7db36fr с координатами 1867768 2484648 тип:KR скорость:334
[RLS3_Dnepr] В 13:49:00:642 Обнаружена цель id:4857afs с координатами 8908564 1018168 тип:SAM скорость:116
[КП от RLS1_Voronezh] Обнаружена цель id:7db36fr координаты X:1867768 Y:2484648 тип:KR скорость:334
[КП от RLS3_Dnepr] Обнаружена цель id:4857afs координаты X:8908564 Y:1018168 тип:SAM скорость:116
[SPRO_Omsk] В 13:49:02:305 Обнаружена цель id:c94c64r координаты 5034318 4088929 тип:KR скорость:372
[КП от SPRO_Omsk] Обнаружена цель id:c94c64r координаты X:5034318 Y:4088929 тип:KR скорость:372
[RLS3_Dnepr] В 13:49:05:793 Обнаружена цель id:cdab0er с координатами 7028792 2378040 тип:KR скорость:547
[КП от RLS3_Dnepr] Обнаружена цель id:cdab0er координаты X:7028792 Y:2378040 тип:KR скорость:547
[SPRO_Omsk] В 13:49:08:124 Обнаружена цель id:c61190r координаты 6230412 2752260 тип:KR скорость:690
[КП от SPRO_Omsk] Обнаружена цель id:c61190r координаты X:6230412 Y:2752260 тип:KR скорость:690
[RLS3_Dnepr] В 13:49:12:819 Обнаружена цель id:1d4472s с координатами 6236420 2332280 тип:SAM скорость:100
[КП от RLS3_Dnepr] Обнаружена цель id:1d4472s координаты X:6236420 Y:2332280 тип:SAM скорость:100
[SPRO_Omsk] В 13:49:15:344 Обнаружена цель id:421f29b координаты 6556685 4830970 тип:BB_BR скорость:9742
[SPRO_Omsk] Стрельба по цели id:421f29b тип:BB_BR. Осталось противоракет: 9
[31mБал.блок       421f29b  47 Koord X: 6559222     Y: 4821564     Speed:9742     X: 2537     Y: -9406    		Промах SPRO_Omsk[0m
[RLS3_Dnepr] В 13:49:21:801 Обнаружена цель id:eb3247s с координатами 6957622 1444588 тип:SAM скорость:116
[КП от RLS3_Dnepr] Обнаружена цель id:eb3247s координаты X:6957622 Y:1444588 тип:SAM скорость:116
[КП от SPRO_Omsk] Обнаружена цель id:421f29b координаты X:6556685 Y:4830970 тип:BB_BR скорость:9742
[КП от SPRO_Omsk] Стрельба по цели id:421f29b тип:BB_BR AMMO:9
[RLS3_Dnepr] В 13:49:33:661 Обнаружена цель id:c3a711s с координатами 8011816 1967368 тип:SAM скорость:154
[КП от RLS3_Dnepr] Обнаружена цель id:c3a711s координаты X:8011816 Y:1967368 тип:SAM скорость:154
[SPRO_Omsk] ПРОМАХ по цели id:421f29b
[RLS3_Dnepr] В 13:49:48:219 Обнаружена цель id:7ebe74r с координатами 8063553 2131792 тип:KR скорость:392
[RLS1_Voronezh] В 13:49:50:214 Обнаружена цель id:c30310r с координатами 1879930 2851830 тип:KR скорость:428
[35mК.ракета       c61190r  40 Koord X: 6226839     Y: 2757345     Speed:690      X: -397     Y: 565      Пропала[0m
[SPRO_Omsk] В 13:49:53:947 Обнаружена цель id:92738fr координаты 5933602 2898105 тип:KR скорость:958
[КП от RLS1_Voronezh] Обнаружена цель id:c30310r координаты X:1879930 Y:2851830 тип:KR скорость:428
[КП от RLS3_Dnepr] Обнаружена цель id:7ebe74r координаты X:8063553 Y:2131792 тип:KR скорость:392
[КП от SPRO_Omsk] ПРОМАХ по цели id:421f29b (BB_BR)
[КП от SPRO_Omsk] Обнаружена цель id:92738fr координаты X:5933602 Y:2898105 тип:KR скорость:958
К.ракета       888249r  40 Koord X: 3149000     Y: 6799000     Speed:667      X: 172      Y: -645     Ttl 177
[35mСамолет        9c19fbs  25 Koord X: 9619588     Y: 4917226     Speed:140      X: -134     Y: -43      Пропала[0m
Самолет        0a6b78s  25 Koord X: 11011000    Y: 4419000     Speed:172      X: -65      Y: 160      Ttl 145
[35mК.ракета       c30310r  10 Koord X: 1881860     Y: 2855660     Speed:428      X: 193      Y: 383      Пропала[0m
Бал.блок       b53611b  10 Koord X: 7720000     Y: 4211000     Speed:9316     X: -8953    Y: 2578     Ttl 104
[SPRO_Omsk] В 13:50:47:665 Обнаружена цель id:421f29b координаты 6592203 4699286 тип:BB_BR скорость:9742
[SPRO_Omsk] Стрельба по цели id:421f29b тип:BB_BR. Осталось противоракет: 8
[32mБал.блок       421f29b  47 Koord X: 6599814     Y: 4671068     Speed:9742     X: 2537     Y: -9406    		Уничтожена SPRO_Omsk[0m
[КП от SPRO_Omsk] Обнаружена цель id:421f29b координаты X:6592203 Y:4699286 тип:BB_BR скорость:9742
[КП от SPRO_Omsk] Стрельба по цели id:421f29b тип:BB_BR AMMO:8
Бал.блок       9dea57b  47 Koord X: 7231000     Y: 5835000     Speed:9119     X: 2396     Y: -8799    Ttl 215
[RLS3_Dnepr] В 13:51:14:899 Обнаружена цель id:e96b4bs с координатами 7530440 1114696 тип:SAM скорость:240
[КП от RLS3_Dnepr] Обнаружена цель id:e96b4bs координаты X:7530440 Y:1114696 тип:SAM скорость:240
[SPRO_Omsk] Цель id:421f29b УНИЧТОЖЕНА
[КП от SPRO_Omsk] >>> Цель id:421f29b УНИЧТОЖЕНА (BB_BR) <<<
[35mСамолет        770625s  26 Koord X: 11236264    Y: 4197552     Speed:185      X: -148     Y: 111      Пропала[0m
Самолет        01d55es  26 Koord X: 7385000     Y: 7205000     Speed:231      X: -126     Y: -194     Ttl  45
[RLS3_Dnepr] В 13:52:06:764 Обнаружена цель id:4857afs с координатами 8905512 1019344 тип:SAM скорость:116
[КП от RLS3_Dnepr] Обнаружена цель id:4857afs координаты X:8905512 Y:1019344 тип:SAM скорость:116
[SPRO_Omsk] В 13:52:18:131 Обнаружена цель id:29ce28s координаты 5205470 4739458 тип:SAM скорость:169
[КП от SPRO_Omsk] Обнаружена цель id:29ce28s координаты X:5205470 Y:4739458 тип:SAM скорость:169
[RLS3_Dnepr] В 13:52:26:053 Обнаружена цель id:c3a711s с координатами 8007820 1968610 тип:SAM скорость:154
[КП от RLS3_Dnepr] Обнаружена цель id:c3a711s координаты X:8007820 Y:1968610 тип:SAM скорость:154
[35mСамолет        37bf89s   5 Koord X: 6768171     Y: 6590991     Speed:84       X: -69      Y: -49      Пропала[0m
[35mСамолет        41e37es  13 Koord X: 6963688     Y: 3245831     Speed:193      X: -32      Y: 191      Пропала[0m
[SPRO_Omsk] В 13:52:39:591 Обнаружена цель id:b19de1r координаты 5230859 3014466 тип:KR скорость:908
[КП от SPRO_Omsk] Обнаружена цель id:b19de1r координаты X:5230859 Y:3014466 тип:KR скорость:908
Бал.блок       f60f89b   5 Koord X: 5162000     Y: 3032000     Speed:9216     X: 8040     Y: 4506     Ttl 154
Бал.блок       4f9c7ab  13 Koord X: 6410000     Y: 4539000     Speed:8147     X: -5728    Y: -5794    Ttl 264
[35mК.ракета       cdab0er   4 Koord X: 7036514     Y: 2397930     Speed:547      X: 198      Y: 510      Пропала[0m
[35mК.ракета       2df17ar  12 Koord X: 7083457     Y: 3373412     Speed:846      X: 499      Y: 684      Пропала[0m
[SPRO_Omsk] В 13:52:54:664 Обнаружена цель id:1131bcb координаты 4361904 4709231 тип:BB_BR скорость:9592
[SPRO_Omsk] Стрельба по цели id:1131bcb тип:BB_BR. Осталось противоракет: 7
[КП от SPRO_Omsk] Обнаружена цель id:1131bcb координаты X:4361904 Y:4709231 тип:BB_BR скорость:9592
Бал.блок       c7c55db   4 Koord X: 7339000     Y: 4293000     Speed:8347     X: -4361    Y: 7118     Ttl 136
[КП от SPRO_Omsk] Стрельба по цели id:1131bcb тип:BB_BR AMMO:7
Самолет        b65d21s  12 Koord X: 4726000     Y: 2536000     Speed:137      X: 137      Y: 0        Ttl  53
[31mБал.блок       1131bcb  19 Koord X: 4362192     Y: 4728413     Speed:9592     X: 144      Y: 9591     		Промах SPRO_Omsk[0m
[35mК.ракета       7ebe74r  34 Koord X: 8050148     Y: 2134872     Speed:392      X: -383     Y: 88       Пропала[0m
[RLS1_Voronezh] В 13:53:04:416 Обнаружена цель id:7a05b1s с координатами 1681230 919624 тип:SAM скорость:70
Бал.блок       0f6f14b  34 Koord X: 3970000     Y: 1960000     Speed:9083     X: 4006     Y: 8152     Ttl 135
[КП от RLS1_Voronezh] Обнаружена цель id:7a05b1s координаты X:1681230 Y:919624 тип:SAM скорость:70
[SPRO_Omsk] В 13:53:14:065 Обнаружена цель id:3791a1s координаты 5250334 3788085 тип:SAM скорость:113
[RLS3_Dnepr] В 13:53:17:885 Обнаружена цель id:b6ae61b с координатами 5803180 1159576 тип:BB_BR скорость:9439
[RLS3_Dnepr] Цель id:b6ae61b движется в направлении СПРО
[КП от RLS3_Dnepr] Обнаружена цель id:b6ae61b координаты X:5803180 Y:1159576 тип:BB_BR скорость:9439
[КП от RLS3_Dnepr] !!! цель движется в направлении СПРО id:b6ae61b !!!
[КП от SPRO_Omsk] Обнаружена цель id:3791a1s координаты X:5250334 Y:3788085 тип:SAM скорость:113
[RLS1_Voronezh] В 13:53:26:668 Обнаружена цель id:7db36fr с координатами 1878264 2493504 тип:KR скорость:334
[35mБал.блок       a084c5b   7 Koord X: 9230847     Y: 6099206     Speed:9656     X: -1697    Y: -9506    Пропала[0m
[КП от RLS1_Voronezh] Обнаружена цель id:7db36fr координаты X:1878264 Y:2493504 тип:KR скорость:334
Самолет        1488fas   7 Koord X: 5425000     Y: 3582000     Speed:59       X: 1        Y: 59       Ttl 103
[35mСамолет        707e15s  15 Koord X: 11251250    Y: 3863200     Speed:116      X: -15      Y: -116     Пропала[0m
[SPRO_Omsk] ПРОМАХ по цели id:1131bcb
[КП от SPRO_Omsk] ПРОМАХ по цели id:1131bcb (BB_BR)
Самолет        30e2dds  15 Koord X: 7055000     Y: 7300000     Speed:220      X: -128     Y: -180     Ttl 138
[RLS3_Dnepr] В 13:53:41:146 Обнаружена цель id:e96b4bs с координатами 7534695 1118238 тип:SAM скорость:240
[35mСамолет        29ce28s  24 Koord X: 5204705     Y: 4736687     Speed:169      X: -45      Y: -163     Пропала[0m
[КП от RLS3_Dnepr] Обнаружена цель id:e96b4bs координаты X:7534695 Y:1118238 тип:SAM скорость:240
Бал.блок       c9004ab  24 Koord X: 6051000     Y: 1401000     Speed:9735     X: 9527     Y: 2006     Ttl 150
[RLS3_Dnepr] В 13:53:54:583 Обнаружена цель id:cdab0er с координатами 7036514 2397930 тип:KR скорость:547
[КП от RLS3_Dnepr] Обнаружена цель id:cdab0er координаты X:7036514 Y:2397930 тип:KR скорость:547
[35mК.ракета       6f91c5r  37 Koord X: 9384130     Y: 3823276     Speed:728      X: -405     Y: -606     Пропала[0m
[SPRO_Omsk] В 13:54:03:352 Обнаружена цель id:f60f89b координаты 5242400 3077060 тип:BB_BR скорость:9216
[31mБал.блок       f60f89b   5 Koord X: 5258480     Y: 3086072     Speed:9216     X: 8040     Y: 4506     		Промах SPRO_Omsk[0m
[SPRO_Omsk] Стрельба по цели id:f60f89b тип:BB_BR. Осталось противоракет: 6
[КП от SPRO_Omsk] Обнаружена цель id:f60f89b координаты X:5242400 Y:3077060 тип:BB_BR скорость:9216
[КП от SPRO_Omsk] Стрельба по цели id:f60f89b тип:BB_BR AMMO:6
Бал.блок       bb42bab  37 Koord X: 2125000     Y: 3664000     Speed:9615     X: 7301     Y: -6258    Ttl 133
[RLS3_Dnepr] В 13:54:11:533 Обнаружена цель id:1d4472s с координатами 6240452 2334968 тип:SAM скорость:100
[КП от RLS3_Dnepr] Обнаружена цель id:1d4472s координаты X:6240452 Y:2334968 тип:SAM скорость:100
[35mК.ракета       c94c64r  50 Koord X: 5039936     Y: 4070008     Speed:372      X: 106      Y: -357     Пропала[0m
Бал.блок       d6bb36b  50 Koord X: 5116000     Y: 1165000     Speed:9035     X: 3169     Y: 8462     Ttl  74
[SPRO_Omsk] ПРОМАХ по цели id:f60f89b
[35mБал.блок       2bf62bb  35 Koord X: 10727468    Y: 4520358     Speed:8264     X: -1686    Y: -8091    Пропала[0m
[КП от SPRO_Omsk] ПРОМАХ по цели id:f60f89b (BB_BR)
Бал.блок       89ba1ab  35 Koord X: 3345000     Y: 5930000     Speed:9946     X: 2176     Y: -9706    Ttl  58
[SPRO_Omsk] В 13:54:59:577 Обнаружена цель id:b65d21s координаты 4728329 2536000 тип:SAM скорость:137
[КП от SPRO_Omsk] Обнаружена цель id:b65d21s координаты X:4728329 Y:2536000 тип:SAM скорость:137
[RLS3_Dnepr] В 13:55:05:794 Обнаружена цель id:c9004ab с координатами 6136743 1419054 тип:BB_BR скорость:9735
[КП от RLS3_Dnepr] Обнаружена цель id:c9004ab координаты X:6136743 Y:1419054 тип:BB_BR скорость:9735
[35mК.ракета       1603cdr  28 Koord X: 9143305     Y: 4385925     Speed:907      X: -503     Y: -755     Пропала[0m
К.ракета       3b0e75r  28 Koord X: 8154000     Y: 4499000     Speed:295      X: -139     Y: 261      Ttl 107
[SPRO_Omsk] В 13:55:16:784 Обнаружена цель id:3791a1s координаты 5249094 3789985 тип:SAM скорость:113
[КП от SPRO_Omsk] Обнаружена цель id:3791a1s координаты X:5249094 Y:3789985 тип:SAM скорость:113
[RLS1_Voronezh] В 13:55:30:829 Обнаружена цель id:7a05b1s с координатами 1681920 921096 тип:SAM скорость:70
[КП от RLS1_Voronezh] Обнаружена цель id:7a05b1s координаты X:1681920 Y:921096 тип:SAM скорость:70
[SPRO_Omsk] В 13:55:38:085 Обнаружена цель id:1488fas координаты 5425016 3582944 тип:SAM скорость:59
[КП от SPRO_Omsk] Обнаружена цель id:1488fas координаты X:5425016 Y:3582944 тип:SAM скорость:59
[RLS1_Voronezh] В 13:55:48:208 Обнаружена цель id:7db36fr с координатами 1884408 2498688 тип:KR скорость:334
[SPRO_Omsk] В 13:55:52:825 Обнаружена цель id:4f9c7ab координаты 6249616 4376768 тип:BB_BR скорость:8147
[SPRO_Omsk] Стрельба по цели id:4f9c7ab тип:BB_BR. Осталось противоракет: 5
[32mБал.блок       4f9c7ab  13 Koord X: 6238160     Y: 4365180     Speed:8147     X: -5728    Y: -5794    		Уничтожена SPRO_Omsk[0m
[КП от RLS1_Voronezh] Обнаружена цель id:7db36fr координаты X:1884408 Y:2498688 тип:KR скорость:334
[КП от SPRO_Omsk] Обнаружена цель id:4f9c7ab координаты X:6249616 Y:4376768 тип:BB_BR скорость:8147
[КП от SPRO_Omsk] Стрельба по цели id:4f9c7ab тип:BB_BR AMMO:5
[RLS3_Dnepr] В 13:55:57:818 Обнаружена цель id:e96b4bs с координатами 7539135 1121934 тип:SAM скорость:240
[КП от RLS3_Dnepr] Обнаружена цель id:e96b4bs координаты X:7539135 Y:1121934 тип:SAM скорость:240
Самолет        b393a6s  13 Koord X: 5541000     Y: 6769000     Speed:142      X: -89      Y: -111     Ttl  26
[ZRDN3_Mahachkala] В 13:56:01:112 Обнаружена цель id:0f6f14b координаты 4074156 2171952 тип:BB_BR скорость:9083
[КП от ZRDN3_Mahachkala] Обнаружена цель id:0f6f14b координаты X:4074156 Y:2171952 тип:BB_BR скорость:9083
[RLS3_Dnepr] В 13:56:18:445 Обнаружена цель id:d6bb36b с координатами 5163535 1291930 тип:BB_BR скорость:9035
[RLS3_Dnepr] Цель id:d6bb36b движется в направлении СПРО
[КП от RLS3_Dnepr] Обнаружена цель id:d6bb36b координаты X:5163535 Y:1291930 тип:BB_BR скорость:9035
[КП от RLS3_Dnepr] !!! цель движется в направлении СПРО id:d6bb36b !!!
[35mСамолет        01d55es  26 Koord X: 7379330     Y: 7196270     Speed:231      X: -126     Y: -194     Пропала[0m
[35mСамолет        9fab7ds  32 Koord X: 1345936     Y: 5288408     Speed:236      X: 12       Y: 236      Пропала[0m
Бал.блок       9cfb69b  26 Koord X: 2953000     Y: 4842000     Speed:8588     X: 7267     Y: -4578    Ttl 275
[35mБал.блок       74dca6b  27 Koord X: 4230080     Y: 5111972     Speed:9589     X: 1520     Y: 9468     Пропала[0m
Самолет        227333s  32 Koord X: 10341000    Y: 980000      Speed:246      X: -10      Y: 246      Ttl 174
[SPRO_Omsk] Цель id:4f9c7ab УНИЧТОЖЕНА
[КП от SPRO_Omsk] >>> Цель id:4f9c7ab УНИЧТОЖЕНА (BB_BR) <<<
К.ракета       b530a2r  27 Koord X: 9844000     Y: 5149000     Speed:765      X: -56      Y: 763      Ttl  53
[SPRO_Omsk] В 13:56:51:353 Обнаружена цель id:f60f89b координаты 5459480 3198722 тип:BB_BR скорость:9216
[SPRO_Omsk] Стрельба по цели id:f60f89b тип:BB_BR. Осталось противоракет: 4
[КП от SPRO_Omsk] Обнаружена цель id:f60f89b координаты X:5459480 Y:3198722 тип:BB_BR скорость:9216
[КП от SPRO_Omsk] Стрельба по цели id:f60f89b тип:BB_BR AMMO:4
[31mБал.блок       f60f89b   5 Koord X: 5483600     Y: 3212240     Speed:9216     X: 8040     Y: 4506     		Промах SPRO_Omsk[0m
[35mСамолет        1d4472s   6 Koord X: 6243140     Y: 2336760     Speed:100      X: 84       Y: 56       Пропала[0m
[RLS3_Dnepr] В 13:57:09:706 Обнаружена цель id:b6ae61b с координатами 5521790 1382028 тип:BB_BR скорость:9439
[RLS3_Dnepr] Цель id:b6ae61b движется в направлении СПРО
[КП от RLS3_Dnepr] Обнаружена цель id:b6ae61b координаты X:5521790 Y:1382028 тип:BB_BR скорость:9439
[КП от RLS3_Dnepr] !!! цель движется в направлении СПРО id:b6ae61b !!!
Самолет        039aaas   6 Koord X: 10944000    Y: 6976000     Speed:96       X: -82      Y: -51      Ttl 135
[35mК.ракета       141f69r  31 Koord X: 7372256     Y: 4844546     Speed:560      X: -404     Y: -389     Пропала[0m
Самолет        5e7edfs  31 Koord X: 2768000     Y: 2954000     Speed:155      X: 42       Y: 150      Ttl  73
[RLS3_Dnepr] В 13:57:29:999 Обнаружена цель id:4857afs с координатами 8899735 1021570 тип:SAM скорость:116
[SPRO_Omsk] ПРОМАХ по цели id:f60f89b
[КП от RLS3_Dnepr] Обнаружена цель id:4857afs координаты X:8899735 Y:1021570 тип:SAM скорость:116
[35mК.ракета       95e7bcr  29 Koord X: 7642224     Y: 5053152     Speed:918      X: -202     Y: -896     Пропала[0m
[КП от SPRO_Omsk] ПРОМАХ по цели id:f60f89b (BB_BR)
[35mБал.блок       bd6d8bb   1 Koord X: 7738008     Y: 5127949     Speed:9908     X: -3528    Y: -9259    Пропала[0m
К.ракета       18969cr  29 Koord X: 4516000     Y: 1931000     Speed:774      X: 720      Y: 286      Ttl  20
Самолет        986ad8s   1 Koord X: 5551000     Y: 3857000     Speed:166      X: 16       Y: -166     Ttl  97
[35mСамолет        525bfes  42 Koord X: 3279220     Y: 7432950     Speed:156      X: 58       Y: -145     Пропала[0m
[SPRO_Omsk] В 13:57:47:694 Обнаружена цель id:b19de1r координаты 5271209 3035366 тип:KR скорость:908
[RLS3_Dnepr] В 13:57:48:685 Обнаружена цель id:1d4472s с координатами 6243140 2336760 тип:SAM скорость:100
Самолет        232387s  42 Koord X: 4779000     Y: 2797000     Speed:68       X: 66       Y: 20       Ttl  98
[35mК.ракета       92738fr  30 Koord X: 5996944     Y: 2943060     Speed:958      X: 782      Y: 555      Пропала[0m
[КП от RLS3_Dnepr] Обнаружена цель id:1d4472s координаты X:6243140 Y:2336760 тип:SAM скорость:100
[КП от SPRO_Omsk] Обнаружена цель id:b19de1r координаты X:5271209 Y:3035366 тип:KR скорость:908
Бал.блок       131baab  30 Koord X: 5197000     Y: 4897000     Speed:8383     X: 7793     Y: 3092     Ttl 199
[SPRO_Omsk] В 13:58:00:931 Обнаружена цель id:3791a1s координаты 5247358 3792645 тип:SAM скорость:113
[КП от SPRO_Omsk] Обнаружена цель id:3791a1s координаты X:5247358 Y:3792645 тип:SAM скорость:113
[ZRDN3_Mahachkala] В 13:58:07:879 Обнаружена цель id:0f6f14b координаты 4154276 2334992 тип:BB_BR скорость:9083
[КП от ZRDN3_Mahachkala] Обнаружена цель id:0f6f14b координаты X:4154276 Y:2334992 тип:BB_BR скорость:9083
[35mСамолет        b65d21s  12 Koord X: 4733261     Y: 2536000     Speed:137      X: 137      Y: 0        Пропала[0m
[RLS1_Voronezh] В 13:58:26:914 Обнаружена цель id:7a05b1s с координатами 1682790 922952 тип:SAM скорость:70
[КП от RLS1_Voronezh] Обнаружена цель id:7a05b1s координаты X:1682790 Y:922952 тип:SAM скорость:70
К.ракета       ca6d6cr  12 Koord X: 7300000     Y: 2141000     Speed:313      X: 104      Y: 296      Ttl 157
[35mСамолет        b393a6s  13 Koord X: 5538686     Y: 6766114     Speed:142      X: -89      Y: -111     Пропала[0m
[RLS3_Dnepr] В 13:58:42:034 Обнаружена цель id:c9004ab с координатами 6470188 1489264 тип:BB_BR скорость:9735
[КП от RLS3_Dnepr] Обнаружена цель id:c9004ab координаты X:6470188 Y:1489264 тип:BB_BR скорость:9735
К.ракета       7ab9bbr  13 Koord X: 4373000     Y: 2699000     Speed:359      X: 98       Y: 346      Ttl 168
[RLS1_Voronezh] В 13:58:47:370 Обнаружена цель id:7db36fr с координатами 1891832 2504952 тип:KR скорость:334
[SPRO_Omsk] В 13:58:54:148 Обнаружена цель id:232387s координаты 4779528 2797160 тип:SAM скорость:68
[КП от RLS1_Voronezh] Обнаружена цель id:7db36fr координаты X:1891832 Y:2504952 тип:KR скорость:334
[КП от SPRO_Omsk] Обнаружена цель id:232387s координаты X:4779528 Y:2797160 тип:SAM скорость:68
[RLS3_Dnepr] В 13:58:56:691 Обнаружена цель id:c3a711s с координатами 7998200 1971600 тип:SAM скорость:154
[КП от RLS3_Dnepr] Обнаружена цель id:c3a711s координаты X:7998200 Y:1971600 тип:SAM скорость:154
[SPRO_Omsk] В 13:59:09:671 Обнаружена цель id:dfa761s координаты 6706292 3986830 тип:SAM скорость:193
[КП от SPRO_Omsk] Обнаружена цель id:dfa761s координаты X:6706292 Y:3986830 тип:SAM скорость:193
[35mБал.блок       8cfa39b  46 Koord X: 2879546     Y: 5091134     Speed:9963     X: 241      Y: -9961    Пропала[0m
Бал.блок       bdb448b  46 Koord X: 6280000     Y: 1612000     Speed:9725     X: -26      Y: 9725     Ttl 174
[35mК.ракета       18969cr  29 Koord X: 4530400     Y: 1936720     Speed:774      X: 720      Y: 286      Пропала[0m
К.ракета       16294er  29 Koord X: 6834000     Y: 5587000     Speed:671      X: -434     Y: -513     Ttl 125
[RLS3_Dnepr] В 13:59:51:285 Обнаружена цель id:b6ae61b с координатами 5321855 1540086 тип:BB_BR скорость:9439
[RLS3_Dnepr] Цель id:b6ae61b движется в направлении СПРО
[КП от RLS3_Dnepr] Обнаружена цель id:b6ae61b координаты X:5321855 Y:1540086 тип:BB_BR скорость:9439
[КП от RLS3_Dnepr] !!! цель движется в направлении СПРО id:b6ae61b !!!
[SPRO_Omsk] В 14:00:03:548 Обнаружена цель id:b19de1r координаты 5290577 3045398 тип:KR скорость:908
[КП от SPRO_Omsk] Обнаружена цель id:b19de1r координаты X:5290577 Y:3045398 тип:KR скорость:908
[RLS3_Dnepr] В 14:00:08:691 Обнаружена цель id:e96b4bs с координатами 7546720 1128248 тип:SAM скорость:240
[КП от RLS3_Dnepr] Обнаружена цель id:e96b4bs координаты X:7546720 Y:1128248 тип:SAM скорость:240
[SPRO_Omsk] В 14:00:23:157 Обнаружена цель id:3791a1s координаты 5245932 3794830 тип:SAM скорость:113
[КП от SPRO_Omsk] Обнаружена цель id:3791a1s координаты X:5245932 Y:3794830 тип:SAM скорость:113
[RLS3_Dnepr] В 14:00:29:702 Обнаружена цель id:4857afs с координатами 8896465 1022830 тип:SAM скорость:116
[КП от RLS3_Dnepr] Обнаружена цель id:4857afs координаты X:8896465 Y:1022830 тип:SAM скорость:116
[35mБал.блок       9f7d59b  39 Koord X: 9277418     Y: 5442508     Speed:8702     X: -778     Y: -8668    Пропала[0m
Бал.блок       77e5b6b  39 Koord X: 6378000     Y: 2359000     Speed:9525     X: -5254    Y: 7946     Ttl 156
[SPRO_Omsk] В 14:00:44:985 Обнаружена цель id:131baab координаты 5384032 4971208 тип:BB_BR скорость:8383
[SPRO_Omsk] Стрельба по цели id:131baab тип:BB_BR. Осталось противоракет: 3
[32mБал.блок       131baab  30 Koord X: 5407411     Y: 4980484     Speed:8383     X: 7793     Y: 3092     		Уничтожена SPRO_Omsk[0m
[35mБал.блок       89ba1ab  35 Koord X: 3471208     Y: 5367052     Speed:9946     X: 2176     Y: -9706    Пропала[0m
[RLS3_Dnepr] В 14:00:48:132 Обнаружена цель id:ca6d6cr с координатами 7302080 2146920 тип:KR скорость:313
[RLS1_Voronezh] В 14:00:49:651 Обнаружена цель id:7a05b1s с координатами 1683540 924552 тип:SAM скорость:70
Бал.блок       fa96b7b  30 Koord X: 7316000     Y: 2793000     Speed:9116     X: 6874     Y: 5988     Ttl  78
Бал.блок       524e19b  35 Koord X: 7658000     Y: 3604000     Speed:8816     X: -146     Y: -8815    Ttl  78
[КП от RLS1_Voronezh] Обнаружена цель id:7a05b1s координаты X:1683540 Y:924552 тип:SAM скорость:70
[КП от RLS3_Dnepr] Обнаружена цель id:ca6d6cr координаты X:7302080 Y:2146920 тип:KR скорость:313
[КП от SPRO_Omsk] Обнаружена цель id:131baab координаты X:5384032 Y:4971208 тип:BB_BR скорость:8383
[КП от SPRO_Omsk] Стрельба по цели id:131baab тип:BB_BR AMMO:3
[RLS1_Voronezh] В 14:01:07:087 Обнаружена цель id:7db36fr с координатами 1897976 2510136 тип:KR скорость:334
[КП от RLS1_Voronezh] Обнаружена цель id:7db36fr координаты X:1897976 Y:2510136 тип:KR скорость:334
[35mБал.блок       b53611b  10 Koord X: 6788888     Y: 4479112     Speed:9316     X: -8953    Y: 2578     Пропала[0m
Бал.блок       6e2cc2b  10 Koord X: 5269000     Y: 4453000     Speed:9703     X: -7613    Y: -6017    Ttl 122
[35mБал.блок       728be9b  43 Koord X: 7716416     Y: 6629556     Speed:8245     X: 916      Y: -8194    Пропала[0m
К.ракета       29a154r  43 Koord X: 10168000    Y: 3707000     Speed:394      X: -392     Y: 48       Ttl 129
[35mСамолет        dfa761s  45 Koord X: 6708684     Y: 3982410     Speed:193      X: 92       Y: -170     Пропала[0m
[SPRO_Omsk] Цель id:131baab УНИЧТОЖЕНА
[КП от SPRO_Omsk] >>> Цель id:131baab УНИЧТОЖЕНА (BB_BR) <<<
Бал.блок       348764b  45 Koord X: 11328000    Y: 2516000     Speed:8928     X: -6926    Y: 5635     Ttl  48
[35mСамолет        e9a411s  44 Koord X: 2037760     Y: 4313070     Speed:244      X: 52       Y: 239      Пропала[0m
[35mСамолет        7a05b1s  49 Koord X: 1683900     Y: 925320      Speed:70       X: 30       Y: 64       Пропала[0m
[RLS3_Dnepr] В 14:01:47:052 Обнаружена цель id:d6bb36b с координатами 5334661 1748878 тип:BB_BR скорость:9035
[RLS3_Dnepr] Цель id:d6bb36b движется в направлении СПРО
К.ракета       beffedr  44 Koord X: 4065000     Y: 3222000     Speed:397      X: 144      Y: 371      Ttl 169
К.ракета       8054bcr  49 Koord X: 8767000     Y: 8088000     Speed:552      X: -499     Y: -238     Ttl  99
[35mБал.блок       d6bb36b  50 Koord X: 5350506     Y: 1791188     Speed:9035     X: 3169     Y: 8462     Пропала[0m
[КП от RLS3_Dnepr] Обнаружена цель id:d6bb36b координаты X:5334661 Y:1748878 тип:BB_BR скорость:9035
[КП от RLS3_Dnepr] !!! цель движется в направлении СПРО id:d6bb36b !!!
Бал.блок       9baec5b  50 Koord X: 3433000     Y: 1448000     Speed:9704     X: 3446     Y: 9072     Ttl  10
[35mК.ракета       b530a2r  27 Koord X: 9841032     Y: 5189439     Speed:765      X: -56      Y: 763      Пропала[0m
К.ракета       ae973fr  27 Koord X: 10543000    Y: 2158000     Speed:923      X: -127     Y: 915      Ttl  90
[SPRO_Omsk] В 14:02:13:531 Обнаружена цель id:f60f89b координаты 5885600 3437540 тип:BB_BR скорость:9216
[SPRO_Omsk] Стрельба по цели id:f60f89b тип:BB_BR. Осталось противоракет: 2
[32mБал.блок       f60f89b   5 Koord X: 5909720     Y: 3451058     Speed:9216     X: 8040     Y: 4506     		Уничтожена SPRO_Omsk[0m
[35mБал.блок       54a101b  21 Koord X: 3186280     Y: 5180080     Speed:9971     X: 3480     Y: -9345    Пропала[0m
Самолет        010486s   5 Koord X: 8587000     Y: 4538000     Speed:222      X: -222     Y: 0        Ttl 186
К.ракета       fd397fr  21 Koord X: 2811000     Y: 8090000     Speed:813      X: 659      Y: -477     Ttl 158
[КП от SPRO_Omsk] Обнаружена цель id:f60f89b координаты X:5885600 Y:3437540 тип:BB_BR скорость:9216
[КП от SPRO_Omsk] Стрельба по цели id:f60f89b тип:BB_BR AMMO:2
[SPRO_Omsk] В 14:02:36:556 Обнаружена цель id:1488fas координаты 5425085 3587015 тип:SAM скорость:59
[КП от SPRO_Omsk] Обнаружена цель id:1488fas координаты X:5425085 Y:3587015 тип:SAM скорость:59
[RLS3_Dnepr] В 14:02:44:282 Обнаружена цель id:fa96b7b с координатами 7412236 2876832 тип:BB_BR скорость:9116
[RLS2_Daryal] В 14:02:52:400 Обнаружена цель id:8054bcr с координатами 8764006 8086572 тип:KR скорость:552
[SPRO_Omsk] В 14:02:54:676 Обнаружена цель id:6e2cc2b координаты 5177644 4380796 тип:BB_BR скорость:9703
[SPRO_Omsk] Стрельба по цели id:6e2cc2b тип:BB_BR. Осталось противоракет: 1
[32mБал.блок       6e2cc2b  10 Koord X: 5154805     Y: 4362745     Speed:9703     X: -7613    Y: -6017    		Уничтожена SPRO_Omsk[0m
[КП от RLS2_Daryal] Обнаружена цель id:8054bcr координаты X:8764006 Y:8086572 тип:KR скорость:552
[SPRO_Omsk] Цель id:f60f89b УНИЧТОЖЕНА
[КП от RLS3_Dnepr] Обнаружена цель id:fa96b7b координаты X:7412236 Y:2876832 тип:BB_BR скорость:9116
[КП от SPRO_Omsk] Обнаружена цель id:6e2cc2b координаты X:5177644 Y:4380796 тип:BB_BR скорость:9703
[КП от SPRO_Omsk] Стрельба по цели id:6e2cc2b тип:BB_BR AMMO:1
[КП от SPRO_Omsk] >>> Цель id:f60f89b УНИЧТОЖЕНА (BB_BR) <<<
[ZRDN1_Orenburg] В 14:02:59:309 Обнаружена цель id:beffedr координаты 4066152 3224968 тип:KR скорость:397
[32mК.ракета       beffedr  44 Koord X: 4066440     Y: 3225710     Speed:397      X: 144      Y: 371      		Уничтожена ZRDN1_Orenburg[0m
[ZRDN1_Orenburg] Стрельба по цели id:beffedr тип:KR. Осталось ракет: 19
[35mБал.блок       9baec5b  50 Koord X: 3467460     Y: 1538720     Speed:9704     X: 3446     Y: 9072     Пропала[0m
[КП от ZRDN1_Orenburg] Обнаружена цель id:beffedr координаты X:4066152 Y:3224968 тип:KR скорость:397
[RLS3_Dnepr] В 14:03:00:254 Обнаружена цель id:c9004ab с координатами 6879849 1575522 тип:BB_BR скорость:9735
[КП от ZRDN1_Orenburg] Стрельба по цели id:beffedr тип:KR AMMO:19
[КП от RLS3_Dnepr] Обнаружена цель id:c9004ab координаты X:6879849 Y:1575522 тип:BB_BR скорость:9735
К.ракета       f6634br  10 Koord X: 5885000     Y: 7806000     Speed:803      X: -648     Y: -475     Ttl  81
[35mБал.блок       be6947b  11 Koord X: 10558434    Y: 6160059     Speed:9462     X: -962     Y: 9413     Пропала[0m
Самолет        66aed9s  44 Koord X: 3320000     Y: 2297000     Speed:93       X: 89       Y: 30       Ttl 173
[35mК.ракета       7db36fr  48 Koord X: 1903608     Y: 2514888     Speed:334      X: 256      Y: 216      Пропала[0m
Самолет        37f714s  50 Koord X: 1926000     Y: 4316000     Speed:125      X: 123      Y: -27      Ttl  71
К.ракета       80931er  11 Koord X: 7529000     Y: 6011000     Speed:647      X: 595      Y: -256     Ttl 107
Бал.блок       ab06a8b  48 Koord X: 4283000     Y: 6997000     Speed:8918     X: 7331     Y: -5079    Ttl  92
[RLS1_Voronezh] В 14:03:15:181 Обнаружена цель id:9baec5b с координатами 3464014 1529648 тип:BB_BR скорость:9704
[RLS1_Voronezh] Цель id:9baec5b движется в направлении СПРО
[35mСамолет        3791a1s  16 Koord X: 5244010     Y: 3797775     Speed:113      X: -62      Y: 95       Пропала[0m
[RLS3_Dnepr] В 14:03:19:856 Обнаружена цель id:c3a711s с координатами 7991984 1973532 тип:SAM скорость:154
К.ракета       77abd8r  16 Koord X: 1462000     Y: 4387000     Speed:662      X: 661      Y: 51       Ttl 166
[35mСамолет        c3a711s  18 Koord X: 7991392     Y: 1973716     Speed:154      X: -148     Y: 46       Пропала[0m
[КП от RLS1_Voronezh] Обнаружена цель id:9baec5b координаты X:3464014 Y:1529648 тип:BB_BR скорость:9704
[КП от RLS1_Voronezh] !!! цель движется в направлении СПРО id:9baec5b !!!
[КП от RLS3_Dnepr] Обнаружена цель id:c3a711s координаты X:7991984 Y:1973532 тип:SAM скорость:154
Самолет        3d42f6s  18 Koord X: 11003000    Y: 6322000     Speed:67       X: 0        Y: -67      Ttl 125
[SPRO_Omsk] Цель id:6e2cc2b УНИЧТОЖЕНА
[RLS1_Voronezh] В 14:03:38:470 Обнаружена цель id:7db36fr с координатами 1903608 2514888 тип:KR скорость:334
[КП от RLS1_Voronezh] Обнаружена цель id:7db36fr координаты X:1903608 Y:2514888 тип:KR скорость:334
[КП от SPRO_Omsk] >>> Цель id:6e2cc2b УНИЧТОЖЕНА (BB_BR) <<<
[ZRDN1_Orenburg] Цель id:beffedr УНИЧТОЖЕНА
[35mБал.блок       b6ae61b   8 Koord X: 5018250     Y: 1780100     Speed:9439     X: -7405    Y: 5854     Пропала[0m
[КП от ZRDN1_Orenburg] >>> Цель id:beffedr УНИЧТОЖЕНА (KR) <<<
[SPRO_Omsk] В 14:03:57:148 Обнаружена цель id:986ad8s координаты 5551912 3847538 тип:SAM скорость:166
Бал.блок       ecf928b   8 Koord X: 6795000     Y: 4448000     Speed:8857     X: -6974    Y: 5461     Ttl 212
[КП от SPRO_Omsk] Обнаружена цель id:986ad8s координаты X:5551912 Y:3847538 тип:SAM скорость:166
[35mСамолет        1488fas   7 Koord X: 5425103     Y: 3588077     Speed:59       X: 1        Y: 59       Пропала[0m
[RLS3_Dnepr] В 14:04:13:222 Обнаружена цель id:77e5b6b с координатами 6215126 2605326 тип:BB_BR скорость:9525
[RLS3_Dnepr] Цель id:77e5b6b движется в направлении СПРО
К.ракета       ed5d5ar   7 Koord X: 6134000     Y: 5755000     Speed:969      X: -886     Y: -394     Ttl 172
[RLS1_Voronezh] В 14:04:23:942 Обнаружена цель id:77abd8r с координатами 1465966 4387306 тип:KR скорость:662
[КП от RLS1_Voronezh] Обнаружена цель id:77abd8r координаты X:1465966 Y:4387306 тип:KR скорость:662
[КП от RLS3_Dnepr] Обнаружена цель id:77e5b6b координаты X:6215126 Y:2605326 тип:BB_BR скорость:9525
[КП от RLS3_Dnepr] !!! цель движется в направлении СПРО id:77e5b6b !!!
[ZRDN1_Orenburg] В 14:04:27:596 Обнаружена цель id:0f6f14b координаты 4402648 2840416 тип:BB_BR скорость:9083
[КП от ZRDN1_Orenburg] Обнаружена цель id:0f6f14b координаты X:4402648 Y:2840416 тип:BB_BR скорость:9083
[RLS3_Dnepr] В 14:04:29:462 Обнаружена цель id:eb3247s с координатами 6948361 1458994 тип:SAM скорость:116
[КП от RLS3_Dnepr] Обнаружена цель id:eb3247s координаты X:6948361 Y:1458994 тип:SAM скорость:116
[SPRO_Omsk] В 14:04:43:221 Обнаружена цель id:b19de1r координаты 5326085 3063790 тип:KR скорость:908
[КП от SPRO_Omsk] Обнаружена цель id:b19de1r координаты X:5326085 Y:3063790 тип:KR скорость:908
[35mК.ракета       5969f2r  14 Koord X: 6173032     Y: 5787760     Speed:503      X: -352     Y: -360     Пропала[0m
[35mК.ракета       b19de1r  20 Koord X: 5329313     Y: 3065462     Speed:908      X: 807      Y: 418      Пропала[0m
Самолет        27e985s  14 Koord X: 5619000     Y: 4081000     Speed:108      X: -3       Y: -108     Ttl  96
Самолет        b7db4ds  20 Koord X: 7091000     Y: 1887000     Speed:221      X: 196      Y: 104      Ttl  23
[35mСамолет        5e7edfs  31 Koord X: 2771066     Y: 2964950     Speed:155      X: 42       Y: 150      Пропала[0m
К.ракета       5a35aer  31 Koord X: 1818000     Y: 2520000     Speed:738      X: 241      Y: 698      Ttl  14
[35mБал.блок       3ec5bfb  22 Koord X: 5057804     Y: 5801416     Speed:9394     X: -2989    Y: -8906    Пропала[0m
[35mСамолет        0a6b78s  25 Koord X: 11001575    Y: 4442200     Speed:172      X: -65      Y: 160      Пропала[0m
[RLS1_Voronezh] В 14:05:16:267 Обнаружена цель id:66aed9s с координатами 3321602 2297540 тип:SAM скорость:93
[ZRDN1_Orenburg] В 14:05:18:607 Обнаружена цель id:7ab9bbr координаты 4378978 2720106 тип:KR скорость:359
[ZRDN1_Orenburg] Стрельба по цели id:7ab9bbr тип:KR. Осталось ракет: 18
[31mК.ракета       7ab9bbr  13 Koord X: 4379174     Y: 2720798     Speed:359      X: 98       Y: 346      		Промах ZRDN1_Orenburg[0m
[RLS3_Dnepr] В 14:05:21:081 Обнаружена цель id:bdb448b с координатами 6278596 2137150 тип:BB_BR скорость:9725
[RLS3_Dnepr] Цель id:bdb448b движется в направлении СПРО
Самолет        1ee2fcs  22 Koord X: 5896000     Y: 3572000     Speed:100      X: -79      Y: 62       Ttl 185
Бал.блок       654a76b  25 Koord X: 2316000     Y: 4210000     Speed:8613     X: 5715     Y: -6445    Ttl 249
[КП от RLS1_Voronezh] Обнаружена цель id:66aed9s координаты X:3321602 Y:2297540 тип:SAM скорость:93
[RLS2_Daryal] В 14:05:25:669 Обнаружена цель id:8054bcr с координатами 8751531 8080622 тип:KR скорость:552
[КП от RLS3_Dnepr] Обнаружена цель id:bdb448b координаты X:6278596 Y:2137150 тип:BB_BR скорость:9725
[35mСамолет        e96b4bs   3 Koord X: 7556710     Y: 1136564     Speed:240      X: 185      Y: 154      Пропала[0m
[КП от RLS3_Dnepr] !!! цель движется в направлении СПРО id:bdb448b !!!
[КП от ZRDN1_Orenburg] Обнаружена цель id:7ab9bbr координаты X:4378978 Y:2720106 тип:KR скорость:359
[КП от ZRDN1_Orenburg] Стрельба по цели id:7ab9bbr тип:KR AMMO:18
[КП от RLS2_Daryal] Обнаружена цель id:8054bcr координаты X:8751531 Y:8080622 тип:KR скорость:552
К.ракета       ef5fear   3 Koord X: 5190000     Y: 1399000     Speed:703      X: 616      Y: 340      Ttl  99
[35mК.ракета       938a8ar  33 Koord X: 3260808     Y: 8008431     Speed:471      X: 424      Y: -207     Пропала[0m
[SPRO_Omsk] В 14:05:37:540 Обнаружена цель id:ecf928b координаты 6704338 4518993 тип:BB_BR скорость:8857
[SPRO_Omsk] Стрельба по цели id:ecf928b тип:BB_BR. Осталось противоракет: 0
[SPRO_Omsk] Боекомплект исчерпан! Переход в режим обнаружения
[КП от SPRO_Omsk] Обнаружена цель id:ecf928b координаты X:6704338 Y:4518993 тип:BB_BR скорость:8857
[КП от SPRO_Omsk] Стрельба по цели id:ecf928b тип:BB_BR AMMO:0
[КП] !!! SPRO_Omsk: боекомплект исчерпан! !!!
[31mБал.блок       ecf928b   8 Koord X: 6683416     Y: 4535376     Speed:8857     X: -6974    Y: 5461     		Промах SPRO_Omsk[0m
Бал.блок       95997ab  33 Koord X: 11245000    Y: 3394000     Speed:8349     X: -6190    Y: 5604     Ttl 111
[RLS3_Dnepr] В 14:05:45:854 Обнаружена цель id:524e19b с координатами 7651868 3233770 тип:BB_BR скорость:8816
[КП от RLS3_Dnepr] Обнаружена цель id:524e19b координаты X:7651868 Y:3233770 тип:BB_BR скорость:8816
[35mСамолет        7a4c6cs  38 Koord X: 7332760     Y: 5459490     Speed:125      X: -72      Y: -103     Пропала[0m
К.ракета       007a92r  38 Koord X: 10787000    Y: 7315000     Speed:765      X: -597     Y: -479     Ttl  36
[ZRDN1_Orenburg] ПРОМАХ по цели id:7ab9bbr
[КП от ZRDN1_Orenburg] ПРОМАХ по цели id:7ab9bbr (KR)
[35mК.ракета       3b0e75r  28 Koord X: 8139127     Y: 4526927     Speed:295      X: -139     Y: 261      Пропала[0m
[RLS1_Voronezh] В 14:06:19:930 Обнаружена цель id:5a35aer с координатами 1820169 2526282 тип:KR скорость:738
[SPRO_Omsk] ПРОМАХ по цели id:ecf928b
Самолет        7c04b5s  28 Koord X: 1351000     Y: 2115000     Speed:125      X: 26       Y: 123      Ttl  29
[КП от RLS1_Voronezh] Обнаружена цель id:5a35aer координаты X:1820169 Y:2526282 тип:KR скорость:738
[КП от SPRO_Omsk] ПРОМАХ по цели id:ecf928b (BB_BR)
[35mК.ракета       5a35aer  31 Koord X: 1821374     Y: 2529772     Speed:738      X: 241      Y: 698      Пропала[0m
[SPRO_Omsk] В 14:06:32:850 Обнаружена цель id:77e5b6b координаты 6104792 2772192 тип:BB_BR скорость:9525
[КП от SPRO_Omsk] Обнаружена цель id:77e5b6b координаты X:6104792 Y:2772192 тип:BB_BR скорость:9525
К.ракета       48303er  31 Koord X: 6314000     Y: 4722000     Speed:624      X: -583     Y: -225     Ttl 159
[RLS3_Dnepr] В 14:06:38:107 Обнаружена цель id:ef5fear с координатами 5193696 1401040 тип:KR скорость:703
[КП от RLS3_Dnepr] Обнаружена цель id:ef5fear координаты X:5193696 Y:1401040 тип:KR скорость:703
[35mБал.блок       348764b  45 Koord X: 10995552    Y: 2786480     Speed:8928     X: -6926    Y: 5635     Пропала[0m
Самолет        9669c2s  45 Koord X: 3690000     Y: 7929000     Speed:170      X: 71       Y: -155     Ttl 202
[SPRO_Omsk] В 14:06:52:857 Обнаружена цель id:232387s координаты 4784544 2798680 тип:SAM скорость:68
[КП от SPRO_Omsk] Обнаружена цель id:232387s координаты X:4784544 Y:2798680 тип:SAM скорость:68
[ZRDN1_Orenburg] В 14:06:57:911 Обнаружена цель id:0f6f14b координаты 4490780 3019760 тип:BB_BR скорость:9083
[КП от ZRDN1_Orenburg] Обнаружена цель id:0f6f14b координаты X:4490780 Y:3019760 тип:BB_BR скорость:9083
[35mБал.блок       c7c55db   4 Koord X: 6745904     Y: 5261048     Speed:8347     X: -4361    Y: 7118     Пропала[0m
[RLS2_Daryal] В 14:07:00:195 Обнаружена цель id:8054bcr с координатами 8744545 8077290 тип:KR скорость:552
[КП от RLS2_Daryal] Обнаружена цель id:8054bcr координаты X:8744545 Y:8077290 тип:KR скорость:552
[35mБал.блок       0f6f14b  34 Koord X: 4510810     Y: 3060520     Speed:9083     X: 4006     Y: 8152     Пропала[0m
Бал.блок       684cb3b   4 Koord X: 5016000     Y: 7840000     Speed:8779     X: 3324     Y: -8126    Ttl 140
К.ракета       2cb011r  34 Koord X: 10913000    Y: 4001000     Speed:666      X: -568     Y: -349     Ttl 115
[ZRDN3_Mahachkala] В 14:07:13:504 Обнаружена цель id:66aed9s координаты 3323204 2298080 тип:SAM скорость:93
[RLS1_Voronezh] В 14:07:13:512 Обнаружена цель id:66aed9s с координатами 3323204 2298080 тип:SAM скорость:93
[ZRDN3_Mahachkala] Стрельба по цели id:66aed9s тип:SAM. Осталось ракет: 19
[31mСамолет        66aed9s  44 Koord X: 3323382     Y: 2298140     Speed:93       X: 89       Y: 30       		Промах ZRDN3_Mahachkala[0m
[35mСамолет        b7db4ds  20 Koord X: 7095508     Y: 1889392     Speed:221      X: 196      Y: 104      Пропала[0m
[35mСамолет        eb3247s  41 Koord X: 6946471     Y: 1461934     Speed:116      X: -63      Y: 98       Пропала[0m
Бал.блок       5f7970b  20 Koord X: 5568000     Y: 1916000     Speed:9642     X: -1323    Y: 9551     Ttl 187
[КП от RLS1_Voronezh] Обнаружена цель id:66aed9s координаты X:3323204 Y:2298080 тип:SAM скорость:93
[КП от ZRDN3_Mahachkala] Обнаружена цель id:66aed9s координаты X:3323204 Y:2298080 тип:SAM скорость:93
[КП от ZRDN3_Mahachkala] Стрельба по цели id:66aed9s тип:SAM AMMO:19
Бал.блок       6d1104b  41 Koord X: 8096000     Y: 6494000     Speed:8827     X: -2744    Y: -8390    Ttl 156
[RLS3_Dnepr] В 14:07:29:451 Обнаружена цель id:524e19b с координатами 7649386 3083915 тип:BB_BR скорость:8816
[КП от RLS3_Dnepr] Обнаружена цель id:524e19b координаты X:7649386 Y:3083915 тип:BB_BR скорость:8816
[35mСамолет        986ad8s   1 Koord X: 5552552     Y: 3840898     Speed:166      X: 16       Y: -166     Пропала[0m
[SPRO_Omsk] В 14:07:44:836 Обнаружена цель id:27e985s координаты 5618928 4078408 тип:SAM скорость:108
К.ракета       82ec48r   1 Koord X: 7965000     Y: 7321000     Speed:745      X: -366     Y: -650     Ttl  40
[RLS3_Dnepr] В 14:07:50:758 Обнаружена цель id:eb3247s с координатами 6946471 1461934 тип:SAM скорость:116
[35mБал.блок       bb42bab  37 Koord X: 3096033     Y: 2831686     Speed:9615     X: 7301     Y: -6258    Пропала[0m
[КП от RLS3_Dnepr] Обнаружена цель id:eb3247s координаты X:6946471 Y:1461934 тип:SAM скорость:116
[КП от SPRO_Omsk] Обнаружена цель id:27e985s координаты X:5618928 Y:4078408 тип:SAM скорость:108
[35mСамолет        30e2dds  15 Koord X: 7037336     Y: 7275160     Speed:220      X: -128     Y: -180     Пропала[0m
[ZRDN3_Mahachkala] ПРОМАХ по цели id:66aed9s
[КП от ZRDN3_Mahachkala] ПРОМАХ по цели id:66aed9s (SAM)
К.ракета       5546ear  37 Koord X: 7095000     Y: 6351000     Speed:825      X: 104      Y: -819     Ttl 104
[35mСамолет        232387s  42 Koord X: 4785468     Y: 2798960     Speed:68       X: 66       Y: 20       Пропала[0m
Самолет        53838ds  15 Koord X: 7541000     Y: 3361000     Speed:198      X: 93       Y: 175      Ttl  37
Бал.блок       ecc3fdb  42 Koord X: 6127000     Y: 4647000     Speed:9796     X: 5382     Y: 8186     Ttl  37
[SPRO_Omsk] В 14:08:09:139 Обнаружена цель id:986ad8s координаты 5552552 3840898 тип:SAM скорость:166
[КП от SPRO_Omsk] Обнаружена цель id:986ad8s координаты X:5552552 Y:3840898 тип:SAM скорость:166
[35mК.ракета       888249r  40 Koord X: 3179444     Y: 6684835     Speed:667      X: 172      Y: -645     Пропала[0m
[RLS1_Voronezh] В 14:08:13:978 Обнаружена цель id:7c04b5s с координатами 1351364 2116722 тип:SAM скорость:125
Бал.блок       b6756bb  40 Koord X: 2660000     Y: 6568000     Speed:9606     X: 1887     Y: -9419    Ttl 185
[SPRO_Omsk] В 14:08:22:133 Обнаружена цель id:ecf928b координаты 6516040 4666440 тип:BB_BR скорость:8857
[SPRO_Omsk] Автопополнение боекомплекта: 10
[КП от RLS1_Voronezh] Обнаружена цель id:7c04b5s координаты X:1351364 Y:2116722 тип:SAM скорость:125
[КП от SPRO_Omsk] Обнаружена цель id:ecf928b координаты X:6516040 Y:4666440 тип:BB_BR скорость:8857
[КП] SPRO_Omsk: боекомплект пополнен AMMO:10
[RLS2_Daryal] В 14:08:26:990 Обнаружена цель id:007a92r с координатами 10775060 7305420 тип:KR скорость:765
[КП от RLS2_Daryal] Обнаружена цель id:007a92r координаты X:10775060 Y:7305420 тип:KR скорость:765
[RLS3_Dnepr] В 14:08:40:341 Обнаружена цель id:4857afs с координатами 8887963 1026106 тип:SAM скорость:116
[КП от RLS3_Dnepr] Обнаружена цель id:4857afs координаты X:8887963 Y:1026106 тип:SAM скорость:116
[35mБал.блок       d350d5b  17 Koord X: 5911388     Y: 5210371     Speed:8568     X: 4012     Y: -7571    Пропала[0m
[RLS3_Dnepr] В 14:09:01:787 Обнаружена цель id:ca6d6cr с координатами 7310192 2170008 тип:KR скорость:313
[КП от RLS3_Dnepr] Обнаружена цель id:ca6d6cr координаты X:7310192 Y:2170008 тип:KR скорость:313
[ZRDN1_Orenburg] В 14:09:02:570 Обнаружена цель id:7ab9bbr координаты 4382310 2731870 тип:KR скорость:359
[ZRDN1_Orenburg] Стрельба по цели id:7ab9bbr тип:KR. Осталось ракет: 17
[КП от ZRDN1_Orenburg] Обнаружена цель id:7ab9bbr координаты X:4382310 Y:2731870 тип:KR скорость:359
[КП от ZRDN1_Orenburg] Стрельба по цели id:7ab9bbr тип:KR AMMO:17
[32mК.ракета       7ab9bbr  13 Koord X: 4382604     Y: 2732908     Speed:359      X: 98       Y: 346      		Уничтожена ZRDN1_Orenburg[0m
Бал.блок       550c88b  17 Koord X: 9730000     Y: 4992000     Speed:8058     X: -4711    Y: -6538    Ttl 202
[35mБал.блок       fa96b7b  30 Koord X: 7852172     Y: 3260064     Speed:9116     X: 6874     Y: 5988     Пропала[0m
[35mБал.блок       524e19b  35 Koord X: 7646612     Y: 2916430     Speed:8816     X: -146     Y: -8815    Пропала[0m
К.ракета       3e337er  13 Koord X: 4779000     Y: 2020000     Speed:847      X: 52       Y: 846      Ttl  35
Бал.блок       eeeddeb  30 Koord X: 9157000     Y: 3975000     Speed:8029     X: -3171    Y: -7377    Ttl 101
Самолет        824f5es  35 Koord X: 11297000    Y: 4133000     Speed:102      X: -55      Y: 87       Ttl 164
[SPRO_Omsk] В 14:09:17:414 Обнаружена цель id:94ba64b координаты 6740772 3366086 тип:BB_BR скорость:8729
[SPRO_Omsk] Стрельба по цели id:94ba64b тип:BB_BR. Осталось противоракет: 9
[31mБал.блок       94ba64b  23 Koord X: 6721314     Y: 3348557     Speed:8729     X: -6486    Y: -5843    		Промах SPRO_Omsk[0m
[35mБал.блок       c9004ab  24 Koord X: 7480050     Y: 1701900     Speed:9735     X: 9527     Y: 2006     Пропала[0m
[RLS3_Dnepr] В 14:09:19:545 Обнаружена цель id:c9004ab с координатами 7451469 1695882 тип:BB_BR скорость:9735
[ZRDN3_Mahachkala] В 14:09:20:211 Обнаружена цель id:66aed9s координаты 3324984 2298680 тип:SAM скорость:93
[ZRDN3_Mahachkala] Стрельба по цели id:66aed9s тип:SAM. Осталось ракет: 18
[32mСамолет        66aed9s  44 Koord X: 3325162     Y: 2298740     Speed:93       X: 89       Y: 30       		Уничтожена ZRDN3_Mahachkala[0m
[35mСамолет        4857afs   9 Koord X: 8886873     Y: 1026526     Speed:116      X: -109     Y: 42       Пропала[0m
[КП от RLS3_Dnepr] Обнаружена цель id:c9004ab координаты X:7451469 Y:1695882 тип:BB_BR скорость:9735
[КП от SPRO_Omsk] Обнаружена цель id:94ba64b координаты X:6740772 Y:3366086 тип:BB_BR скорость:8729
Бал.блок       54b9c5b  24 Koord X: 1457000     Y: 4567000     Speed:8930     X: 2796     Y: -8482    Ttl  95
[КП от SPRO_Omsk] Стрельба по цели id:94ba64b тип:BB_BR AMMO:9
[35mСамолет        7c04b5s  28 Koord X: 1351754     Y: 2118567     Speed:125      X: 26       Y: 123      Пропала[0m
[КП от ZRDN3_Mahachkala] Обнаружена цель id:66aed9s координаты X:3324984 Y:2298680 тип:SAM скорость:93
[КП от ZRDN3_Mahachkala] Стрельба по цели id:66aed9s тип:SAM AMMO:18
Бал.блок       837b60b  44 Koord X: 11226000    Y: 3455000     Speed:8209     X: -4327    Y: 6977     Ttl 113
Бал.блок       d0f19cb   9 Koord X: 9769000     Y: 4439000     Speed:8583     X: -5615    Y: 6492     Ttl 140
Самолет        7712afs  28 Koord X: 9540000     Y: 5471000     Speed:95       X: -22      Y: -93      Ttl 191
[SPRO_Omsk] В 14:09:37:851 Обнаружена цель id:1ee2fcs координаты 5893156 3574232 тип:SAM скорость:100
[КП от SPRO_Omsk] Обнаружена цель id:1ee2fcs координаты X:5893156 Y:3574232 тип:SAM скорость:100
[RLS3_Dnepr] В 14:09:40:845 Обнаружена цель id:5f7970b с координатами 5544186 2087918 тип:BB_BR скорость:9642
[RLS3_Dnepr] Цель id:5f7970b движется в направлении СПРО
[КП от RLS3_Dnepr] Обнаружена цель id:5f7970b координаты X:5544186 Y:2087918 тип:BB_BR скорость:9642
[КП от RLS3_Dnepr] !!! цель движется в направлении СПРО id:5f7970b !!!
[RLS1_Voronezh] В 14:09:42:640 Обнаружена цель id:77abd8r с координатами 1499016 4389856 тип:KR скорость:662
[КП от RLS1_Voronezh] Обнаружена цель id:77abd8r координаты X:1499016 Y:4389856 тип:KR скорость:662
[ZRDN1_Orenburg] Цель id:7ab9bbr УНИЧТОЖЕНА
[КП от ZRDN1_Orenburg] >>> Цель id:7ab9bbr УНИЧТОЖЕНА (KR) <<<
[35mК.ракета       007a92r  38 Koord X: 10765508    Y: 7297756     Speed:765      X: -597     Y: -479     Пропала[0m
[SPRO_Omsk] ПРОМАХ по цели id:94ba64b
[КП от SPRO_Omsk] ПРОМАХ по цели id:94ba64b (BB_BR)
Самолет        de194as  38 Koord X: 3125000     Y: 5818000     Speed:227      X: 37       Y: -224     Ttl  89
[RLS2_Daryal] В 14:10:10:208 Обнаружена цель id:007a92r с координатами 10766702 7298714 тип:KR скорость:765
[ZRDN3_Mahachkala] Цель id:66aed9s УНИЧТОЖЕНА
[КП от RLS2_Daryal] Обнаружена цель id:007a92r координаты X:10766702 Y:7298714 тип:KR скорость:765
[КП от ZRDN3_Mahachkala] >>> Цель id:66aed9s УНИЧТОЖЕНА (SAM) <<<
[SPRO_Omsk] В 14:10:34:781 Обнаружена цель id:bdb448b координаты 6277322 2613675 тип:BB_BR скорость:9725
[SPRO_Omsk] Стрельба по цели id:bdb448b тип:BB_BR. Осталось противоракет: 8
[RLS1_Voronezh] В 14:10:36:107 Обнаружена цель id:54b9c5b с координатами 1479368 4499144 тип:BB_BR скорость:8930
[КП от SPRO_Omsk] Обнаружена цель id:bdb448b координаты X:6277322 Y:2613675 тип:BB_BR скорость:9725
[RLS1_Voronezh] Цель id:54b9c5b движется в направлении СПРО
[RLS3_Dnepr] В 14:10:36:427 Обнаружена цель id:53838ds с координатами 7542953 3364675 тип:SAM скорость:198
[КП от SPRO_Omsk] Стрельба по цели id:bdb448b тип:BB_BR AMMO:8
[32mБал.блок       bdb448b  46 Koord X: 6277270     Y: 2633125     Speed:9725     X: -26      Y: 9725     		Уничтожена SPRO_Omsk[0m
[КП от RLS1_Voronezh] Обнаружена цель id:54b9c5b координаты X:1479368 Y:4499144 тип:BB_BR скорость:8930
[КП от RLS1_Voronezh] !!! цель движется в направлении СПРО id:54b9c5b !!!
[КП от RLS3_Dnepr] Обнаружена цель id:53838ds координаты X:7542953 Y:3364675 тип:SAM скорость:198
К.ракета       c638b9r  46 Koord X: 3179000     Y: 4670000     Speed:619      X: 174      Y: -595     Ttl 171
[35mСамолет        37f714s  50 Koord X: 1934733     Y: 4314083     Speed:125      X: 123      Y: -27      Пропала[0m
Бал.блок       c92375b  50 Koord X: 5898000     Y: 3719000     Speed:8231     X: -4670    Y: -6779    Ttl 230
[SPRO_Omsk] В 14:10:51:894 Обнаружена цель id:ecc3fdb координаты 6245404 4827092 тип:BB_BR скорость:9796
[SPRO_Omsk] Стрельба по цели id:ecc3fdb тип:BB_BR. Осталось противоракет: 7
[КП от SPRO_Omsk] Обнаружена цель id:ecc3fdb координаты X:6245404 Y:4827092 тип:BB_BR скорость:9796
[КП от SPRO_Omsk] Стрельба по цели id:ecc3fdb тип:BB_BR AMMO:7
[32mБал.блок       ecc3fdb  42 Koord X: 6261550     Y: 4851650     Speed:9796     X: 5382     Y: 8186     		Уничтожена SPRO_Omsk[0m
Бал.блок       cd6802b  42 Koord X: 10786000    Y: 5731000     Speed:9355     X: -324     Y: -9350    Ttl 270
[SPRO_Omsk] Цель id:bdb448b УНИЧТОЖЕНА
[КП от SPRO_Omsk] >>> Цель id:bdb448b УНИЧТОЖЕНА (BB_BR) <<<
[35mСамолет        039aaas   6 Koord X: 10932930    Y: 6969115     Speed:96       X: -82      Y: -51      Пропала[0m
Бал.блок       fdd557b   6 Koord X: 9861000     Y: 4200000     Speed:9373     X: -1671    Y: -9223    Ttl  93
[SPRO_Omsk] Цель id:ecc3fdb УНИЧТОЖЕНА
[КП от SPRO_Omsk] >>> Цель id:ecc3fdb УНИЧТОЖЕНА (BB_BR) <<<
[SPRO_Omsk] В 14:11:46:005 Обнаружена цель id:ecf928b координаты 6306820 4830270 тип:BB_BR скорость:8857
[SPRO_Omsk] Стрельба по цели id:ecf928b тип:BB_BR. Осталось противоракет: 6
[32mБал.блок       ecf928b   8 Koord X: 6292872     Y: 4841192     Speed:8857     X: -6974    Y: 5461     		Уничтожена SPRO_Omsk[0m
[35mК.ракета       f6634br  10 Koord X: 5832512     Y: 7767525     Speed:803      X: -648     Y: -475     Пропала[0m
[35mК.ракета       ae973fr  27 Koord X: 10531570    Y: 2240350     Speed:923      X: -127     Y: 915      Пропала[0m
Бал.блок       bfb870b   8 Koord X: 7732000     Y: 3216000     Speed:8242     X: -3055    Y: 7655     Ttl 216
К.ракета       d0dfd0r  10 Koord X: 6852000     Y: 4632000     Speed:594      X: 61       Y: -591     Ttl 192
К.ракета       b06e3ar  27 Koord X: 7729000     Y: 4410000     Speed:997      X: -87      Y: -994     Ttl 128
[КП от SPRO_Omsk] Обнаружена цель id:ecf928b координаты X:6306820 Y:4830270 тип:BB_BR скорость:8857
[КП от SPRO_Omsk] Стрельба по цели id:ecf928b тип:BB_BR AMMO:6
[35mСамолет        53838ds  15 Koord X: 7544441     Y: 3367475     Speed:198      X: 93       Y: 175      Пропала[0m
[35mК.ракета       82ec48r   1 Koord X: 7950360     Y: 7295000     Speed:745      X: -366     Y: -650     Пропала[0m
Бал.блок       82dfc3b  15 Koord X: 3358000     Y: 5274000     Speed:9688     X: 1059     Y: 9630     Ttl 289
Самолет        47acd8s   1 Koord X: 6374000     Y: 5637000     Speed:150      X: -113     Y: -100     Ttl 144
[35mК.ракета       8054bcr  49 Koord X: 8717599     Y: 8064438     Speed:552      X: -499     Y: -238     Пропала[0m
[SPRO_Omsk] Цель id:ecf928b УНИЧТОЖЕНА
[КП от SPRO_Omsk] >>> Цель id:ecf928b УНИЧТОЖЕНА (BB_BR) <<<
К.ракета       26d1dcr  49 Koord X: 3228000     Y: 6233000     Speed:278      X: 45       Y: -275     Ttl 114
[SPRO_Omsk] В 14:12:42:301 Обнаружена цель id:27e985s координаты 5618790 4073440 тип:SAM скорость:108
[КП от SPRO_Omsk] Обнаружена цель id:27e985s координаты X:5618790 Y:4073440 тип:SAM скорость:108
[35mК.ракета       16294er  29 Koord X: 6779750     Y: 5522875     Speed:671      X: -434     Y: -513     Пропала[0m
[35mК.ракета       3e337er  13 Koord X: 4780820     Y: 2049610     Speed:847      X: 52       Y: 846      Пропала[0m
Бал.блок       a1b162b  29 Koord X: 9625000     Y: 4492000     Speed:8023     X: -2915    Y: 7475     Ttl 298
[35mБал.блок       ab06a8b  48 Koord X: 4957452     Y: 6529732     Speed:8918     X: 7331     Y: -5079    Пропала[0m
Самолет        b1f8e9s  13 Koord X: 10922000    Y: 5381000     Speed:220      X: -167     Y: -144     Ttl  19
К.ракета       679b31r  48 Koord X: 4427000     Y: 7167000     Speed:425      X: 223      Y: -362     Ttl  61
[35mБал.блок       9dea57b  47 Koord X: 7746140     Y: 3943215     Speed:9119     X: 2396     Y: -8799    Пропала[0m
[RLS1_Voronezh] В 14:13:24:658 Обнаружена цель id:54b9c5b с координатами 1549268 4287094 тип:BB_BR скорость:8930
[RLS1_Voronezh] Цель id:54b9c5b движется в направлении СПРО
[RLS3_Dnepr] В 14:13:24:945 Обнаружена цель id:ca6d6cr с координатами 7314352 2181848 тип:KR скорость:313
[КП от RLS1_Voronezh] Обнаружена цель id:54b9c5b координаты X:1549268 Y:4287094 тип:BB_BR скорость:8930
[КП от RLS1_Voronezh] !!! цель движется в направлении СПРО id:54b9c5b !!!
[КП от RLS3_Dnepr] Обнаружена цель id:ca6d6cr координаты X:7314352 Y:2181848 тип:KR скорость:313
К.ракета       b11765r  47 Koord X: 5867000     Y: 4577000     Speed:665      X: 654      Y: 125      Ttl 159
[SPRO_Omsk] В 14:13:35:488 Обнаружена цель id:c92375b координаты 5795260 3569862 тип:BB_BR скорость:8231
[SPRO_Omsk] Стрельба по цели id:c92375b тип:BB_BR. Осталось противоракет: 5
[КП от SPRO_Omsk] Обнаружена цель id:c92375b координаты X:5795260 Y:3569862 тип:BB_BR скорость:8231
[КП от SPRO_Omsk] Стрельба по цели id:c92375b тип:BB_BR AMMO:5
[RLS1_Voronezh] В 14:13:41:089 Обнаружена цель id:77abd8r с координатами 1523473 4391743 тип:KR скорость:662
[32mБал.блок       c92375b  50 Koord X: 5776580     Y: 3542746     Speed:8231     X: -4670    Y: -6779    		Уничтожена SPRO_Omsk[0m
[КП от RLS1_Voronezh] Обнаружена цель id:77abd8r координаты X:1523473 Y:4391743 тип:KR скорость:662
Самолет        3121bbs  50 Koord X: 7270000     Y: 2073000     Speed:205      X: -128     Y: 161      Ttl  74
[SPRO_Omsk] Цель id:c92375b УНИЧТОЖЕНА
[RLS3_Dnepr] В 14:14:20:608 Обнаружена цель id:ef5fear с координатами 5238048 1425520 тип:KR скорость:703
[КП от RLS3_Dnepr] Обнаружена цель id:ef5fear координаты X:5238048 Y:1425520 тип:KR скорость:703
[КП от SPRO_Omsk] >>> Цель id:c92375b УНИЧТОЖЕНА (BB_BR) <<<
[SPRO_Omsk] В 14:14:34:226 Обнаружена цель id:b11765r координаты 5870924 4577750 тип:KR скорость:665
[КП от SPRO_Omsk] Обнаружена цель id:b11765r координаты X:5870924 Y:4577750 тип:KR скорость:665
[35mК.ракета       80931er  11 Koord X: 7592665     Y: 5983608     Speed:647      X: 595      Y: -256     Пропала[0m
К.ракета       14c868r  11 Koord X: 6332000     Y: 3358000     Speed:970      X: -149     Y: 959      Ttl 134
[35mСамолет        227333s  32 Koord X: 10339260    Y: 1022804     Speed:246      X: -10      Y: 246      Пропала[0m
Самолет        addb3bs  32 Koord X: 5042000     Y: 6802000     Speed:156      X: 64       Y: -143     Ttl  70
[35mК.ракета       ca6d6cr  12 Koord X: 7316328     Y: 2187472     Speed:313      X: 104      Y: 296      Пропала[0m
[35mБал.блок       cc3c31b  36 Koord X: 8394685     Y: 6715960     Speed:8235     X: -4013    Y: 7192     Пропала[0m
К.ракета       81be96r  12 Koord X: 10812000    Y: 3404000     Speed:630      X: -550     Y: 309      Ttl  49
[35mСамолет        b1f8e9s  13 Koord X: 10918827    Y: 5378264     Speed:220      X: -167     Y: -144     Пропала[0m
[35mСамолет        27e985s  14 Koord X: 5618712     Y: 4070632     Speed:108      X: -3       Y: -108     Пропала[0m
Самолет        a5b028s  36 Koord X: 10245000    Y: 4466000     Speed:140      X: -91      Y: -107     Ttl 102
[RLS3_Dnepr] В 14:15:07:384 Обнаружена цель id:3121bbs с координатами 7268720 2074610 тип:SAM скорость:205
[35mК.ракета       29a154r  43 Koord X: 10117432    Y: 3713192     Speed:394      X: -392     Y: 48       Пропала[0m
[КП от RLS3_Dnepr] Обнаружена цель id:3121bbs координаты X:7268720 Y:2074610 тип:SAM скорость:205
К.ракета       b5a096r  13 Koord X: 9760000     Y: 4663000     Speed:784      X: -762     Y: -188     Ttl 195
Самолет        046770s  14 Koord X: 6026000     Y: 4273000     Speed:152      X: -4       Y: -152     Ttl  47
Самолет        59f7bbs  43 Koord X: 6197000     Y: 5843000     Speed:200      X: -175     Y: -98      Ttl  47
[35mБал.блок       1131bcb  19 Koord X: 4393152     Y: 6790478     Speed:9592     X: 144      Y: 9591     Пропала[0m
Бал.блок       ad0da2b  19 Koord X: 6275000     Y: 3747000     Speed:8753     X: -1565    Y: 8612     Ttl 145
[SPRO_Omsk] В 14:15:25:305 Обнаружена цель id:27e985s координаты 5618715 4070740 тип:SAM скорость:108
[КП от SPRO_Omsk] Обнаружена цель id:27e985s координаты X:5618715 Y:4070740 тип:SAM скорость:108
[35mК.ракета       ef5fear   3 Koord X: 5250984     Y: 1432660     Speed:703      X: 616      Y: 340      Пропала[0m
Бал.блок       dffacfb   3 Koord X: 5199000     Y: 6806000     Speed:8267     X: 529      Y: -8251    Ttl  50
[SPRO_Omsk] В 14:16:15:455 Обнаружена цель id:48303er координаты 6262696 4702200 тип:KR скорость:624
[RLS1_Voronezh] В 14:16:22:612 Обнаружена цель id:54b9c5b с координатами 1630352 4041116 тип:BB_BR скорость:8930
[RLS1_Voronezh] Цель id:54b9c5b движется в направлении СПРО
[КП от RLS1_Voronezh] Обнаружена цель id:54b9c5b координаты X:1630352 Y:4041116 тип:BB_BR скорость:8930
[КП от RLS1_Voronezh] !!! цель движется в направлении СПРО id:54b9c5b !!!
[КП от SPRO_Omsk] Обнаружена цель id:48303er координаты X:6262696 Y:4702200 тип:KR скорость:624
[SPRO_Omsk] В 14:16:35:560 Обнаружена цель id:77e5b6b координаты 5605662 3527062 тип:BB_BR скорость:9525
[SPRO_Omsk] Стрельба по цели id:77e5b6b тип:BB_BR. Осталось противоракет: 4
[32mБал.блок       77e5b6b  39 Koord X: 5589900     Y: 3550900     Speed:9525     X: -5254    Y: 7946     		Уничтожена SPRO_Omsk[0m
[КП от SPRO_Omsk] Обнаружена цель id:77e5b6b координаты X:5605662 Y:3527062 тип:BB_BR скорость:9525
[КП от SPRO_Omsk] Стрельба по цели id:77e5b6b тип:BB_BR AMMO:4
[35mСамолет        3d42f6s  18 Koord X: 11003000    Y: 6313625     Speed:67       X: 0        Y: -67      Пропала[0m
[RLS1_Voronezh] В 14:16:40:922 Обнаружена цель id:77abd8r с координатами 1543303 4393273 тип:KR скорость:662
[КП от RLS1_Voronezh] Обнаружена цель id:77abd8r координаты X:1543303 Y:4393273 тип:KR скорость:662
Бал.блок       a2ccaab  39 Koord X: 5100000     Y: 6542000     Speed:9769     X: 1164     Y: -9700    Ttl 102
К.ракета       925ad4r  18 Koord X: 4480000     Y: 7751000     Speed:749      X: 647      Y: -379     Ttl  64
[SPRO_Omsk] В 14:16:52:339 Обнаружена цель id:9cfb69b координаты 4348264 3963024 тип:BB_BR скорость:8588
[SPRO_Omsk] Стрельба по цели id:9cfb69b тип:BB_BR. Осталось противоракет: 3
[31mБал.блок       9cfb69b  26 Koord X: 4362798     Y: 3953868     Speed:8588     X: 7267     Y: -4578    		Промах SPRO_Omsk[0m
[КП от SPRO_Omsk] Обнаружена цель id:9cfb69b координаты X:4348264 Y:3963024 тип:BB_BR скорость:8588
[КП от SPRO_Omsk] Стрельба по цели id:9cfb69b тип:BB_BR AMMO:3
[RLS3_Dnepr] В 14:17:16:229 Обнаружена цель id:3121bbs с координатами 7266160 2077830 тип:SAM скорость:205
[SPRO_Omsk] Цель id:77e5b6b УНИЧТОЖЕНА
[КП от RLS3_Dnepr] Обнаружена цель id:3121bbs координаты X:7266160 Y:2077830 тип:SAM скорость:205
[КП от SPRO_Omsk] >>> Цель id:77e5b6b УНИЧТОЖЕНА (BB_BR) <<<
[35mБал.блок       95997ab  33 Koord X: 10557910    Y: 4016044     Speed:8349     X: -6190    Y: 5604     Пропала[0m
Самолет        2d6fcbs  33 Koord X: 9459000     Y: 6682000     Speed:81       X: -17      Y: -80      Ttl 107
[SPRO_Omsk] ПРОМАХ по цели id:9cfb69b
[КП от SPRO_Omsk] ПРОМАХ по цели id:9cfb69b (BB_BR)
[SPRO_Omsk] В 14:17:54:345 Обнаружена цель id:14c868r координаты 6327679 3385811 тип:KR скорость:970
[КП от SPRO_Omsk] Обнаружена цель id:14c868r координаты X:6327679 Y:3385811 тип:KR скорость:970
[SPRO_Omsk] В 14:18:10:187 Обнаружена цель id:94ba64b координаты 6189462 2869431 тип:BB_BR скорость:8729
[SPRO_Omsk] Стрельба по цели id:94ba64b тип:BB_BR. Осталось противоракет: 2
[КП от SPRO_Omsk] Обнаружена цель id:94ba64b координаты X:6189462 Y:2869431 тип:BB_BR скорость:8729
[КП от SPRO_Omsk] Стрельба по цели id:94ba64b тип:BB_BR AMMO:2
[31mБал.блок       94ba64b  23 Koord X: 6176490     Y: 2857745     Speed:8729     X: -6486    Y: -5843    		Промах SPRO_Omsk[0m
[SPRO_Omsk] В 14:18:31:990 Обнаружена цель id:ad0da2b координаты 6234310 3970912 тип:BB_BR скорость:8753
[SPRO_Omsk] Стрельба по цели id:ad0da2b тип:BB_BR. Осталось противоракет: 1
[КП от SPRO_Omsk] Обнаружена цель id:ad0da2b координаты X:6234310 Y:3970912 тип:BB_BR скорость:8753
[КП от SPRO_Omsk] Стрельба по цели id:ad0da2b тип:BB_BR AMMO:1
[31mБал.блок       ad0da2b  19 Koord X: 6228050     Y: 4005360     Speed:8753     X: -1565    Y: 8612     		Промах SPRO_Omsk[0m
[RLS3_Dnepr] В 14:18:47:479 Обнаружена цель id:2368d8b с координатами 8073096 2862952 тип:BB_BR скорость:9344
[SPRO_Omsk] В 14:18:51:142 Обнаружена цель id:046770s координаты 6025872 4268136 тип:SAM скорость:152
[SPRO_Omsk] ПРОМАХ по цели id:94ba64b
[КП] !!! SPRO_Omsk НЕ ОТВЕЧАЕТ! Связь потеряна !!!
[КП от RLS3_Dnepr] Обнаружена цель id:2368d8b координаты X:8073096 Y:2862952 тип:BB_BR скорость:9344
[КП от SPRO_Omsk] Обнаружена цель id:046770s координаты X:6025872 Y:4268136 тип:SAM скорость:152
[КП от SPRO_Omsk] ПРОМАХ по цели id:94ba64b (BB_BR)
[35mК.ракета       5546ear  37 Koord X: 7105816     Y: 6265824     Speed:825      X: 104      Y: -819     Пропала[0m
[RLS3_Dnepr] В 14:19:04:055 Обнаружена цель id:3121bbs с координатами 7263984 2080567 тип:SAM скорость:205
[КП от RLS3_Dnepr] Обнаружена цель id:3121bbs координаты X:7263984 Y:2080567 тип:SAM скорость:205
Бал.блок       e6bb24b  37 Koord X: 5901000     Y: 3851000     Speed:8055     X: 378      Y: -8047    Ttl  45
[SPRO_Omsk] В 14:19:07:793 Обнаружена цель id:1ee2fcs координаты 5886046 3579812 тип:SAM скорость:100
[КП от SPRO_Omsk] Обнаружена цель id:1ee2fcs координаты X:5886046 Y:3579812 тип:SAM скорость:100
[SPRO_Omsk] ПРОМАХ по цели id:ad0da2b
[КП от SPRO_Omsk] ПРОМАХ по цели id:ad0da2b (BB_BR)
[35mК.ракета       fd397fr  21 Koord X: 2915122     Y: 8014634     Speed:813      X: 659      Y: -477     Пропала[0m
Бал.блок       048e33b  21 Koord X: 3461000     Y: 2210000     Speed:9853     X: 2714     Y: 9472     Ttl  27
[35mК.ракета       2cb011r  34 Koord X: 10847680    Y: 3960865     Speed:666      X: -568     Y: -349     Пропала[0m
Бал.блок       3fc3cbb  34 Koord X: 11120000    Y: 5178000     Speed:8201     X: -66      Y: -8201    Ttl 116
[35mСамолет        de194as  38 Koord X: 3128293     Y: 5798064     Speed:227      X: 37       Y: -224     Пропала[0m
[SPRO_Omsk] В 14:19:27:728 Обнаружена цель id:5f7970b координаты 5422470 2966610 тип:BB_BR скорость:9642
[SPRO_Omsk] Стрельба по цели id:5f7970b тип:BB_BR. Осталось противоракет: 0
[SPRO_Omsk] Боекомплект исчерпан! Переход в режим обнаружения
[КП от SPRO_Omsk] Обнаружена цель id:5f7970b координаты X:5422470 Y:2966610 тип:BB_BR скорость:9642
[КП от SPRO_Omsk] Стрельба по цели id:5f7970b тип:BB_BR AMMO:0
[КП] !!! SPRO_Omsk: боекомплект исчерпан! !!!
[31mБал.блок       5f7970b  20 Koord X: 5418501     Y: 2995263     Speed:9642     X: -1323    Y: 9551     		Промах SPRO_Omsk[0m
[35mБал.блок       54b9c5b  24 Koord X: 1722620     Y: 3761210     Speed:8930     X: 2796     Y: -8482    Пропала[0m
Самолет        be27abs  38 Koord X: 9817000     Y: 5985000     Speed:228      X: -121     Y: -194     Ttl  33
[35mК.ракета       679b31r  48 Koord X: 4440603     Y: 7144918     Speed:425      X: 223      Y: -362     Пропала[0m
Самолет        36cbbas  24 Koord X: 7265000     Y: 5234000     Speed:96       X: -88      Y: 40       Ttl 182
К.ракета       eecb1er  48 Koord X: 2030000     Y: 7619000     Speed:794      X: 306      Y: -733     Ttl 184
[35mБал.блок       94ba64b  23 Koord X: 6079200     Y: 2770100     Speed:8729     X: -6486    Y: -5843    Пропала[0m
Самолет        1a3dd0s  23 Koord X: 2688000     Y: 2228000     Speed:215      X: 150      Y: 155      Ttl 126
[КП] SPRO_Omsk работоспособность восстановлена
[35mБал.блок       eeeddeb  30 Koord X: 8836729     Y: 3229923     Speed:8029     X: -3171    Y: -7377    Пропала[0m
Самолет        326fcfs  30 Koord X: 6267000     Y: 1346000     Speed:199      X: 194      Y: 48       Ttl 105
[SPRO_Omsk] ПРОМАХ по цели id:5f7970b
[35mСамолет        046770s  14 Koord X: 6025812     Y: 4265856     Speed:152      X: -4       Y: -152     Пропала[0m
[КП от SPRO_Omsk] ПРОМАХ по цели id:5f7970b (BB_BR)
[35mСамолет        59f7bbs  43 Koord X: 6188775     Y: 5838394     Speed:200      X: -175     Y: -98      Пропала[0m
[35mК.ракета       81be96r  12 Koord X: 10785050    Y: 3419141     Speed:630      X: -550     Y: 309      Пропала[0m
Самолет        597361s  14 Koord X: 6465000     Y: 5578000     Speed:227      X: -175     Y: -146     Ttl  27
Самолет        acfd7ds  43 Koord X: 5975000     Y: 3224000     Speed:85       X: 79       Y: 33       Ttl 132
Бал.блок       b596b0b  12 Koord X: 9179000     Y: 6610000     Speed:9740     X: -6696    Y: -7074    Ttl 160
[35mБал.блок       2368d8b   2 Koord X: 8109519     Y: 2689178     Speed:9344     X: 1917     Y: -9146    Пропала[0m
К.ракета       639d43r   2 Koord X: 5178000     Y: 1775000     Speed:580      X: 23       Y: 580      Ttl 112
[ZRDN3_Mahachkala] В 14:20:34:400 Обнаружена цель id:048e33b координаты 3482712 2285776 тип:BB_BR скорость:9853
[КП от ZRDN3_Mahachkala] Обнаружена цель id:048e33b координаты X:3482712 Y:2285776 тип:BB_BR скорость:9853
[RLS3_Dnepr] В 14:20:37:224 Обнаружена цель id:3121bbs с координатами 7262192 2082821 тип:SAM скорость:205
[КП от RLS3_Dnepr] Обнаружена цель id:3121bbs координаты X:7262192 Y:2082821 тип:SAM скорость:205
[SPRO_Omsk] В 14:20:55:570 Обнаружена цель id:14c868r координаты 6323656 3411704 тип:KR скорость:970
[КП от SPRO_Omsk] Обнаружена цель id:14c868r координаты X:6323656 Y:3411704 тип:KR скорость:970
[RLS1_Voronezh] В 14:20:57:213 Обнаружена цель id:77abd8r с координатами 1569743 4395313 тип:KR скорость:662
[35mК.ракета       77abd8r  16 Koord X: 1571726     Y: 4395466     Speed:662      X: 661      Y: 51       Пропала[0m
[КП от RLS1_Voronezh] Обнаружена цель id:77abd8r координаты X:1569743 Y:4395313 тип:KR скорость:662
Бал.блок       84e703b  16 Koord X: 7385000     Y: 4999000     Speed:8839     X: 2430     Y: 8499     Ttl 295
[SPRO_Omsk] В 14:21:09:737 Обнаружена цель id:ad0da2b координаты 6193620 4194824 тип:BB_BR скорость:8753
[КП от SPRO_Omsk] Обнаружена цель id:ad0da2b координаты X:6193620 Y:4194824 тип:BB_BR скорость:8753
[35mБал.блок       fdd557b   6 Koord X: 9705597     Y: 3342261     Speed:9373     X: -1671    Y: -9223    Пропала[0m
К.ракета       7d2463r   6 Koord X: 11625000    Y: 7261000     Speed:287      X: -179     Y: -225     Ttl 176
[35mБал.блок       837b60b  44 Koord X: 10737049    Y: 4243401     Speed:8209     X: -4327    Y: 6977     Пропала[0m
[35mБал.блок       dffacfb   3 Koord X: 5225450     Y: 6393450     Speed:8267     X: 529      Y: -8251    Пропала[0m
[SPRO_Omsk] В 14:21:27:664 Обнаружена цель id:046770s координаты 6025812 4265856 тип:SAM скорость:152
[КП от SPRO_Omsk] Обнаружена цель id:046770s координаты X:6025812 Y:4265856 тип:SAM скорость:152
Самолет        da7a64s  44 Koord X: 9546000     Y: 4894000     Speed:94       X: -62      Y: 71       Ttl  66
[35mСамолет        3121bbs  50 Koord X: 7260528     Y: 2084914     Speed:205      X: -128     Y: 161      Пропала[0m
Самолет        119290s   3 Koord X: 4801000     Y: 2994000     Speed:61       X: 39       Y: 48       Ttl  45
К.ракета       d6e821r  50 Koord X: 11390000    Y: 1907000     Speed:260      X: -98      Y: 241      Ttl 108
[SPRO_Omsk] В 14:21:49:109 Обнаружена цель id:1ee2fcs координаты 5884071 3581362 тип:SAM скорость:100
[35mБал.блок       684cb3b   4 Koord X: 5481360     Y: 6702360     Speed:8779     X: 3324     Y: -8126    Пропала[0m
[SPRO_Omsk] Автопополнение боекомплекта: 10
[RLS1_Voronezh] В 14:21:51:874 Обнаружена цель id:1a3dd0s с координатами 2690400 2230480 тип:SAM скорость:215
К.ракета       eeb36cr   4 Koord X: 5787000     Y: 4163000     Speed:781      X: -255     Y: 739      Ttl  37
[КП от RLS1_Voronezh] Обнаружена цель id:1a3dd0s координаты X:2690400 Y:2230480 тип:SAM скорость:215
[КП от SPRO_Omsk] Обнаружена цель id:1ee2fcs координаты X:5884071 Y:3581362 тип:SAM скорость:100
[КП] SPRO_Omsk: боекомплект пополнен AMMO:10
[35mСамолет        010486s   5 Koord X: 8545708     Y: 4538000     Speed:222      X: -222     Y: 0        Пропала[0m
[35mБал.блок       048e33b  21 Koord X: 3534278     Y: 2465744     Speed:9853     X: 2714     Y: 9472     Пропала[0m
К.ракета       f4c6b4r   5 Koord X: 3566000     Y: 5890000     Speed:376      X: 339      Y: -164     Ttl  87
Бал.блок       b18e83b  21 Koord X: 2123000     Y: 4103000     Speed:8569     X: 5540     Y: -6538    Ttl 108
[35mСамолет        addb3bs  32 Koord X: 5046480     Y: 6791990     Speed:156      X: 64       Y: -143     Пропала[0m
К.ракета       f46e5dr  32 Koord X: 10660000    Y: 3541000     Speed:650      X: -46      Y: 649      Ttl 144
[35mК.ракета       ed5d5ar   7 Koord X: 5981608     Y: 5687232     Speed:969      X: -886     Y: -394     Пропала[0m
Самолет        43ed70s   7 Koord X: 7971000     Y: 3838000     Speed:91       X: -62      Y: -67      Ttl  10
[RLS3_Dnepr] В 14:22:34:532 Обнаружена цель id:639d43r с координатами 5178391 1784860 тип:KR скорость:580
[КП от RLS3_Dnepr] Обнаружена цель id:639d43r координаты X:5178391 Y:1784860 тип:KR скорость:580
[SPRO_Omsk] В 14:22:39:164 Обнаружена цель id:119290s координаты 4801312 2994384 тип:SAM скорость:61
[КП от SPRO_Omsk] Обнаружена цель id:119290s координаты X:4801312 Y:2994384 тип:SAM скорость:61
[35mСамолет        be27abs  38 Koord X: 9813007     Y: 5978598     Speed:228      X: -121     Y: -194     Пропала[0m
[35mСамолет        597361s  14 Koord X: 6460275     Y: 5574058     Speed:227      X: -175     Y: -146     Пропала[0m
Самолет        da5d91s  38 Koord X: 5732000     Y: 2422000     Speed:185      X: 62       Y: 175      Ttl  22
К.ракета       338913r  14 Koord X: 1376000     Y: 4527000     Speed:820      X: 592      Y: -568     Ttl 169
[ZRDN2_Volgograd] В 14:23:07:635 Обнаружена цель id:654a76b координаты 3264690 3140130 тип:BB_BR скорость:8613
[КП от ZRDN2_Volgograd] Обнаружена цель id:654a76b координаты X:3264690 Y:3140130 тип:BB_BR скорость:8613
[35mК.ракета       48303er  31 Koord X: 6221303     Y: 4686225     Speed:624      X: -583     Y: -225     Пропала[0m
К.ракета       b24577r  31 Koord X: 7741000     Y: 4089000     Speed:297      X: -147     Y: 259      Ttl 125
[35mСамолет        43ed70s   7 Koord X: 7970380     Y: 3837330     Speed:91       X: -62      Y: -67      Пропала[0m
[35mК.ракета       925ad4r  18 Koord X: 4521408     Y: 7726744     Speed:749      X: 647      Y: -379     Пропала[0m
[RLS3_Dnepr] В 14:23:28:054 Обнаружена цель id:326fcfs с координатами 6272820 1347440 тип:SAM скорость:199
[КП от RLS3_Dnepr] Обнаружена цель id:326fcfs координаты X:6272820 Y:1347440 тип:SAM скорость:199
Бал.блок       65fd9db   7 Koord X: 3848000     Y: 5017000     Speed:9994     X: 2009     Y: 9791     Ttl 137
[SPRO_Omsk] В 14:23:32:895 Обнаружена цель id:48303er координаты 6221886 4686450 тип:KR скорость:624
Бал.блок       5dde57b  18 Koord X: 9573000     Y: 5975000     Speed:9624     X: -2322    Y: -9340    Ttl 170
[КП от SPRO_Omsk] Обнаружена цель id:48303er координаты X:6221886 Y:4686450 тип:KR скорость:624
[35mБал.блок       e6bb24b  37 Koord X: 5918010     Y: 3488885     Speed:8055     X: 378      Y: -8047    Пропала[0m
К.ракета       e99f8br  37 Koord X: 4613000     Y: 7542000     Speed:547      X: 477      Y: -269     Ttl 155
[35mБал.блок       6d1104b  41 Koord X: 7667936     Y: 5185160     Speed:8827     X: -2744    Y: -8390    Пропала[0m
[SPRO_Omsk] В 14:23:53:336 Обнаружена цель id:e6bb24b координаты 5917254 3504979 тип:BB_BR скорость:8055
[SPRO_Omsk] Стрельба по цели id:e6bb24b тип:BB_BR. Осталось противоракет: 9
Самолет        2d71bds  41 Koord X: 5383000     Y: 1115000     Speed:201      X: 105      Y: 172      Ttl  60
[КП от SPRO_Omsk] Обнаружена цель id:e6bb24b координаты X:5917254 Y:3504979 тип:BB_BR скорость:8055
[КП от SPRO_Omsk] Стрельба по цели id:e6bb24b тип:BB_BR AMMO:9
[RLS2_Daryal] В 14:24:03:709 Обнаружена цель id:7d2463r с координатами 11620704 7255600 тип:KR скорость:287
[КП от RLS2_Daryal] Обнаружена цель id:7d2463r координаты X:11620704 Y:7255600 тип:KR скорость:287
[35mБал.блок       d0f19cb   9 Koord X: 8982900     Y: 5347880     Speed:8583     X: -5615    Y: 6492     Пропала[0m
[SPRO_Omsk] В 14:24:10:195 Обнаружена цель id:9cfb69b координаты 4856954 3642564 тип:BB_BR скорость:8588
[SPRO_Omsk] Стрельба по цели id:9cfb69b тип:BB_BR. Осталось противоракет: 8
[КП от SPRO_Omsk] Обнаружена цель id:9cfb69b координаты X:4856954 Y:3642564 тип:BB_BR скорость:8588
[32mБал.блок       9cfb69b  26 Koord X: 4871488     Y: 3633408     Speed:8588     X: 7267     Y: -4578    		Уничтожена SPRO_Omsk[0m
[КП от SPRO_Omsk] Стрельба по цели id:9cfb69b тип:BB_BR AMMO:8
Самолет        ba8f2ds   9 Koord X: 5832000     Y: 1418000     Speed:133      X: -14      Y: 133      Ttl 105
К.ракета       a9b16ar  26 Koord X: 4127000     Y: 2490000     Speed:392      X: 202      Y: 337      Ttl 161
[35mК.ракета       26d1dcr  49 Koord X: 3233130     Y: 6201650     Speed:278      X: 45       Y: -275     Пропала[0m
Самолет        07c0d1s  49 Koord X: 4596000     Y: 6205000     Speed:54       X: 30       Y: -46      Ttl 165
[SPRO_Omsk] В 14:24:33:754 Обнаружена цель id:1ee2fcs координаты 5881938 3583036 тип:SAM скорость:100
[КП от SPRO_Omsk] Обнаружена цель id:1ee2fcs координаты X:5881938 Y:3583036 тип:SAM скорость:100
[SPRO_Omsk] Цель id:e6bb24b УНИЧТОЖЕНА
[КП от SPRO_Omsk] >>> Цель id:e6bb24b УНИЧТОЖЕНА (BB_BR) <<<
[35mСамолет        1ee2fcs  22 Koord X: 5881385     Y: 3583470     Speed:100      X: -79      Y: 62       Пропала[0m
[КП] !!! SPRO_Omsk НЕ ОТВЕЧАЕТ! Связь потеряна !!!
[SPRO_Omsk] В 14:24:58:626 Обнаружена цель id:5f7970b координаты 5352351 3472813 тип:BB_BR скорость:9642
[SPRO_Omsk] Стрельба по цели id:5f7970b тип:BB_BR. Осталось противоракет: 7
[SPRO_Omsk] Цель id:9cfb69b УНИЧТОЖЕНА
[32mБал.блок       5f7970b  20 Koord X: 5348382     Y: 3501466     Speed:9642     X: -1323    Y: 9551     		Уничтожена SPRO_Omsk[0m
[КП от SPRO_Omsk] Обнаружена цель id:5f7970b координаты X:5352351 Y:3472813 тип:BB_BR скорость:9642
К.ракета       e30336r  22 Koord X: 6395000     Y: 3870000     Speed:651      X: -250     Y: 602      Ttl  85
[КП от SPRO_Omsk] Стрельба по цели id:5f7970b тип:BB_BR AMMO:7
[КП от SPRO_Omsk] >>> Цель id:9cfb69b УНИЧТОЖЕНА (BB_BR) <<<
Самолет        55a2a0s  20 Koord X: 1584000     Y: 4796000     Speed:102      X: 69       Y: -76      Ttl  85
[RLS1_Voronezh] В 14:25:11:909 Обнаружена цель id:338913r с координатами 1386064 4517344 тип:KR скорость:820
[КП от RLS1_Voronezh] Обнаружена цель id:338913r координаты X:1386064 Y:4517344 тип:KR скорость:820
[35mК.ракета       b06e3ar  27 Koord X: 7717864     Y: 4282768     Speed:997      X: -87      Y: -994     Пропала[0m
Бал.блок       286243b  27 Koord X: 5990000     Y: 4896000     Speed:8309     X: -6900    Y: 4630     Ttl 282
[35mСамолет        da5d91s  38 Koord X: 5733364     Y: 2425850     Speed:185      X: 62       Y: 175      Пропала[0m
[КП] SPRO_Omsk работоспособность восстановлена
Самолет        c7d897s  38 Koord X: 7407000     Y: 4210000     Speed:60       X: 35       Y: 49       Ttl  93
[SPRO_Omsk] Цель id:5f7970b УНИЧТОЖЕНА
[КП от SPRO_Omsk] >>> Цель id:5f7970b УНИЧТОЖЕНА (BB_BR) <<<
[RLS3_Dnepr] В 14:25:38:259 Обнаружена цель id:2d71bds с координатами 5384260 1117064 тип:SAM скорость:201
[КП от RLS3_Dnepr] Обнаружена цель id:2d71bds координаты X:5384260 Y:1117064 тип:SAM скорость:201
[35mСамолет        a5b028s  36 Koord X: 10235718    Y: 4455086     Speed:140      X: -91      Y: -107     Пропала[0m
[35mК.ракета       eeb36cr   4 Koord X: 5777565     Y: 4190343     Speed:781      X: -255     Y: 739      Пропала[0m
[SPRO_Omsk] В 14:25:48:091 Обнаружена цель id:14c868r координаты 6316653 3456777 тип:KR скорость:970
Самолет        01649bs  36 Koord X: 4032000     Y: 3044000     Speed:63       X: 6        Y: 63       Ttl 201
Самолет        0772e3s   4 Koord X: 9782000     Y: 7608000     Speed:209      X: -194     Y: -80      Ttl  29
[КП от SPRO_Omsk] Обнаружена цель id:14c868r координаты X:6316653 Y:3456777 тип:KR скорость:970
[RLS1_Voronezh] В 14:26:05:488 Обнаружена цель id:1a3dd0s с координатами 2696550 2236835 тип:SAM скорость:215
[SPRO_Omsk] В 14:26:05:552 Обнаружена цель id:ad0da2b координаты 6120065 4599588 тип:BB_BR скорость:8753
[SPRO_Omsk] Стрельба по цели id:ad0da2b тип:BB_BR. Осталось противоракет: 6
[КП от RLS1_Voronezh] Обнаружена цель id:1a3dd0s координаты X:2696550 Y:2236835 тип:SAM скорость:215
[32mБал.блок       ad0da2b  19 Koord X: 6115370     Y: 4625424     Speed:8753     X: -1565    Y: 8612     		Уничтожена SPRO_Omsk[0m
[КП от SPRO_Omsk] Обнаружена цель id:ad0da2b координаты X:6120065 Y:4599588 тип:BB_BR скорость:8753
[КП от SPRO_Omsk] Стрельба по цели id:ad0da2b тип:BB_BR AMMO:6
[35mСамолет        119290s   3 Koord X: 4802755     Y: 2996160     Speed:61       X: 39       Y: 48       Пропала[0m
К.ракета       8087c3r  19 Koord X: 7947000     Y: 3742000     Speed:905      X: -572     Y: 702      Ttl 130
Бал.блок       43fe9cb   3 Koord X: 5390000     Y: 6583000     Speed:9323     X: -5888    Y: -7229    Ttl 224
[35mСамолет        824f5es  35 Koord X: 11287980    Y: 4147268     Speed:102      X: -55      Y: 87       Пропала[0m
[RLS3_Dnepr] В 14:26:30:014 Обнаружена цель id:326fcfs с координатами 6278446 1348832 тип:SAM скорость:199
[ZRDN2_Volgograd] В 14:26:30:841 Обнаружена цель id:654a76b координаты 3441855 2940335 тип:BB_BR скорость:8613
[КП от RLS3_Dnepr] Обнаружена цель id:326fcfs координаты X:6278446 Y:1348832 тип:SAM скорость:199
[КП от ZRDN2_Volgograd] Обнаружена цель id:654a76b координаты X:3441855 Y:2940335 тип:BB_BR скорость:8613
Самолет        31a70ds  35 Koord X: 3614000     Y: 5779000     Speed:133      X: 6        Y: -133     Ttl 111
[SPRO_Omsk] Цель id:ad0da2b УНИЧТОЖЕНА
[RLS2_Daryal] В 14:26:56:163 Обнаружена цель id:0772e3s с координатами 9780836 7607520 тип:SAM скорость:209
[КП от RLS2_Daryal] Обнаружена цель id:0772e3s координаты X:9780836 Y:7607520 тип:SAM скорость:209
[КП от SPRO_Omsk] >>> Цель id:ad0da2b УНИЧТОЖЕНА (BB_BR) <<<
[SPRO_Omsk] В 14:27:04:802 Обнаружена цель id:119290s координаты 4802755 2996160 тип:SAM скорость:61
[КП от SPRO_Omsk] Обнаружена цель id:119290s координаты X:4802755 Y:2996160 тип:SAM скорость:61
[RLS2_Daryal] В 14:27:11:012 Обнаружена цель id:7d2463r с координатами 11615513 7249075 тип:KR скорость:287
[КП от RLS2_Daryal] Обнаружена цель id:7d2463r координаты X:11615513 Y:7249075 тип:KR скорость:287
[35mСамолет        47acd8s   1 Koord X: 6357728     Y: 5622600     Speed:150      X: -113     Y: -100     Пропала[0m
Самолет        78ddfcs   1 Koord X: 4037000     Y: 2007000     Speed:89       X: 36       Y: 82       Ttl 185
[35mБал.блок       a2ccaab  39 Koord X: 5218728     Y: 5552600     Speed:9769     X: 1164     Y: -9700    Пропала[0m
Самолет        88b324s  39 Koord X: 5559000     Y: 2874000     Speed:100      X: -35      Y: 94       Ttl  49
[35mБал.блок       b6756bb  40 Koord X: 3009095     Y: 4825485     Speed:9606     X: 1887     Y: -9419    Пропала[0m
[ZRDN1_Orenburg] В 14:27:41:860 Обнаружена цель id:01649bs координаты 4032090 3044945 тип:SAM скорость:63
[ZRDN1_Orenburg] Стрельба по цели id:01649bs тип:SAM. Осталось ракет: 16
[КП от ZRDN1_Orenburg] Обнаружена цель id:01649bs координаты X:4032090 Y:3044945 тип:SAM скорость:63
[КП от ZRDN1_Orenburg] Стрельба по цели id:01649bs тип:SAM AMMO:16
[31mСамолет        01649bs  36 Koord X: 4032108     Y: 3045134     Speed:63       X: 6        Y: 63       		Промах ZRDN1_Orenburg[0m
К.ракета       20ea9br  40 Koord X: 11667000    Y: 1032000     Speed:551      X: -309     Y: 457      Ttl  25
[35mСамолет        9669c2s  45 Koord X: 3704342     Y: 7897690     Speed:170      X: 71       Y: -155     Пропала[0m
[SPRO_Omsk] В 14:27:57:777 Обнаружена цель id:286243b координаты 5838200 4997860 тип:BB_BR скорость:8309
[SPRO_Omsk] Стрельба по цели id:286243b тип:BB_BR. Осталось противоракет: 5
[КП от SPRO_Omsk] Обнаружена цель id:286243b координаты X:5838200 Y:4997860 тип:BB_BR скорость:8309
[КП от SPRO_Omsk] Стрельба по цели id:286243b тип:BB_BR AMMO:5
[32mБал.блок       286243b  27 Koord X: 5817500     Y: 5011750     Speed:8309     X: -6900    Y: 4630     		Уничтожена SPRO_Omsk[0m
[RLS3_Dnepr] В 14:28:00:879 Обнаружена цель id:2d71bds с координатами 5386675 1121020 тип:SAM скорость:201
К.ракета       c832d4r  45 Koord X: 5240000     Y: 4792000     Speed:706      X: -370     Y: 602      Ttl  48
[КП от RLS3_Dnepr] Обнаружена цель id:2d71bds координаты X:5386675 Y:1121020 тип:SAM скорость:201
Бал.блок       1f524eb  27 Koord X: 1818000     Y: 6400000     Speed:8421     X: 4126     Y: -7342    Ttl 243
[RLS1_Voronezh] В 14:28:11:899 Обнаружена цель id:338913r с координатами 1403232 4500872 тип:KR скорость:820
[КП от RLS1_Voronezh] Обнаружена цель id:338913r координаты X:1403232 Y:4500872 тип:KR скорость:820
[SPRO_Omsk] В 14:28:16:718 Обнаружена цель id:e30336r координаты 6388000 3886856 тип:KR скорость:651
[35mСамолет        da7a64s  44 Koord X: 9541908     Y: 4898686     Speed:94       X: -62      Y: 71       Пропала[0m
[ZRDN1_Orenburg] ПРОМАХ по цели id:01649bs
[КП от SPRO_Omsk] Обнаружена цель id:e30336r координаты X:6388000 Y:3886856 тип:KR скорость:651
[КП от ZRDN1_Orenburg] ПРОМАХ по цели id:01649bs (SAM)
К.ракета       aedc36r  44 Koord X: 9479000     Y: 2568000     Speed:311      X: -238     Y: 201      Ttl 110
[35mК.ракета       c638b9r  46 Koord X: 3208754     Y: 4568255     Speed:619      X: 174      Y: -595     Пропала[0m
[ZRDN3_Mahachkala] В 14:28:37:611 Обнаружена цель id:a9b16ar координаты 4134474 2502469 тип:KR скорость:392
[ZRDN3_Mahachkala] Стрельба по цели id:a9b16ar тип:KR. Осталось ракет: 17
[КП от ZRDN3_Mahachkala] Обнаружена цель id:a9b16ar координаты X:4134474 Y:2502469 тип:KR скорость:392
[SPRO_Omsk] Цель id:286243b УНИЧТОЖЕНА
[35mК.ракета       14c868r  11 Koord X: 6312034     Y: 3486506     Speed:970      X: -149     Y: 959      Пропала[0m
[КП от SPRO_Omsk] >>> Цель id:286243b УНИЧТОЖЕНА (BB_BR) <<<
[32mК.ракета       a9b16ar  26 Koord X: 4135080     Y: 2503480     Speed:392      X: 202      Y: 337      		Уничтожена ZRDN3_Mahachkala[0m
[КП от ZRDN3_Mahachkala] Стрельба по цели id:a9b16ar тип:KR AMMO:17
К.ракета       0c135ar  46 Koord X: 11594000    Y: 7181000     Speed:329      X: -269     Y: -191     Ttl 121
Бал.блок       a64e56b  11 Koord X: 11160000    Y: 7822000     Speed:8179     X: -3296    Y: -7486    Ttl 106
К.ракета       8adfd6r  26 Koord X: 2802000     Y: 6281000     Speed:527      X: 400      Y: -344     Ttl  84
[35mСамолет        2d6fcbs  33 Koord X: 9457181     Y: 6673440     Speed:81       X: -17      Y: -80      Пропала[0m
К.ракета       5259a8r  33 Koord X: 5424000     Y: 2800000     Speed:741      X: -354     Y: 652      Ttl 164
[35mСамолет        0772e3s   4 Koord X: 9776374     Y: 7605680     Speed:209      X: -194     Y: -80      Пропала[0m
[ZRDN3_Mahachkala] В 14:29:01:369 Обнаружена цель id:654a76b координаты 3573300 2792100 тип:BB_BR скорость:8613
[КП от ZRDN3_Mahachkala] Обнаружена цель id:654a76b координаты X:3573300 Y:2792100 тип:BB_BR скорость:8613
Бал.блок       362e28b   4 Koord X: 1583000     Y: 7706000     Speed:9120     X: 2523     Y: -8765    Ttl 214
[RLS1_Voronezh] В 14:29:13:371 Обнаружена цель id:1a3dd0s с координатами 2700900 2241330 тип:SAM скорость:215
[КП от RLS1_Voronezh] Обнаружена цель id:1a3dd0s координаты X:2700900 Y:2241330 тип:SAM скорость:215
[ZRDN3_Mahachkala] Цель id:a9b16ar УНИЧТОЖЕНА
[КП от ZRDN3_Mahachkala] >>> Цель id:a9b16ar УНИЧТОЖЕНА (KR) <<<
[RLS3_Dnepr] В 14:29:29:979 Обнаружена цель id:639d43r с координатами 5179909 1823140 тип:KR скорость:580
[КП от RLS3_Dnepr] Обнаружена цель id:639d43r координаты X:5179909 Y:1823140 тип:KR скорость:580
[35mСамолет        7712afs  28 Koord X: 9535798     Y: 5453237     Speed:95       X: -22      Y: -93      Пропала[0m
Самолет        4e3fd1s  28 Koord X: 6000000     Y: 3903000     Speed:111      X: 72       Y: -85      Ttl  88
[RLS3_Dnepr] В 14:29:46:512 Обнаружена цель id:ba8f2ds с координатами 5831314 1424517 тип:SAM скорость:133
[ZRDN1_Orenburg] В 14:29:47:959 Обнаружена цель id:01649bs координаты 4032204 3046142 тип:SAM скорость:63
[ZRDN1_Orenburg] Стрельба по цели id:01649bs тип:SAM. Осталось ракет: 15
[32mСамолет        01649bs  36 Koord X: 4032222     Y: 3046331     Speed:63       X: 6        Y: 63       		Уничтожена ZRDN1_Orenburg[0m
[RLS2_Daryal] В 14:29:51:808 Обнаружена цель id:a64e56b с координатами 11133632 7762112 тип:BB_BR скорость:8179
[RLS2_Daryal] Цель id:a64e56b движется в направлении СПРО
К.ракета       7566c3r  36 Koord X: 2891000     Y: 6428000     Speed:663      X: 7        Y: -663     Ttl 184
[КП от RLS2_Daryal] Обнаружена цель id:a64e56b координаты X:11133632 Y:7762112 тип:BB_BR скорость:8179
[КП от RLS2_Daryal] !!! цель движется в направлении СПРО id:a64e56b !!!
[КП от RLS3_Dnepr] Обнаружена цель id:ba8f2ds координаты X:5831314 Y:1424517 тип:SAM скорость:133
[КП от ZRDN1_Orenburg] Обнаружена цель id:01649bs координаты X:4032204 Y:3046142 тип:SAM скорость:63
[КП от ZRDN1_Orenburg] Стрельба по цели id:01649bs тип:SAM AMMO:15
[35mК.ракета       b11765r  47 Koord X: 5970986     Y: 4596875     Speed:665      X: 654      Y: 125      Пропала[0m
К.ракета       b1b65ar  47 Koord X: 4595000     Y: 2004000     Speed:746      X: 621      Y: 415      Ttl  80
[35mСамолет        2d71bds  41 Koord X: 5389300     Y: 1125320     Speed:201      X: 105      Y: 172      Пропала[0m
[35mБал.блок       550c88b  17 Koord X: 8778378     Y: 3671324     Speed:8058     X: -4711    Y: -6538    Пропала[0m
Бал.блок       67182ab  41 Koord X: 2870000     Y: 5186000     Speed:9675     X: 265      Y: -9672    Ttl 131
Самолет        fea9acs  17 Koord X: 6735000     Y: 3593000     Speed:189      X: 81       Y: 171      Ttl  66
[35mК.ракета       20ea9br  40 Koord X: 11659275    Y: 1043425     Speed:551      X: -309     Y: 457      Пропала[0m
[ZRDN1_Orenburg] Цель id:01649bs УНИЧТОЖЕНА
[КП от ZRDN1_Orenburg] >>> Цель id:01649bs УНИЧТОЖЕНА (SAM) <<<
Самолет        298675s  40 Koord X: 6742000     Y: 6859000     Speed:114      X: 8        Y: -114     Ttl  38
[RLS2_Daryal] В 14:30:45:624 Обнаружена цель id:7d2463r с координатами 11609427 7241425 тип:KR скорость:287
[35mСамолет        326fcfs  30 Koord X: 6287370     Y: 1351040     Speed:199      X: 194      Y: 48       Пропала[0m
[КП от RLS2_Daryal] Обнаружена цель id:7d2463r координаты X:11609427 Y:7241425 тип:KR скорость:287
[SPRO_Omsk] В 14:30:58:018 Обнаружена цель id:e30336r координаты 6381500 3902508 тип:KR скорость:651
[КП от SPRO_Omsk] Обнаружена цель id:e30336r координаты X:6381500 Y:3902508 тип:KR скорость:651
К.ракета       6b7c33r  30 Koord X: 6275000     Y: 7745000     Speed:387      X: 141      Y: -361     Ttl  67
[ZRDN3_Mahachkala] В 14:31:06:471 Обнаружена цель id:654a76b координаты 3693315 2656755 тип:BB_BR скорость:8613
[КП от ZRDN3_Mahachkala] Обнаружена цель id:654a76b координаты X:3693315 Y:2656755 тип:BB_BR скорость:8613
[35mК.ракета       f4c6b4r   5 Koord X: 3595493     Y: 5875732     Speed:376      X: 339      Y: -164     Пропала[0m
К.ракета       d1e5d9r   5 Koord X: 11551000    Y: 5364000     Speed:622      X: -563     Y: -266     Ttl 188
[35mБал.блок       3fc3cbb  34 Koord X: 11112344    Y: 4226684     Speed:8201     X: -66      Y: -8201    Пропала[0m
[35mБал.блок       654a76b  25 Koord X: 3739035     Y: 2605195     Speed:8613     X: 5715     Y: -6445    Пропала[0m
Самолет        077168s  34 Koord X: 6324000     Y: 5786000     Speed:153      X: 104      Y: -113     Ttl 158
[RLS2_Daryal] В 14:31:34:833 Обнаружена цель id:0c135ar с координатами 11587275 7176225 тип:KR скорость:329
[КП от RLS2_Daryal] Обнаружена цель id:0c135ar координаты X:11587275 Y:7176225 тип:KR скорость:329
Бал.блок       4b55f3b  25 Koord X: 7314000     Y: 4468000     Speed:8626     X: -1126    Y: -8553    Ttl 186
[35mК.ракета       d0dfd0r  10 Koord X: 6863712     Y: 4518528     Speed:594      X: 61       Y: -591     Пропала[0m
[RLS3_Dnepr] В 14:31:47:423 Обнаружена цель id:ba8f2ds с координатами 5831034 1427177 тип:SAM скорость:133
Самолет        a58878s  10 Koord X: 7440000     Y: 7714000     Speed:190      X: -33      Y: -188     Ttl  65
[КП от RLS3_Dnepr] Обнаружена цель id:ba8f2ds координаты X:5831034 Y:1427177 тип:SAM скорость:133
[35mК.ракета       639d43r   2 Koord X: 5180576     Y: 1839960     Speed:580      X: 23       Y: 580      Пропала[0m
Бал.блок       93a70db   2 Koord X: 8589000     Y: 4840000     Speed:8719     X: -3602    Y: 7941     Ttl 278
[SPRO_Omsk] В 14:32:23:826 Обнаружена цель id:e30336r координаты 6377750 3911538 тип:KR скорость:651
[КП от SPRO_Omsk] Обнаружена цель id:e30336r координаты X:6377750 Y:3911538 тип:KR скорость:651
[RLS2_Daryal] В 14:32:27:451 Обнаружена цель id:7d2463r с координатами 11606205 7237375 тип:KR скорость:287
[КП от RLS2_Daryal] Обнаружена цель id:7d2463r координаты X:11606205 Y:7237375 тип:KR скорость:287
[35mСамолет        88b324s  39 Koord X: 5557285     Y: 2878606     Speed:100      X: -35      Y: 94       Пропала[0m
Самолет        2c2e79s  39 Koord X: 9448000     Y: 5556000     Speed:157      X: -90      Y: -129     Ttl 122
[SPRO_Omsk] В 14:32:41:252 Обнаружена цель id:fea9acs координаты 6736620 3596420 тип:SAM скорость:189
[КП от SPRO_Omsk] Обнаружена цель id:fea9acs координаты X:6736620 Y:3596420 тип:SAM скорость:189
[35mК.ракета       d6e821r  50 Koord X: 11379416    Y: 1933028     Speed:260      X: -98      Y: 241      Пропала[0m
[RLS2_Daryal] В 14:32:45:203 Обнаружена цель id:a64e56b с координатами 11041344 7552504 тип:BB_BR скорость:8179
[RLS2_Daryal] Цель id:a64e56b движется в направлении СПРО
[35mСамолет        1a3dd0s  23 Koord X: 2706900     Y: 2247530     Speed:215      X: 150      Y: 155      Пропала[0m
К.ракета       a3f358r  50 Koord X: 5425000     Y: 4617000     Speed:682      X: 537      Y: 422      Ttl  79
К.ракета       43e1fer  23 Koord X: 5334000     Y: 2635000     Speed:702      X: 529      Y: 462      Ttl 112
[35mК.ракета       c832d4r  45 Koord X: 5222240     Y: 4820896     Speed:706      X: -370     Y: 602      Пропала[0m
[КП от RLS2_Daryal] Обнаружена цель id:a64e56b координаты X:11041344 Y:7552504 тип:BB_BR скорость:8179
[КП от RLS2_Daryal] !!! цель движется в направлении СПРО id:a64e56b !!!
Самолет        986183s  45 Koord X: 2573000     Y: 4288000     Speed:83       X: 21       Y: 81       Ttl 113
[35mБал.блок       b18e83b  21 Koord X: 2721320     Y: 3396896     Speed:8569     X: 5540     Y: -6538    Пропала[0m
Бал.блок       d91ff4b  21 Koord X: 7757000     Y: 5609000     Speed:9319     X: 6168     Y: -6987    Ttl 184
[SPRO_Omsk] В 14:33:33:016 Обнаружена цель id:5259a8r координаты 5408778 2828036 тип:KR скорость:741
[КП от SPRO_Omsk] Обнаружена цель id:5259a8r координаты X:5408778 Y:2828036 тип:KR скорость:741
[35mК.ракета       e30336r  22 Koord X: 6373750     Y: 3921170     Speed:651      X: -250     Y: 602      Пропала[0m
[35mСамолет        55a2a0s  20 Koord X: 1589865     Y: 4789540     Speed:102      X: 69       Y: -76      Пропала[0m
К.ракета       280967r  22 Koord X: 1330000     Y: 3983000     Speed:909      X: 91       Y: 905      Ttl  51
[35mСамолет        acfd7ds  43 Koord X: 5985428     Y: 3228356     Speed:85       X: 79       Y: 33       Пропала[0m
Бал.блок       5385bab  20 Koord X: 2473000     Y: 5020000     Speed:9713     X: 5420     Y: -8061    Ttl 156
[SPRO_Omsk] В 14:33:53:467 Обнаружена цель id:4e3fd1s координаты 6002736 3899770 тип:SAM скорость:111
Бал.блок       2607edb  43 Koord X: 6021000     Y: 1893000     Speed:9142     X: -3437    Y: 8472     Ttl 255
[КП от SPRO_Omsk] Обнаружена цель id:4e3fd1s координаты X:6002736 Y:3899770 тип:SAM скорость:111
[35mБал.блок       bfb870b   8 Koord X: 7072120     Y: 4869480     Speed:8242     X: -3055    Y: 7655     Пропала[0m
[SPRO_Omsk] В 14:34:12:494 Обнаружена цель id:acfd7ds координаты 5985428 3228356 тип:SAM скорость:85
[КП от SPRO_Omsk] Обнаружена цель id:acfd7ds координаты X:5985428 Y:3228356 тип:SAM скорость:85
К.ракета       e51a15r   8 Koord X: 11611000    Y: 4819000     Speed:555      X: -522     Y: -191     Ttl  98
[35mСамолет        298675s  40 Koord X: 6742304     Y: 6854668     Speed:114      X: 8        Y: -114     Пропала[0m
Бал.блок       ac09cdb  40 Koord X: 9399000     Y: 2745000     Speed:9929     X: -3754    Y: 9193     Ttl 215
[35mСамолет        c7d897s  38 Koord X: 7410255     Y: 4214557     Speed:60       X: 35       Y: 49       Пропала[0m
Бал.блок       677e3fb  38 Koord X: 8469000     Y: 5528000     Speed:8111     X: -5051    Y: -6347    Ttl 154
[35mСамолет        ba8f2ds   9 Koord X: 5830530     Y: 1431965     Speed:133      X: -14      Y: 133      Пропала[0m
Бал.блок       41a535b   9 Koord X: 7008000     Y: 4344000     Speed:8127     X: 6244     Y: -5203    Ttl  80
[SPRO_Omsk] В 14:35:06:502 Обнаружена цель id:a3f358r координаты 5435203 4625018 тип:KR скорость:682
[КП от SPRO_Omsk] Обнаружена цель id:a3f358r координаты X:5435203 Y:4625018 тип:KR скорость:682
[35mК.ракета       b5a096r  13 Koord X: 9611410     Y: 4626340     Speed:784      X: -762     Y: -188     Пропала[0m
[RLS1_Voronezh] В 14:35:15:017 Обнаружена цель id:338913r с координатами 1444672 4461112 тип:KR скорость:820
К.ракета       0f814br  13 Koord X: 11291000    Y: 3241000     Speed:371      X: -370     Y: 38       Ttl  97
[RLS2_Daryal] В 14:35:23:184 Обнаружена цель id:0c135ar с координатами 11576784 7168776 тип:KR скорость:329
[КП от RLS1_Voronezh] Обнаружена цель id:338913r координаты X:1444672 Y:4461112 тип:KR скорость:820
[КП от RLS2_Daryal] Обнаружена цель id:0c135ar координаты X:11576784 Y:7168776 тип:KR скорость:329
[RLS1_Voronezh] В 14:35:31:576 Обнаружена цель id:280967r с координатами 1331365 3996575 тип:KR скорость:909
[КП от RLS1_Voronezh] Обнаружена цель id:280967r координаты X:1331365 Y:3996575 тип:KR скорость:909
[RLS3_Dnepr] В 14:35:32:804 Обнаружена цель id:ba8f2ds с координатами 5830530 1431965 тип:SAM скорость:133
[КП от RLS3_Dnepr] Обнаружена цель id:ba8f2ds координаты X:5830530 Y:1431965 тип:SAM скорость:133
[SPRO_Omsk] В 14:36:00:792 Обнаружена цель id:fea9acs координаты 6739293 3602063 тип:SAM скорость:189
[КП от SPRO_Omsk] Обнаружена цель id:fea9acs координаты X:6739293 Y:3602063 тип:SAM скорость:189
[35mК.ракета       b24577r  31 Koord X: 7722625     Y: 4121375     Speed:297      X: -147     Y: 259      Пропала[0m
Самолет        bfbe7cs  31 Koord X: 6196000     Y: 6156000     Speed:125      X: -101     Y: -75      Ttl  61
[RLS2_Daryal] В 14:36:17:144 Обнаружена цель id:7d2463r с координатами 11599224 7228600 тип:KR скорость:287
[RLS3_Dnepr] В 14:36:24:526 Обнаружена цель id:2607edb с координатами 5941949 2087856 тип:BB_BR скорость:9142
[RLS3_Dnepr] Цель id:2607edb движется в направлении СПРО
[КП от RLS2_Daryal] Обнаружена цель id:7d2463r координаты X:11599224 Y:7228600 тип:KR скорость:287
[КП от RLS3_Dnepr] Обнаружена цель id:2607edb координаты X:5941949 Y:2087856 тип:BB_BR скорость:9142
[КП от RLS3_Dnepr] !!! цель движется в направлении СПРО id:2607edb !!!
[35mБал.блок       b596b0b  12 Koord X: 8107640     Y: 5478160     Speed:9740     X: -6696    Y: -7074    Пропала[0m
Самолет        0226a8s  12 Koord X: 8643000     Y: 5339000     Speed:54       X: -34      Y: -43      Ttl  82
[35mСамолет        fea9acs  17 Koord X: 6740346     Y: 3604286     Speed:189      X: 81       Y: 171      Пропала[0m
[SPRO_Omsk] В 14:36:52:625 Обнаружена цель id:5259a8r координаты 5396742 2850204 тип:KR скорость:741
[35mК.ракета       f46e5dr  32 Koord X: 10653376    Y: 3634456     Speed:650      X: -46      Y: 649      Пропала[0m
[КП от SPRO_Omsk] Обнаружена цель id:5259a8r координаты X:5396742 Y:2850204 тип:KR скорость:741
Бал.блок       61839bb  17 Koord X: 3714000     Y: 4976000     Speed:8189     X: 5220     Y: -6310    Ttl 112
Бал.блок       d65399b  32 Koord X: 8169000     Y: 4911000     Speed:9119     X: -3687    Y: 8341     Ttl 294
[35mК.ракета       8adfd6r  26 Koord X: 2835600     Y: 6252104     Speed:527      X: 400      Y: -344     Пропала[0m
[SPRO_Omsk] В 14:37:10:004 Обнаружена цель id:4e3fd1s координаты 6005184 3896880 тип:SAM скорость:111
[КП от SPRO_Omsk] Обнаружена цель id:4e3fd1s координаты X:6005184 Y:3896880 тип:SAM скорость:111
Самолет        322b57s  26 Koord X: 1766000     Y: 7898000     Speed:143      X: 8        Y: -143     Ttl  53
[RLS2_Daryal] В 14:37:12:116 Обнаружена цель id:a64e56b с координатами 10889728 7208148 тип:BB_BR скорость:8179
[RLS2_Daryal] Цель id:a64e56b движется в направлении СПРО
[КП от RLS2_Daryal] Обнаружена цель id:a64e56b координаты X:10889728 Y:7208148 тип:BB_BR скорость:8179
[КП от RLS2_Daryal] !!! цель движется в направлении СПРО id:a64e56b !!!
[SPRO_Omsk] В 14:37:25:527 Обнаружена цель id:43e1fer координаты 5356747 2654866 тип:KR скорость:702
[КП от SPRO_Omsk] Обнаружена цель id:43e1fer координаты X:5356747 Y:2654866 тип:KR скорость:702
[35mБал.блок       65fd9db   7 Koord X: 4123233     Y: 6358367     Speed:9994     X: 2009     Y: 9791     Пропала[0m
[RLS1_Voronezh] В 14:37:32:538 Обнаружена цель id:338913r с координатами 1458880 4447480 тип:KR скорость:820
Бал.блок       2c3ebab   7 Koord X: 6359000     Y: 4528000     Speed:9742     X: -2479    Y: 9422     Ttl  60
[КП от RLS1_Voronezh] Обнаружена цель id:338913r координаты X:1458880 Y:4447480 тип:KR скорость:820
[35mК.ракета       6b7c33r  30 Koord X: 6284447     Y: 7720813     Speed:387      X: 141      Y: -361     Пропала[0m
К.ракета       2f5636r  30 Koord X: 6119000     Y: 3680000     Speed:673      X: -81      Y: -669     Ttl 122
[35mСамолет        31a70ds  35 Koord X: 3614666     Y: 5764237     Speed:133      X: 6        Y: -133     Пропала[0m
К.ракета       ea5f80r  35 Koord X: 6641000     Y: 1741000     Speed:987      X: 743      Y: 651      Ttl  60
[RLS1_Voronezh] В 14:37:53:635 Обнаружена цель id:280967r с координатами 1333458 4017390 тип:KR скорость:909
[КП от RLS1_Voronezh] Обнаружена цель id:280967r координаты X:1333458 Y:4017390 тип:KR скорость:909
[35mК.ракета       b1b65ar  47 Koord X: 4644680     Y: 2037200     Speed:746      X: 621      Y: 415      Пропала[0m
[35mСамолет        36cbbas  24 Koord X: 7248984     Y: 5241280     Speed:96       X: -88      Y: 40       Пропала[0m
Самолет        0da7aes  47 Koord X: 6424000     Y: 3766000     Speed:210      X: 187      Y: -97      Ttl  10
[RLS2_Daryal] В 14:38:06:777 Обнаружена цель id:0c135ar с координатами 11569521 7163619 тип:KR скорость:329
[КП от RLS2_Daryal] Обнаружена цель id:0c135ar координаты X:11569521 Y:7163619 тип:KR скорость:329
Бал.блок       1b2cbfb  24 Koord X: 5287000     Y: 1845000     Speed:8794     X: 7767     Y: 4126     Ttl  17
[35mСамолет        a58878s  10 Koord X: 7437855     Y: 7701780     Speed:190      X: -33      Y: -188     Пропала[0m
[35mК.ракета       eecb1er  48 Koord X: 2086304     Y: 7484128     Speed:794      X: 306      Y: -733     Пропала[0m
[SPRO_Omsk] В 14:38:18:765 Обнаружена цель id:a3f358r координаты 5453461 4639366 тип:KR скорость:682
Бал.блок       7ed036b  10 Koord X: 3788000     Y: 995000      Speed:9928     X: 7800     Y: 6143     Ttl 123
[35mСамолет        4e3fd1s  28 Koord X: 6006336     Y: 3895520     Speed:111      X: 72       Y: -85      Пропала[0m
К.ракета       afc39er  48 Koord X: 10418000    Y: 4445000     Speed:934      X: -168     Y: -919     Ttl 205
[КП от SPRO_Omsk] Обнаружена цель id:a3f358r координаты X:5453461 Y:4639366 тип:KR скорость:682
Самолет        122299s  28 Koord X: 2324000     Y: 4054000     Speed:226      X: 44       Y: 222      Ttl  91
[35mБал.блок       cd6802b  42 Koord X: 10698520    Y: 3206500     Speed:9355     X: -324     Y: -9350    Пропала[0m
[35mК.ракета       280967r  22 Koord X: 1334641     Y: 4029155     Speed:909      X: 91       Y: 905      Пропала[0m
Бал.блок       6a4dbeb  42 Koord X: 2445000     Y: 1623000     Speed:9197     X: 1225     Y: 9116     Ttl 160
К.ракета       b232e2r  22 Koord X: 5473000     Y: 3317000     Speed:378      X: 350      Y: 145      Ttl  66
[RLS3_Dnepr] В 14:39:04:924 Обнаружена цель id:2607edb с координатами 5852587 2308128 тип:BB_BR скорость:9142
[RLS3_Dnepr] Цель id:2607edb движется в направлении СПРО
[35mСамолет        0da7aes  47 Koord X: 6425870     Y: 3765030     Speed:210      X: 187      Y: -97      Пропала[0m
[КП от RLS3_Dnepr] Обнаружена цель id:2607edb координаты X:5852587 Y:2308128 тип:BB_BR скорость:9142
[КП от RLS3_Dnepr] !!! цель движется в направлении СПРО id:2607edb !!!
[35mК.ракета       7d2463r   6 Koord X: 11593496    Y: 7221400     Speed:287      X: -179     Y: -225     Пропала[0m
Самолет        f6fe36s  47 Koord X: 2880000     Y: 3945000     Speed:58       X: 15       Y: 57       Ttl 122
[SPRO_Omsk] В 14:39:12:152 Обнаружена цель id:0da7aes координаты 6425496 3765224 тип:SAM скорость:210
[КП от SPRO_Omsk] Обнаружена цель id:0da7aes координаты X:6425496 Y:3765224 тип:SAM скорость:210
Бал.блок       783949b   6 Koord X: 10918000    Y: 3637000     Speed:8546     X: -7683    Y: -3744    Ttl 266
[35mБал.блок       a64e56b  11 Koord X: 10810624    Y: 7028484     Speed:8179     X: -3296    Y: -7486    Пропала[0m
[35mК.ракета       8087c3r  19 Koord X: 7872640     Y: 3833260     Speed:905      X: -572     Y: 702      Пропала[0m
[RLS1_Voronezh] В 14:39:17:176 Обнаружена цель id:7ed036b с координатами 3842600 1038001 тип:BB_BR скорость:9928
[RLS1_Voronezh] Цель id:7ed036b движется в направлении СПРО
К.ракета       7b3595r  11 Koord X: 2589000     Y: 4826000     Speed:503      X: 140      Y: -484     Ttl  89
[RLS3_Dnepr] В 14:39:19:472 Обнаружена цель id:ea5f80r с координатами 6650659 1749463 тип:KR скорость:987
Бал.блок       0a029cb  19 Koord X: 4519000     Y: 2500000     Speed:8757     X: 6503     Y: 5866     Ttl 142
[35mК.ракета       aedc36r  44 Koord X: 9452820     Y: 2590110     Speed:311      X: -238     Y: 201      Пропала[0m
[КП от RLS1_Voronezh] Обнаружена цель id:7ed036b координаты X:3842600 Y:1038001 тип:BB_BR скорость:9928
[КП от RLS1_Voronezh] !!! цель движется в направлении СПРО id:7ed036b !!!
[35mК.ракета       e99f8br  37 Koord X: 4686935     Y: 7500305     Speed:547      X: 477      Y: -269     Пропала[0m
[КП от RLS3_Dnepr] Обнаружена цель id:ea5f80r координаты X:6650659 Y:1749463 тип:KR скорость:987
Бал.блок       2efce6b  44 Koord X: 5300000     Y: 5731000     Speed:9656     X: 3025     Y: -9170    Ttl  43
Бал.блок       766dd4b  37 Koord X: 6706000     Y: 3577000     Speed:8607     X: -5633    Y: 6508     Ttl 104
[35mБал.блок       1b2cbfb  24 Koord X: 5419039     Y: 1915142     Speed:8794     X: 7767     Y: 4126     Пропала[0m
Бал.блок       a96e55b  24 Koord X: 11330000    Y: 2102000     Speed:8155     X: -7920    Y: 1947     Ttl  82
[RLS2_Daryal] В 14:40:05:649 Обнаружена цель id:a64e56b с координатами 10810624 7028484 тип:BB_BR скорость:8179
[SPRO_Omsk] В 14:40:05:676 Обнаружена цель id:2c3ebab координаты 6301983 4744706 тип:BB_BR скорость:9742
[RLS2_Daryal] Цель id:a64e56b движется в направлении СПРО
[SPRO_Omsk] Стрельба по цели id:2c3ebab тип:BB_BR. Осталось противоракет: 4
[КП от RLS2_Daryal] Обнаружена цель id:a64e56b координаты X:10810624 Y:7028484 тип:BB_BR скорость:8179
[35mК.ракета       338913r  14 Koord X: 1476048     Y: 4431008     Speed:820      X: 592      Y: -568     Пропала[0m
[КП от RLS2_Daryal] !!! цель движется в направлении СПРО id:a64e56b !!!
[КП от SPRO_Omsk] Обнаружена цель id:2c3ebab координаты X:6301983 Y:4744706 тип:BB_BR скорость:9742
[КП от SPRO_Omsk] Стрельба по цели id:2c3ebab тип:BB_BR AMMO:4
[32mБал.блок       2c3ebab   7 Koord X: 6294546     Y: 4772972     Speed:9742     X: -2479    Y: 9422     		Уничтожена SPRO_Omsk[0m
Самолет        cca4f7s  14 Koord X: 8357000     Y: 6326000     Speed:242      X: -29      Y: -241     Ttl 198
[RLS3_Dnepr] В 14:40:14:579 Обнаружена цель id:1b2cbfb с координатами 5419039 1915142 тип:BB_BR скорость:8794
[RLS3_Dnepr] Цель id:1b2cbfb движется в направлении СПРО
К.ракета       7c2985r   7 Koord X: 1949000     Y: 4396000     Speed:984      X: 510      Y: -842     Ttl 163
[КП от RLS3_Dnepr] Обнаружена цель id:1b2cbfb координаты X:5419039 Y:1915142 тип:BB_BR скорость:8794
[КП от RLS3_Dnepr] !!! цель движется в направлении СПРО id:1b2cbfb !!!
[35mК.ракета       a3f358r  50 Koord X: 5467423     Y: 4650338     Speed:682      X: 537      Y: 422      Пропала[0m
[35mК.ракета       0c135ar  46 Koord X: 11561451    Y: 7157889     Speed:329      X: -269     Y: -191     Пропала[0m
К.ракета       e4ed6cr  50 Koord X: 5237000     Y: 5990000     Speed:540      X: 185      Y: -508     Ttl  41
[35mБал.блок       5dde57b  18 Koord X: 9178260     Y: 4387200     Speed:9624     X: -2322    Y: -9340    Пропала[0m
К.ракета       907debr  46 Koord X: 5063000     Y: 2408000     Speed:407      X: 64       Y: 402      Ttl  29
[SPRO_Omsk] Цель id:2c3ebab УНИЧТОЖЕНА
Самолет        8487ebs  18 Koord X: 7478000     Y: 3869000     Speed:219      X: -200     Y: -91      Ttl 202
[КП от SPRO_Omsk] >>> Цель id:2c3ebab УНИЧТОЖЕНА (BB_BR) <<<
[35mСамолет        07c0d1s  49 Koord X: 4600950     Y: 6197410     Speed:54       X: 30       Y: -46      Пропала[0m
Самолет        77f7e7s  49 Koord X: 11131000    Y: 6894000     Speed:181      X: -28      Y: -179     Ttl 167
[RLS3_Dnepr] В 14:41:12:578 Обнаружена цель id:ea5f80r с координатами 6664033 1761181 тип:KR скорость:987
[КП от RLS3_Dnepr] Обнаружена цель id:ea5f80r координаты X:6664033 Y:1761181 тип:KR скорость:987
[SPRO_Omsk] В 14:41:31:982 Обнаружена цель id:b232e2r координаты 5481400 3320480 тип:KR скорость:378
[КП от SPRO_Omsk] Обнаружена цель id:b232e2r координаты X:5481400 Y:3320480 тип:KR скорость:378
[35mБал.блок       82dfc3b  15 Koord X: 3664051     Y: 8057070     Speed:9688     X: 1059     Y: 9630     Пропала[0m
Самолет        c5b6c7s  15 Koord X: 5954000     Y: 6346000     Speed:68       X: 14       Y: -67      Ttl  70
[SPRO_Omsk] В 14:41:52:447 Обнаружена цель id:43e1fer координаты 5380023 2675194 тип:KR скорость:702
[КП от SPRO_Omsk] Обнаружена цель id:43e1fer координаты X:5380023 Y:2675194 тип:KR скорость:702
[35mСамолет        bfbe7cs  31 Koord X: 6189839     Y: 6151425     Speed:125      X: -101     Y: -75      Пропала[0m
Бал.блок       9b8bdcb  31 Koord X: 6998000     Y: 2964000     Speed:9827     X: 1839     Y: 9654     Ttl 105
[35mСамолет        322b57s  26 Koord X: 1766424     Y: 7890421     Speed:143      X: 8        Y: -143     Пропала[0m
[RLS1_Voronezh] В 14:42:27:968 Обнаружена цель id:7ed036b с координатами 4084400 1228434 тип:BB_BR скорость:9928
[RLS1_Voronezh] Цель id:7ed036b движется в направлении СПРО
[КП от RLS1_Voronezh] Обнаружена цель id:7ed036b координаты X:4084400 Y:1228434 тип:BB_BR скорость:9928
[КП от RLS1_Voronezh] !!! цель движется в направлении СПРО id:7ed036b !!!
Самолет        3238e3s  26 Koord X: 3456000     Y: 4942000     Speed:186      X: 119      Y: -144     Ttl 188
[RLS3_Dnepr] В 14:42:36:546 Обнаружена цель id:ea5f80r с координатами 6674435 1770295 тип:KR скорость:987
[КП от RLS3_Dnepr] Обнаружена цель id:ea5f80r координаты X:6674435 Y:1770295 тип:KR скорость:987
[SPRO_Omsk] В 14:42:42:582 Обнаружена цель id:2607edb координаты 5725418 2621592 тип:BB_BR скорость:9142
[SPRO_Omsk] Стрельба по цели id:2607edb тип:BB_BR. Осталось противоракет: 3
[КП от SPRO_Omsk] Обнаружена цель id:2607edb координаты X:5725418 Y:2621592 тип:BB_BR скорость:9142
[КП от SPRO_Omsk] Стрельба по цели id:2607edb тип:BB_BR AMMO:3
[32mБал.блок       2607edb  43 Koord X: 5715107     Y: 2647008     Speed:9142     X: -3437    Y: 8472     		Уничтожена SPRO_Omsk[0m
Бал.блок       e8cb2eb  43 Koord X: 4253000     Y: 3624000     Speed:8641     X: 7119     Y: -4899    Ttl  76
[35mБал.блок       41a535b   9 Koord X: 7507520     Y: 3927760     Speed:8127     X: 6244     Y: -5203    Пропала[0m
[SPRO_Omsk] В 14:43:04:280 Обнаружена цель id:5259a8r координаты 5374794 2890628 тип:KR скорость:741
[КП от SPRO_Omsk] Обнаружена цель id:5259a8r координаты X:5374794 Y:2890628 тип:KR скорость:741
К.ракета       9e44abr   9 Koord X: 4616000     Y: 6632000     Speed:892      X: 656      Y: -605     Ttl 176
[35mБал.блок       67182ab  41 Koord X: 2904715     Y: 3918968     Speed:9675     X: 265      Y: -9672    Пропала[0m
[SPRO_Omsk] В 14:43:20:312 Обнаружена цель id:907debr координаты 5064408 2416844 тип:KR скорость:407
[35mБал.блок       a1b162b  29 Koord X: 8756330     Y: 6719550     Speed:8023     X: -2915    Y: 7475     Пропала[0m
[RLS1_Voronezh] В 14:43:23:066 Обнаружена цель id:6a4dbeb с координатами 2497675 2014988 тип:BB_BR скорость:9197
[RLS1_Voronezh] Цель id:6a4dbeb движется в направлении СПРО
[SPRO_Omsk] Цель id:2607edb УНИЧТОЖЕНА
К.ракета       834846r  41 Koord X: 6533000     Y: 4582000     Speed:870      X: 848      Y: -198     Ttl  56
[КП от RLS1_Voronezh] Обнаружена цель id:6a4dbeb координаты X:2497675 Y:2014988 тип:BB_BR скорость:9197
[КП от RLS1_Voronezh] !!! цель движется в направлении СПРО id:6a4dbeb !!!
[КП от SPRO_Omsk] Обнаружена цель id:907debr координаты X:5064408 Y:2416844 тип:KR скорость:407
[КП от SPRO_Omsk] >>> Цель id:2607edb УНИЧТОЖЕНА (BB_BR) <<<
Самолет        74c1bfs  29 Koord X: 6162000     Y: 2021000     Speed:66       X: 50       Y: 44       Ttl 180
[SPRO_Omsk] В 14:43:39:583 Обнаружена цель id:766dd4b координаты 6497579 3817796 тип:BB_BR скорость:8607
[SPRO_Omsk] Стрельба по цели id:766dd4b тип:BB_BR. Осталось противоракет: 2
[КП от SPRO_Omsk] Обнаружена цель id:766dd4b координаты X:6497579 Y:3817796 тип:BB_BR скорость:8607
[32mБал.блок       766dd4b  37 Koord X: 6480680     Y: 3837320     Speed:8607     X: -5633    Y: 6508     		Уничтожена SPRO_Omsk[0m
[КП от SPRO_Omsk] Стрельба по цели id:766dd4b тип:BB_BR AMMO:2
[35mК.ракета       907debr  46 Koord X: 5064856     Y: 2419658     Speed:407      X: 64       Y: 402      Пропала[0m
[35mК.ракета       ea5f80r  35 Koord X: 6685580     Y: 1780060     Speed:987      X: 743      Y: 651      Пропала[0m
К.ракета       802d21r  37 Koord X: 5853000     Y: 1050000     Speed:998      X: -695     Y: 717      Ttl 116
[35mБал.блок       2efce6b  44 Koord X: 5430075     Y: 5336690     Speed:9656     X: 3025     Y: -9170    Пропала[0m
Бал.блок       51dcf1b  46 Koord X: 6265000     Y: 5615000     Speed:9454     X: -6493    Y: -6872    Ttl 277
К.ракета       6b5661r  35 Koord X: 6128000     Y: 2450000     Speed:542      X: -431     Y: 330      Ttl 151
Бал.блок       96921ab  44 Koord X: 4169000     Y: 7138000     Speed:8503     X: 3741     Y: -7636    Ttl 221
[35mК.ракета       e51a15r   8 Koord X: 11559844    Y: 4800282     Speed:555      X: -522     Y: -191     Пропала[0m
[35mК.ракета       43e1fer  23 Koord X: 5393248     Y: 2686744     Speed:702      X: 529      Y: 462      Пропала[0m
Самолет        41ce25s   8 Koord X: 2197000     Y: 7512000     Speed:89       X: 64       Y: -63      Ttl 145
Самолет        47cef6s  23 Koord X: 7205000     Y: 3824000     Speed:65       X: 54       Y: 37       Ttl 154
[ZRDN1_Orenburg] В 14:44:08:417 Обнаружена цель id:e8cb2eb координаты 4317071 3579909 тип:BB_BR скорость:8641
[КП от ZRDN1_Orenburg] Обнаружена цель id:e8cb2eb координаты X:4317071 Y:3579909 тип:BB_BR скорость:8641
[35mСамолет        986183s  45 Koord X: 2575373     Y: 4297153     Speed:83       X: 21       Y: 81       Пропала[0m
Самолет        eaaf0cs  45 Koord X: 5963000     Y: 3794000     Speed:209      X: -12      Y: 209      Ttl  94
[SPRO_Omsk] Цель id:766dd4b УНИЧТОЖЕНА
[КП от SPRO_Omsk] >>> Цель id:766dd4b УНИЧТОЖЕНА (BB_BR) <<<
[SPRO_Omsk] В 14:44:31:759 Обнаружена цель id:2f5636r координаты 6113735 3636515 тип:KR скорость:673
[КП от SPRO_Omsk] Обнаружена цель id:2f5636r координаты X:6113735 Y:3636515 тип:KR скорость:673
[35mСамолет        2c2e79s  39 Koord X: 9437020     Y: 5540262     Speed:157      X: -90      Y: -129     Пропала[0m
К.ракета       6ea913r  39 Koord X: 2323000     Y: 3503000     Speed:495      X: 418      Y: 267      Ttl  62
[35mК.ракета       e4ed6cr  50 Koord X: 5244585     Y: 5969172     Speed:540      X: 185      Y: -508     Пропала[0m
[SPRO_Omsk] В 14:44:50:711 Обнаружена цель id:0a029cb координаты 4850653 2799166 тип:BB_BR скорость:8757
[SPRO_Omsk] Стрельба по цели id:0a029cb тип:BB_BR. Осталось противоракет: 1
[35mСамолет        0226a8s  12 Koord X: 8640212     Y: 5335474     Speed:54       X: -34      Y: -43      Пропала[0m
[32mБал.блок       0a029cb  19 Koord X: 4870162     Y: 2816764     Speed:8757     X: 6503     Y: 5866     		Уничтожена SPRO_Omsk[0m
[КП от SPRO_Omsk] Обнаружена цель id:0a029cb координаты X:4850653 Y:2799166 тип:BB_BR скорость:8757
К.ракета       57978ar  50 Koord X: 6674000     Y: 6308000     Speed:305      X: 199      Y: -232     Ttl  79
[КП от SPRO_Omsk] Стрельба по цели id:0a029cb тип:BB_BR AMMO:1
К.ракета       00cb6er  12 Koord X: 6708000     Y: 7280000     Speed:700      X: 319      Y: -624     Ttl 133
[35mК.ракета       0f814br  13 Koord X: 11255110    Y: 3244686     Speed:371      X: -370     Y: 38       Пропала[0m
К.ракета       f4948br  19 Koord X: 9692000     Y: 5143000     Speed:530      X: -111     Y: -519     Ttl  96
Бал.блок       cf2794b  13 Koord X: 3573000     Y: 5929000     Speed:8383     X: 2087     Y: -8120    Ttl 244
[SPRO_Omsk] В 14:45:10:441 Обнаружена цель id:b232e2r координаты 5493650 3325555 тип:KR скорость:378
[КП от SPRO_Omsk] Обнаружена цель id:b232e2r координаты X:5493650 Y:3325555 тип:KR скорость:378
[35mК.ракета       5259a8r  33 Koord X: 5365944     Y: 2906928     Speed:741      X: -354     Y: 652      Пропала[0m
[RLS3_Dnepr] В 14:45:19:409 Обнаружена цель id:74c1bfs с координатами 6162750 2021660 тип:SAM скорость:66
К.ракета       d0503br  33 Koord X: 2029000     Y: 1549000     Speed:416      X: 274      Y: 314      Ttl 117
[КП от RLS3_Dnepr] Обнаружена цель id:74c1bfs координаты X:6162750 Y:2021660 тип:SAM скорость:66
[SPRO_Omsk] Цель id:0a029cb УНИЧТОЖЕНА
[КП от SPRO_Omsk] >>> Цель id:0a029cb УНИЧТОЖЕНА (BB_BR) <<<
[RLS1_Voronezh] В 14:45:29:960 Обнаружена цель id:6a4dbeb с координатами 2522175 2197308 тип:BB_BR скорость:9197
[RLS1_Voronezh] Цель id:6a4dbeb движется в направлении СПРО
[КП от RLS1_Voronezh] Обнаружена цель id:6a4dbeb координаты X:2522175 Y:2197308 тип:BB_BR скорость:9197
[КП от RLS1_Voronezh] !!! цель движется в направлении СПРО id:6a4dbeb !!!
[35mК.ракета       b232e2r  22 Koord X: 5496100     Y: 3326570     Speed:378      X: 350      Y: 145      Пропала[0m
Бал.блок       ae5f23b  22 Koord X: 11130000    Y: 4136000     Speed:9633     X: -2459    Y: 9314     Ttl 305
[35mСамолет        78ddfcs   1 Koord X: 4043660     Y: 2022170     Speed:89       X: 36       Y: 82       Пропала[0m
Бал.блок       6711bfb   1 Koord X: 10772000    Y: 4198000     Speed:9947     X: -7499    Y: 6536     Ttl 192
[SPRO_Omsk] В 14:46:18:229 Обнаружена цель id:61839bb координаты 4183800 4408100 тип:BB_BR скорость:8189
[SPRO_Omsk] Стрельба по цели id:61839bb тип:BB_BR. Осталось противоракет: 0
[SPRO_Omsk] Боекомплект исчерпан! Переход в режим обнаружения
[31mБал.блок       61839bb  17 Koord X: 4194240     Y: 4395480     Speed:8189     X: 5220     Y: -6310    		Промах SPRO_Omsk[0m
[RLS1_Voronezh] В 14:46:23:500 Обнаружена цель id:7ed036b с координатами 4388600 1468011 тип:BB_BR скорость:9928
[RLS1_Voronezh] Цель id:7ed036b движется в направлении СПРО
[КП от RLS1_Voronezh] Обнаружена цель id:7ed036b координаты X:4388600 Y:1468011 тип:BB_BR скорость:9928
[КП от RLS1_Voronezh] !!! цель движется в направлении СПРО id:7ed036b !!!
[КП от SPRO_Omsk] Обнаружена цель id:61839bb координаты X:4183800 Y:4408100 тип:BB_BR скорость:8189
[КП от SPRO_Omsk] Стрельба по цели id:61839bb тип:BB_BR AMMO:0
[КП] !!! SPRO_Omsk: боекомплект исчерпан! !!!
[ZRDN1_Orenburg] В 14:46:43:949 Обнаружена цель id:e8cb2eb координаты 4495046 3457434 тип:BB_BR скорость:8641
[КП от ZRDN1_Orenburg] Обнаружена цель id:e8cb2eb координаты X:4495046 Y:3457434 тип:BB_BR скорость:8641
[RLS3_Dnepr] В 14:46:51:620 Обнаружена цель id:802d21r с координатами 5834930 1068642 тип:KR скорость:998
[КП от RLS3_Dnepr] Обнаружена цель id:802d21r координаты X:5834930 Y:1068642 тип:KR скорость:998
[SPRO_Omsk] ПРОМАХ по цели id:61839bb
[КП от SPRO_Omsk] ПРОМАХ по цели id:61839bb (BB_BR)
[RLS3_Dnepr] В 14:47:11:838 Обнаружена цель id:6b5661r с координатами 6115932 2459240 тип:KR скорость:542
[КП от RLS3_Dnepr] Обнаружена цель id:6b5661r координаты X:6115932 Y:2459240 тип:KR скорость:542
[35mСамолет        077168s  34 Koord X: 6340432     Y: 5768146     Speed:153      X: 104      Y: -113     Пропала[0m
К.ракета       fe977dr  34 Koord X: 7386000     Y: 6446000     Speed:931      X: 680      Y: -637     Ttl 195
[35mСамолет        122299s  28 Koord X: 2328004     Y: 4074202     Speed:226      X: 44       Y: 222      Пропала[0m
К.ракета       670780r  28 Koord X: 2168000     Y: 2331000     Speed:351      X: 163      Y: 311      Ttl  85
[SPRO_Omsk] В 14:47:49:747 Обнаружена цель id:2f5636r координаты 6111143 3615107 тип:KR скорость:673
[КП от SPRO_Omsk] Обнаружена цель id:2f5636r координаты X:6111143 Y:3615107 тип:KR скорость:673
[RLS1_Voronezh] В 14:47:56:634 Обнаружена цель id:d0503br с координатами 2035028 1555908 тип:KR скорость:416
[КП от RLS1_Voronezh] Обнаружена цель id:d0503br координаты X:2035028 Y:1555908 тип:KR скорость:416
[RLS3_Dnepr] В 14:48:05:397 Обнаружена цель id:74c1bfs с координатами 6164050 2022804 тип:SAM скорость:66
[КП от RLS3_Dnepr] Обнаружена цель id:74c1bfs координаты X:6164050 Y:2022804 тип:SAM скорость:66
[SPRO_Omsk] В 14:48:09:685 Обнаружена цель id:e8cb2eb координаты 4594712 3388848 тип:BB_BR скорость:8641
[КП от SPRO_Omsk] Обнаружена цель id:e8cb2eb координаты X:4594712 Y:3388848 тип:BB_BR скорость:8641
[ZRDN1_Orenburg] В 14:48:11:390 Обнаружена цель id:e8cb2eb координаты 4594712 3388848 тип:BB_BR скорость:8641
[КП от ZRDN1_Orenburg] Обнаружена цель id:e8cb2eb координаты X:4594712 Y:3388848 тип:BB_BR скорость:8641
[RLS1_Voronezh] В 14:48:14:229 Обнаружена цель id:6a4dbeb с координатами 2555250 2443440 тип:BB_BR скорость:9197
[RLS1_Voronezh] Цель id:6a4dbeb движется в направлении СПРО
[КП от RLS1_Voronezh] Обнаружена цель id:6a4dbeb координаты X:2555250 Y:2443440 тип:BB_BR скорость:9197
[35mБал.блок       61839bb  17 Koord X: 4298640     Y: 4269280     Speed:8189     X: 5220     Y: -6310    Пропала[0m
[КП от RLS1_Voronezh] !!! цель движется в направлении СПРО id:6a4dbeb !!!
[35mБал.блок       a96e55b  24 Koord X: 10680560    Y: 2261654     Speed:8155     X: -7920    Y: 1947     Пропала[0m
[35mК.ракета       7566c3r  36 Koord X: 2892288     Y: 6306008     Speed:663      X: 7        Y: -663     Пропала[0m
[35mК.ракета       7b3595r  11 Koord X: 2601460     Y: 4782924     Speed:503      X: 140      Y: -484     Пропала[0m
К.ракета       aa04b5r  17 Koord X: 5408000     Y: 3272000     Speed:681      X: -666     Y: 146      Ttl 188
Самолет        317a7ds  24 Koord X: 7346000     Y: 7640000     Speed:62       X: -13      Y: -61      Ttl  95
Самолет        4b7a65s  36 Koord X: 5437000     Y: 5693000     Speed:208      X: -24      Y: -207     Ttl  33
[SPRO_Omsk] В 14:48:23:958 Обнаружена цель id:eaaf0cs координаты 5962556 3801733 тип:SAM скорость:209
Самолет        25708es  11 Koord X: 10401000    Y: 3527000     Speed:211      X: -27      Y: 210      Ttl  76
[КП от SPRO_Omsk] Обнаружена цель id:eaaf0cs координаты X:5962556 Y:3801733 тип:SAM скорость:209
[RLS2_Daryal] В 14:48:35:509 Обнаружена цель id:84e703b с координатами 8038670 7285231 тип:BB_BR скорость:8839
[КП от RLS2_Daryal] Обнаружена цель id:84e703b координаты X:8038670 Y:7285231 тип:BB_BR скорость:8839
[SPRO_Omsk] В 14:48:41:815 Обнаружена цель id:834846r координаты 6574552 4572298 тип:KR скорость:870
[КП от SPRO_Omsk] Обнаружена цель id:834846r координаты X:6574552 Y:4572298 тип:KR скорость:870
[35mБал.блок       43fe9cb   3 Koord X: 4071088     Y: 4963704     Speed:9323     X: -5888    Y: -7229    Пропала[0m
[35mСамолет        c5b6c7s  15 Koord X: 5954980     Y: 6341310     Speed:68       X: 14       Y: -67      Пропала[0m
Бал.блок       b62613b   3 Koord X: 7149000     Y: 2139000     Speed:8212     X: 2501     Y: 7822     Ttl 118
К.ракета       249d23r  15 Koord X: 10120000    Y: 4674000     Speed:990      X: -260     Y: -956     Ttl 192
[SPRO_Omsk] В 14:49:05:136 Обнаружена цель id:6b5661r координаты 6107743 2465510 тип:KR скорость:542
[35mК.ракета       834846r  41 Koord X: 6580488     Y: 4570912     Speed:870      X: 848      Y: -198     Пропала[0m
[КП от SPRO_Omsk] Обнаружена цель id:6b5661r координаты X:6107743 Y:2465510 тип:KR скорость:542
[SPRO_Omsk] Автопополнение боекомплекта: 10
[КП] SPRO_Omsk: боекомплект пополнен AMMO:10
Бал.блок       ca4a91b  41 Koord X: 4388000     Y: 4405000     Speed:8812     X: 876      Y: -8769    Ttl 207
[35mБал.блок       5385bab  20 Koord X: 3318520     Y: 3762484     Speed:9713     X: 5420     Y: -8061    Пропала[0m
Бал.блок       a3444eb  20 Koord X: 8560000     Y: 8058000     Speed:8938     X: -5915    Y: -6702    Ttl  15
[35mК.ракета       2f5636r  30 Koord X: 6109118     Y: 3598382     Speed:673      X: -81      Y: -669     Пропала[0m
[35mК.ракета       d1e5d9r   5 Koord X: 11445156    Y: 5313992     Speed:622      X: -563     Y: -266     Пропала[0m
К.ракета       d4116fr  30 Koord X: 5477000     Y: 7368000     Speed:852      X: -621     Y: -584     Ttl 191
Самолет        ba44aes   5 Koord X: 4485000     Y: 3948000     Speed:122      X: 88       Y: -85      Ttl  29
[RLS3_Dnepr] В 14:50:08:563 Обнаружена цель id:b62613b с координатами 7169008 2201576 тип:BB_BR скорость:8212
[RLS3_Dnepr] Цель id:b62613b движется в направлении СПРО
[КП от RLS3_Dnepr] Обнаружена цель id:b62613b координаты X:7169008 Y:2201576 тип:BB_BR скорость:8212
[КП от RLS3_Dnepr] !!! цель движется в направлении СПРО id:b62613b !!!
[35mБал.блок       4b55f3b  25 Koord X: 7104564     Y: 2877142     Speed:8626     X: -1126    Y: -8553    Пропала[0m
К.ракета       dd1f19r  25 Koord X: 7540000     Y: 6456000     Speed:545      X: -208     Y: -504     Ttl  90
[RLS1_Voronezh] В 14:50:17:404 Обнаружена цель id:d0503br с координатами 2041604 1563444 тип:KR скорость:416
[35mБал.блок       677e3fb  38 Koord X: 7691146     Y: 4550562     Speed:8111     X: -5051    Y: -6347    Пропала[0m
[35mБал.блок       362e28b   4 Koord X: 2122922     Y: 5830290     Speed:9120     X: 2523     Y: -8765    Пропала[0m
[КП от RLS1_Voronezh] Обнаружена цель id:d0503br координаты X:2041604 Y:1563444 тип:KR скорость:416
[SPRO_Omsk] В 14:50:27:447 Обнаружена цель id:51dcf1b координаты 5855941 5182064 тип:BB_BR скорость:9454
[SPRO_Omsk] Стрельба по цели id:51dcf1b тип:BB_BR. Осталось противоракет: 9
[КП от SPRO_Omsk] Обнаружена цель id:51dcf1b координаты X:5855941 Y:5182064 тип:BB_BR скорость:9454
Самолет        860e5cs  38 Koord X: 6420000     Y: 4985000     Speed:186      X: -64      Y: -175     Ttl  91
[32mБал.блок       51dcf1b  46 Koord X: 5842955     Y: 5168320     Speed:9454     X: -6493    Y: -6872    		Уничтожена SPRO_Omsk[0m
[КП от SPRO_Omsk] Стрельба по цели id:51dcf1b тип:BB_BR AMMO:9
Бал.блок       b5fce5b   4 Koord X: 4450000     Y: 2276000     Speed:9977     X: 6992     Y: 7118     Ttl 186
[RLS1_Voronezh] В 14:50:33:858 Обнаружена цель id:670780r с координатами 2172075 2338775 тип:KR скорость:351
[КП от RLS1_Voronezh] Обнаружена цель id:670780r координаты X:2172075 Y:2338775 тип:KR скорость:351
[35mБал.блок       e8cb2eb  43 Koord X: 4794044     Y: 3251676     Speed:8641     X: 7119     Y: -4899    Пропала[0m
К.ракета       05b57ar  46 Koord X: 10715000    Y: 1996000     Speed:439      X: -193     Y: 395      Ttl 200
[RLS2_Daryal] В 14:50:37:654 Обнаружена цель id:a3444eb с координатами 8518595 8011086 тип:BB_BR скорость:8938
[RLS2_Daryal] Цель id:a3444eb движется в направлении СПРО
[КП от RLS2_Daryal] Обнаружена цель id:a3444eb координаты X:8518595 Y:8011086 тип:BB_BR скорость:8938
[КП от RLS2_Daryal] !!! цель движется в направлении СПРО id:a3444eb !!!
К.ракета       9e39aar  43 Koord X: 6218000     Y: 5984000     Speed:539      X: -359     Y: -403     Ttl 193
[35mБал.блок       7ed036b  10 Koord X: 4747400     Y: 1750589     Speed:9928     X: 7800     Y: 6143     Пропала[0m
К.ракета       cddc73r  10 Koord X: 4039000     Y: 3144000     Speed:379      X: 296      Y: 238      Ttl 209
[35mБал.блок       84e703b  16 Koord X: 8101850     Y: 7506205     Speed:8839     X: 2430     Y: 8499     Пропала[0m
Бал.блок       1365d9b  16 Koord X: 10078000    Y: 6505000     Speed:9733     X: -2835    Y: -9312    Ttl 208
[35mБал.блок       a3444eb  20 Koord X: 8471275     Y: 7957470     Speed:8938     X: -5915    Y: -6702    Пропала[0m
[RLS3_Dnepr] В 14:51:06:934 Обнаружена цель id:7ed036b с координатами 4739600 1744446 тип:BB_BR скорость:9928
[RLS3_Dnepr] Цель id:7ed036b движется в направлении СПРО
[КП от RLS3_Dnepr] Обнаружена цель id:7ed036b координаты X:4739600 Y:1744446 тип:BB_BR скорость:9928
[КП от RLS3_Dnepr] !!! цель движется в направлении СПРО id:7ed036b !!!
[35mК.ракета       6ea913r  39 Koord X: 2348916     Y: 3519554     Speed:495      X: 418      Y: 267      Пропала[0m
К.ракета       59db8br  20 Koord X: 10560000    Y: 5230000     Speed:990      X: -833     Y: -536     Ttl 177
[SPRO_Omsk] Цель id:51dcf1b УНИЧТОЖЕНА
[КП от SPRO_Omsk] >>> Цель id:51dcf1b УНИЧТОЖЕНА (BB_BR) <<<
Самолет        d419c4s  39 Koord X: 5065000     Y: 7481000     Speed:86       X: 51       Y: -70      Ttl 153
[SPRO_Omsk] В 14:51:26:385 Обнаружена цель id:6b5661r координаты 6097399 2473430 тип:KR скорость:542
[КП от SPRO_Omsk] Обнаружена цель id:6b5661r координаты X:6097399 Y:2473430 тип:KR скорость:542
[35mСамолет        f6fe36s  47 Koord X: 2881830     Y: 3951954     Speed:58       X: 15       Y: 57       Пропала[0m
Бал.блок       642cd4b  47 Koord X: 6550000     Y: 4421000     Speed:8007     X: 6024     Y: -5276    Ttl 121
[35mСамолет        4b7a65s  36 Koord X: 5436208     Y: 5686169     Speed:208      X: -24      Y: -207     Пропала[0m
[35mБал.блок       d91ff4b  21 Koord X: 8891912     Y: 4323392     Speed:9319     X: 6168     Y: -6987    Пропала[0m
Самолет        84de97s  36 Koord X: 4326000     Y: 3662000     Speed:87       X: 35       Y: -80      Ttl  92
Самолет        a1e7c7s  21 Koord X: 7381000     Y: 3177000     Speed:96       X: -1       Y: 96       Ttl 153
[ZRDN1_Orenburg] В 14:52:03:204 Обнаружена цель id:cddc73r координаты 4041368 3145904 тип:KR скорость:379
[ZRDN1_Orenburg] Стрельба по цели id:cddc73r тип:KR. Осталось ракет: 14
[КП от ZRDN1_Orenburg] Обнаружена цель id:cddc73r координаты X:4041368 Y:3145904 тип:KR скорость:379
[КП от ZRDN1_Orenburg] Стрельба по цели id:cddc73r тип:KR AMMO:14
[32mК.ракета       cddc73r  10 Koord X: 4042256     Y: 3146618     Speed:379      X: 296      Y: 238      		Уничтожена ZRDN1_Orenburg[0m
К.ракета       90c044r  10 Koord X: 10609000    Y: 4262000     Speed:815      X: -371     Y: -726     Ttl 122
[RLS3_Dnepr] В 14:52:16:092 Обнаружена цель id:802d21r с координатами 5798095 1106643 тип:KR скорость:998
[SPRO_Omsk] В 14:52:21:900 Обнаружена цель id:860e5cs координаты 6419040 4982375 тип:SAM скорость:186
[КП от RLS3_Dnepr] Обнаружена цель id:802d21r координаты X:5798095 Y:1106643 тип:KR скорость:998
[КП от SPRO_Omsk] Обнаружена цель id:860e5cs координаты X:6419040 Y:4982375 тип:SAM скорость:186
[RLS3_Dnepr] В 14:52:33:315 Обнаружена цель id:6b5661r с координатами 6092658 2477060 тип:KR скорость:542
[КП от RLS3_Dnepr] Обнаружена цель id:6b5661r координаты X:6092658 Y:2477060 тип:KR скорость:542
[35mБал.блок       1f524eb  27 Koord X: 2820618     Y: 4615894     Speed:8421     X: 4126     Y: -7342    Пропала[0m
[SPRO_Omsk] В 14:52:39:506 Обнаружена цель id:eaaf0cs координаты 5962064 3810302 тип:SAM скорость:209
[КП от SPRO_Omsk] Обнаружена цель id:eaaf0cs координаты X:5962064 Y:3810302 тип:SAM скорость:209
Самолет        c76855s  27 Koord X: 8988000     Y: 1900000     Speed:57       X: -6       Y: 57       Ttl  29
[ZRDN1_Orenburg] Цель id:cddc73r УНИЧТОЖЕНА
[КП от ZRDN1_Orenburg] >>> Цель id:cddc73r УНИЧТОЖЕНА (KR) <<<
[SPRO_Omsk] В 14:52:59:380 Обнаружена цель id:ca4a91b координаты 4416908 4115623 тип:BB_BR скорость:8812
[SPRO_Omsk] Стрельба по цели id:ca4a91b тип:BB_BR. Осталось противоракет: 8
[31mБал.блок       ca4a91b  41 Koord X: 4419536     Y: 4089316     Speed:8812     X: 876      Y: -8769    		Промах SPRO_Omsk[0m
[КП от SPRO_Omsk] Обнаружена цель id:ca4a91b координаты X:4416908 Y:4115623 тип:BB_BR скорость:8812
[КП от SPRO_Omsk] Стрельба по цели id:ca4a91b тип:BB_BR AMMO:8
[35mК.ракета       57978ar  50 Koord X: 6689721     Y: 6289672     Speed:305      X: 199      Y: -232     Пропала[0m
[35mБал.блок       9b8bdcb  31 Koord X: 7191095     Y: 3977670     Speed:9827     X: 1839     Y: 9654     Пропала[0m
Самолет        63e78ds  50 Koord X: 5946000     Y: 2842000     Speed:55       X: -46      Y: 31       Ttl 125
[35mСамолет        ba44aes   5 Koord X: 4487552     Y: 3945535     Speed:122      X: 88       Y: -85      Пропала[0m
Бал.блок       e809deb  31 Koord X: 5743000     Y: 1854000     Speed:8721     X: 2984     Y: 8195     Ttl 126
К.ракета       71c11ar   5 Koord X: 6665000     Y: 7628000     Speed:764      X: 652      Y: -400     Ttl  36
[RLS3_Dnepr] В 14:53:29:669 Обнаружена цель id:74c1bfs с координатами 6166750 2025180 тип:SAM скорость:66
[КП от RLS3_Dnepr] Обнаружена цель id:74c1bfs координаты X:6166750 Y:2025180 тип:SAM скорость:66
[SPRO_Omsk] ПРОМАХ по цели id:ca4a91b
[КП от SPRO_Omsk] ПРОМАХ по цели id:ca4a91b (BB_BR)
[RLS3_Dnepr] В 14:53:46:840 Обнаружена цель id:a1e7c7s с координатами 7380985 3178440 тип:SAM скорость:96
[SPRO_Omsk] В 14:53:50:868 Обнаружена цель id:642cd4b координаты 6658432 4326032 тип:BB_BR скорость:8007
[SPRO_Omsk] Стрельба по цели id:642cd4b тип:BB_BR. Осталось противоракет: 7
[КП от RLS3_Dnepr] Обнаружена цель id:a1e7c7s координаты X:7380985 Y:3178440 тип:SAM скорость:96
[35mСамолет        eaaf0cs  45 Koord X: 5961872     Y: 3813646     Speed:209      X: -12      Y: 209      Пропала[0m
[31mБал.блок       642cd4b  47 Koord X: 6676504     Y: 4310204     Speed:8007     X: 6024     Y: -5276    		Промах SPRO_Omsk[0m
[КП от SPRO_Omsk] Обнаружена цель id:642cd4b координаты X:6658432 Y:4326032 тип:BB_BR скорость:8007
[КП от SPRO_Omsk] Стрельба по цели id:642cd4b тип:BB_BR AMMO:7
Самолет        f4246cs  45 Koord X: 5972000     Y: 1947000     Speed:232      X: 43       Y: 228      Ttl 179
[SPRO_Omsk] В 14:54:13:841 Обнаружена цель id:84de97s координаты 4326665 3660480 тип:SAM скорость:87
[КП от SPRO_Omsk] Обнаружена цель id:84de97s координаты X:4326665 Y:3660480 тип:SAM скорость:87
[SPRO_Omsk] ПРОМАХ по цели id:642cd4b
[КП от SPRO_Omsk] ПРОМАХ по цели id:642cd4b (BB_BR)
[RLS3_Dnepr] В 14:54:39:400 Обнаружена цель id:b62613b с координатами 7281553 2553566 тип:BB_BR скорость:8212
[RLS3_Dnepr] Цель id:b62613b движется в направлении СПРО
[КП от RLS3_Dnepr] Обнаружена цель id:b62613b координаты X:7281553 Y:2553566 тип:BB_BR скорость:8212
[КП от RLS3_Dnepr] !!! цель движется в направлении СПРО id:b62613b !!!
[ZRDN1_Orenburg] В 14:54:42:104 Обнаружена цель id:84de97s координаты 4326840 3660080 тип:SAM скорость:87
[ZRDN1_Orenburg] Стрельба по цели id:84de97s тип:SAM. Осталось ракет: 13
[КП от ZRDN1_Orenburg] Обнаружена цель id:84de97s координаты X:4326840 Y:3660080 тип:SAM скорость:87
[КП от ZRDN1_Orenburg] Стрельба по цели id:84de97s тип:SAM AMMO:13
[32mСамолет        84de97s  36 Koord X: 4326945     Y: 3659840     Speed:87       X: 35       Y: -80      		Уничтожена ZRDN1_Orenburg[0m
[35mК.ракета       f4948br  19 Koord X: 9681344     Y: 5093176     Speed:530      X: -111     Y: -519     Пропала[0m
Бал.блок       32ad64b  36 Koord X: 10959000    Y: 2591000     Speed:8248     X: -6798    Y: 4672     Ttl 120
К.ракета       fb1b39r  19 Koord X: 9014000     Y: 6705000     Speed:266      X: -130     Y: -233     Ttl 200
[35mБал.блок       6a4dbeb  42 Koord X: 2641000     Y: 3081560     Speed:9197     X: 1225     Y: 9116     Пропала[0m
[SPRO_Omsk] В 14:55:08:434 Обнаружена цель id:ca4a91b координаты 4435304 3931474 тип:BB_BR скорость:8812
[SPRO_Omsk] Стрельба по цели id:ca4a91b тип:BB_BR. Осталось противоракет: 6
[КП от SPRO_Omsk] Обнаружена цель id:ca4a91b координаты X:4435304 Y:3931474 тип:BB_BR скорость:8812
[КП от SPRO_Omsk] Стрельба по цели id:ca4a91b тип:BB_BR AMMO:6
[32mБал.блок       ca4a91b  41 Koord X: 4437932     Y: 3905167     Speed:8812     X: 876      Y: -8769    		Уничтожена SPRO_Omsk[0m
Бал.блок       a4d988b  42 Koord X: 5206000     Y: 7395000     Speed:8407     X: 1186     Y: -8323    Ttl 267
К.ракета       7cea4cr  41 Koord X: 8346000     Y: 4239000     Speed:613      X: -494     Y: 364      Ttl  89
[ZRDN1_Orenburg] Цель id:84de97s УНИЧТОЖЕНА
[КП от ZRDN1_Orenburg] >>> Цель id:84de97s УНИЧТОЖЕНА (SAM) <<<
[RLS3_Dnepr] В 14:55:38:585 Обнаружена цель id:f4246cs с координатами 5972516 1949736 тип:SAM скорость:232
[КП от RLS3_Dnepr] Обнаружена цель id:f4246cs координаты X:5972516 Y:1949736 тип:SAM скорость:232
[35mСамолет        c76855s  27 Koord X: 8987826     Y: 1901653     Speed:57       X: -6       Y: 57       Пропала[0m
[35mК.ракета       802d21r  37 Koord X: 5772380     Y: 1133172     Speed:998      X: -695     Y: 717      Пропала[0m
[SPRO_Omsk] Цель id:ca4a91b УНИЧТОЖЕНА
Самолет        7d10aas  27 Koord X: 3225000     Y: 942000      Speed:140      X: 37       Y: 136      Ttl 209
Бал.блок       341839b  37 Koord X: 7701000     Y: 7837000     Speed:9326     X: 7597     Y: -5410    Ttl 296
[КП от SPRO_Omsk] >>> Цель id:ca4a91b УНИЧТОЖЕНА (BB_BR) <<<
[RLS3_Dnepr] В 14:55:57:298 Обнаружена цель id:802d21r с координатами 5773075 1132455 тип:KR скорость:998
[КП от RLS3_Dnepr] Обнаружена цель id:802d21r координаты X:5773075 Y:1132455 тип:KR скорость:998
[SPRO_Omsk] В 14:56:01:971 Обнаружена цель id:aa04b5r координаты 5360714 3282366 тип:KR скорость:681
[КП от SPRO_Omsk] Обнаружена цель id:aa04b5r координаты X:5360714 Y:3282366 тип:KR скорость:681
[35mБал.блок       ac09cdb  40 Koord X: 8591890     Y: 4721495     Speed:9929     X: -3754    Y: 9193     Пропала[0m
Самолет        216c2fs  40 Koord X: 1654000     Y: 2012000     Speed:143      X: 50       Y: 135      Ttl  76
[35mСамолет        25708es  11 Koord X: 10398948    Y: 3542960     Speed:211      X: -27      Y: 210      Пропала[0m
[RLS3_Dnepr] В 14:56:17:691 Обнаружена цель id:e809deb с координатами 5820584 2067070 тип:BB_BR скорость:8721
[RLS3_Dnepr] Цель id:e809deb движется в направлении СПРО
К.ракета       0927c7r  11 Koord X: 8868000     Y: 7744000     Speed:795      X: -31      Y: -795     Ttl  64
[КП от RLS3_Dnepr] Обнаружена цель id:e809deb координаты X:5820584 Y:2067070 тип:BB_BR скорость:8721
[КП от RLS3_Dnepr] !!! цель движется в направлении СПРО id:e809deb !!!
[35mК.ракета       670780r  28 Koord X: 2181855     Y: 2357435     Speed:351      X: 163      Y: 311      Пропала[0m
[RLS3_Dnepr] В 14:56:32:094 Обнаружена цель id:6b5661r с координатами 6076280 2489600 тип:KR скорость:542
[КП от RLS3_Dnepr] Обнаружена цель id:6b5661r координаты X:6076280 Y:2489600 тип:KR скорость:542
Бал.блок       338e5cb  28 Koord X: 6694000     Y: 6623000     Speed:9513     X: 2607     Y: -9149    Ttl 212
[SPRO_Omsk] В 14:56:49:229 Обнаружена цель id:860e5cs координаты 6416288 4974850 тип:SAM скорость:186
[КП от SPRO_Omsk] Обнаружена цель id:860e5cs координаты X:6416288 Y:4974850 тип:SAM скорость:186
[35mК.ракета       71c11ar   5 Koord X: 6688472     Y: 7613600     Speed:764      X: 652      Y: -400     Пропала[0m
[35mК.ракета       7c2985r   7 Koord X: 2032130     Y: 4258754     Speed:984      X: 510      Y: -842     Пропала[0m
Самолет        6dcbb2s   5 Koord X: 5605000     Y: 4954000     Speed:163      X: 45       Y: -157     Ttl  18
К.ракета       57b47fr   7 Koord X: 10785000    Y: 3682000     Speed:587      X: -37      Y: -586     Ttl 208
[RLS1_Voronezh] В 14:57:08:041 Обнаружена цель id:7d10aas с координатами 3225370 943360 тип:SAM скорость:140
[КП от RLS1_Voronezh] Обнаружена цель id:7d10aas координаты X:3225370 Y:943360 тип:SAM скорость:140
[SPRO_Omsk] В 14:57:09:187 Обнаружена цель id:6b5661r координаты 6073694 2491580 тип:KR скорость:542
[КП от SPRO_Omsk] Обнаружена цель id:6b5661r координаты X:6073694 Y:2491580 тип:KR скорость:542
[35mК.ракета       d0503br  33 Koord X: 2061058     Y: 1585738     Speed:416      X: 274      Y: 314      Пропала[0m
Самолет        70356es  33 Koord X: 5629000     Y: 4347000     Speed:191      X: 27       Y: 190      Ttl  85
[RLS1_Voronezh] В 14:57:25:898 Обнаружена цель id:216c2fs с координатами 1654450 2013215 тип:SAM скорость:143
[КП от RLS1_Voronezh] Обнаружена цель id:216c2fs координаты X:1654450 Y:2013215 тип:SAM скорость:143
[RLS1_Voronezh] В 14:57:40:899 Обнаружена цель id:d0503br с координатами 2061058 1585738 тип:KR скорость:416
[КП от RLS1_Voronezh] Обнаружена цель id:d0503br координаты X:2061058 Y:1585738 тип:KR скорость:416
[RLS1_Voronezh] В 14:57:59:074 Обнаружена цель id:670780r с координатами 2181855 2357435 тип:KR скорость:351
[КП от RLS1_Voronezh] Обнаружена цель id:670780r координаты X:2181855 Y:2357435 тип:KR скорость:351
[SPRO_Omsk] В 14:58:00:676 Обнаружена цель id:b5fce5b координаты 4932448 2767142 тип:BB_BR скорость:9977
[SPRO_Omsk] Стрельба по цели id:b5fce5b тип:BB_BR. Осталось противоракет: 5
[32mБал.блок       b5fce5b   4 Koord X: 4953424     Y: 2788496     Speed:9977     X: 6992     Y: 7118     		Уничтожена SPRO_Omsk[0m
[КП от SPRO_Omsk] Обнаружена цель id:b5fce5b координаты X:4932448 Y:2767142 тип:BB_BR скорость:9977
[КП от SPRO_Omsk] Стрельба по цели id:b5fce5b тип:BB_BR AMMO:5
[35mСамолет        317a7ds  24 Koord X: 7344765     Y: 7634205     Speed:62       X: -13      Y: -61      Пропала[0m
Самолет        1f315as   4 Koord X: 10072000    Y: 6084000     Speed:65       X: -45      Y: -48      Ttl  32
Самолет        bef0d9s  24 Koord X: 4439000     Y: 5200000     Speed:173      X: 26       Y: -172     Ttl 101
[35mСамолет        77f7e7s  49 Koord X: 11126324    Y: 6864107     Speed:181      X: -28      Y: -179     Пропала[0m
Самолет        02adf0s  49 Koord X: 7368000     Y: 2140000     Speed:220      X: -4       Y: 220      Ttl 188
[SPRO_Omsk] В 14:58:23:572 Обнаружена цель id:6dcbb2s координаты 5605405 4952587 тип:SAM скорость:163
[КП от SPRO_Omsk] Обнаружена цель id:6dcbb2s координаты X:5605405 Y:4952587 тип:SAM скорость:163
[35mК.ракета       00cb6er  12 Koord X: 6750427     Y: 7197008     Speed:700      X: 319      Y: -624     Пропала[0m
[RLS3_Dnepr] В 14:58:38:019 Обнаружена цель id:a1e7c7s с координатами 7380938 3182952 тип:SAM скорость:96
[RLS2_Daryal] В 14:58:38:194 Обнаружена цель id:0927c7r с координатами 8867380 7728100 тип:KR скорость:795
[SPRO_Omsk] В 14:58:38:907 Обнаружена цель id:aa04b5r координаты 5342732 3286308 тип:KR скорость:681
[КП от RLS2_Daryal] Обнаружена цель id:0927c7r координаты X:8867380 Y:7728100 тип:KR скорость:795
[КП от RLS3_Dnepr] Обнаружена цель id:a1e7c7s координаты X:7380938 Y:3182952 тип:SAM скорость:96
[КП от SPRO_Omsk] Обнаружена цель id:aa04b5r координаты X:5342732 Y:3286308 тип:KR скорость:681
Бал.блок       2ce7f5b  12 Koord X: 3123000     Y: 1013000     Speed:8515     X: 1536     Y: 8376     Ttl  49
[SPRO_Omsk] Цель id:b5fce5b УНИЧТОЖЕНА
[КП от SPRO_Omsk] >>> Цель id:b5fce5b УНИЧТОЖЕНА (BB_BR) <<<
[35mСамолет        6dcbb2s   5 Koord X: 5605810     Y: 4951174     Speed:163      X: 45       Y: -157     Пропала[0m
[35mСамолет        41ce25s   8 Koord X: 2206280     Y: 7502865     Speed:89       X: 64       Y: -63      Пропала[0m
[RLS3_Dnepr] В 14:58:56:031 Обнаружена цель id:b62613b с координатами 7384094 2874268 тип:BB_BR скорость:8212
[RLS3_Dnepr] Цель id:b62613b движется в направлении СПРО
[КП от RLS3_Dnepr] Обнаружена цель id:b62613b координаты X:7384094 Y:2874268 тип:BB_BR скорость:8212
[КП от RLS3_Dnepr] !!! цель движется в направлении СПРО id:b62613b !!!
К.ракета       6f30far   5 Koord X: 10961000    Y: 5037000     Speed:366      X: -298     Y: -214     Ttl  11
Бал.блок       ab3591b   8 Koord X: 5359000     Y: 2820000     Speed:8804     X: 6340     Y: 6110     Ttl  16
[35mК.ракета       afc39er  48 Koord X: 10383560    Y: 4256605     Speed:934      X: -168     Y: -919     Пропала[0m
[35mК.ракета       6b5661r  35 Koord X: 6062919     Y: 2499830     Speed:542      X: -431     Y: 330      Пропала[0m
К.ракета       a9af86r  48 Koord X: 7474000     Y: 5399000     Speed:394      X: -192     Y: -345     Ttl  75
К.ракета       f0dcf0r  35 Koord X: 4692000     Y: 7258000     Speed:617      X: 535      Y: -309     Ttl  15
[35mК.ракета       dd1f19r  25 Koord X: 7521280     Y: 6410640     Speed:545      X: -208     Y: -504     Пропала[0m
[RLS1_Voronezh] В 14:59:29:732 Обнаружена цель id:7d10aas с координатами 3226258 946624 тип:SAM скорость:140
[КП от RLS1_Voronezh] Обнаружена цель id:7d10aas координаты X:3226258 Y:946624 тип:SAM скорость:140
[SPRO_Omsk] В 14:59:31:840 Обнаружена цель id:63e78ds координаты 5943240 2843860 тип:SAM скорость:55
[КП от SPRO_Omsk] Обнаружена цель id:63e78ds координаты X:5943240 Y:2843860 тип:SAM скорость:55
Бал.блок       c3e41eb  25 Koord X: 1685000     Y: 6150000     Speed:8021     X: 2547     Y: -7606    Ttl 176
[RLS3_Dnepr] В 14:59:44:927 Обнаружена цель id:f4246cs с координатами 5974279 1959084 тип:SAM скорость:232
[35mСамолет        47cef6s  23 Koord X: 7213316     Y: 3829698     Speed:65       X: 54       Y: 37       Пропала[0m
[35mСамолет        860e5cs  38 Koord X: 6414176     Y: 4969075     Speed:186      X: -64      Y: -175     Пропала[0m
Бал.блок       84637bb  23 Koord X: 1780000     Y: 2001000     Speed:8217     X: 4610     Y: 6803     Ttl 146
Бал.блок       f8c1d0b  38 Koord X: 9910000     Y: 5199000     Speed:9130     X: -3400    Y: 8474     Ttl 142
[КП от RLS3_Dnepr] Обнаружена цель id:f4246cs координаты X:5974279 Y:1959084 тип:SAM скорость:232
[35mК.ракета       6f30far   5 Koord X: 10957722    Y: 5034646     Speed:366      X: -298     Y: -214     Пропала[0m
[RLS3_Dnepr] В 15:00:03:918 Обнаружена цель id:02adf0s с координатами 7367944 2143080 тип:SAM скорость:220
[КП от RLS3_Dnepr] Обнаружена цель id:02adf0s координаты X:7367944 Y:2143080 тип:SAM скорость:220
[RLS2_Daryal] В 15:00:07:353 Обнаружена цель id:0927c7r с координатами 8866946 7716970 тип:KR скорость:795
[35mБал.блок       93a70db   2 Koord X: 7587644     Y: 7047598     Speed:8719     X: -3602    Y: 7941     Пропала[0m
К.ракета       ebebbdr   5 Koord X: 11278000    Y: 1713000     Speed:915      X: -756     Y: 517      Ttl  28
[КП от RLS2_Daryal] Обнаружена цель id:0927c7r координаты X:8866946 Y:7716970 тип:KR скорость:795
К.ракета       86a286r   2 Koord X: 9699000     Y: 6394000     Speed:924      X: -224     Y: -897     Ttl  60
[35mСамолет        cca4f7s  14 Koord X: 8351258     Y: 6278282     Speed:242      X: -29      Y: -241     Пропала[0m
[RLS1_Voronezh] В 15:00:24:427 Обнаружена цель id:216c2fs с координатами 1655900 2017130 тип:SAM скорость:143
[КП от RLS1_Voronezh] Обнаружена цель id:216c2fs координаты X:1655900 Y:2017130 тип:SAM скорость:143
Бал.блок       28bad7b  14 Koord X: 9806000     Y: 4338000     Speed:9666     X: -856     Y: -9629    Ttl 116
[35mБал.блок       ab3591b   8 Koord X: 5460440     Y: 2917760     Speed:8804     X: 6340     Y: 6110     Пропала[0m
Бал.блок       6a8b1ab   8 Koord X: 2293000     Y: 2019000     Speed:9872     X: 5995     Y: 7844     Ttl 228
[SPRO_Omsk] В 15:00:40:684 Обнаружена цель id:860e5cs координаты 6414176 4969075 тип:SAM скорость:186
[КП от SPRO_Omsk] Обнаружена цель id:860e5cs координаты X:6414176 Y:4969075 тип:SAM скорость:186
[35mК.ракета       f0dcf0r  35 Koord X: 4700025     Y: 7253365     Speed:617      X: 535      Y: -309     Пропала[0m
[35mБал.блок       b62613b   3 Koord X: 7444118     Y: 3061996     Speed:8212     X: 2501     Y: 7822     Пропала[0m
[RLS3_Dnepr] В 15:00:57:070 Обнаружена цель id:74c1bfs с координатами 6170400 2028392 тип:SAM скорость:66
[КП от RLS3_Dnepr] Обнаружена цель id:74c1bfs координаты X:6170400 Y:2028392 тип:SAM скорость:66
К.ракета       ba5ad4r  35 Koord X: 1950000     Y: 1721000     Speed:427      X: 156      Y: 398      Ttl 126
[SPRO_Omsk] В 15:00:59:863 Обнаружена цель id:70356es координаты 5629891 4353270 тип:SAM скорость:191
[КП от SPRO_Omsk] Обнаружена цель id:70356es координаты X:5629891 Y:4353270 тип:SAM скорость:191
Самолет        f3be9fs   3 Koord X: 5625000     Y: 4460000     Speed:190      X: -36      Y: -187     Ttl  28
[35mК.ракета       9e44abr   9 Koord X: 4731456     Y: 6525520     Speed:892      X: 656      Y: -605     Пропала[0m
Самолет        a74dc3s   9 Koord X: 1479000     Y: 7048000     Speed:100      X: 100      Y: 0        Ttl  32
[35mСамолет        1f315as   4 Koord X: 10070560    Y: 6082464     Speed:65       X: -45      Y: -48      Пропала[0m
[RLS3_Dnepr] В 15:01:19:440 Обнаружена цель id:a1e7c7s с координатами 7380912 3185448 тип:SAM скорость:96
[35mСамолет        8487ebs  18 Koord X: 7437600     Y: 3850618     Speed:219      X: -200     Y: -91      Пропала[0m
[SPRO_Omsk] В 15:01:21:286 Обнаружена цель id:e809deb координаты 5972768 2485015 тип:BB_BR скорость:8721
[SPRO_Omsk] Стрельба по цели id:e809deb тип:BB_BR. Осталось противоракет: 4
[31mБал.блок       e809deb  31 Koord X: 5981720     Y: 2509600     Speed:8721     X: 2984     Y: 8195     		Промах SPRO_Omsk[0m
Бал.блок       18e4abb   4 Koord X: 6018000     Y: 4722000     Speed:8431     X: 4692     Y: -7005    Ttl 283
[КП от RLS3_Dnepr] Обнаружена цель id:a1e7c7s координаты X:7380912 Y:3185448 тип:SAM скорость:96
К.ракета       772183r  18 Koord X: 5807000     Y: 6245000     Speed:318      X: -181     Y: -262     Ttl 149
[КП от SPRO_Omsk] Обнаружена цель id:e809deb координаты X:5972768 Y:2485015 тип:BB_BR скорость:8721
[КП от SPRO_Omsk] Стрельба по цели id:e809deb тип:BB_BR AMMO:4
[RLS3_Dnepr] В 15:01:34:965 Обнаружена цель id:e809deb с координатами 5981720 2509600 тип:BB_BR скорость:8721
[RLS3_Dnepr] Цель id:e809deb движется в направлении СПРО
[КП от RLS3_Dnepr] Обнаружена цель id:e809deb координаты X:5981720 Y:2509600 тип:BB_BR скорость:8721
[КП от RLS3_Dnepr] !!! цель движется в направлении СПРО id:e809deb !!!
[RLS2_Daryal] В 15:01:37:281 Обнаружена цель id:341839b с координатами 8118835 7539450 тип:BB_BR скорость:9326
[RLS2_Daryal] Цель id:341839b движется в направлении СПРО
[КП от RLS2_Daryal] Обнаружена цель id:341839b координаты X:8118835 Y:7539450 тип:BB_BR скорость:9326
[КП от RLS2_Daryal] !!! цель движется в направлении СПРО id:341839b !!!
[35mСамолет        3238e3s  26 Koord X: 3478372     Y: 4914928     Speed:186      X: 119      Y: -144     Пропала[0m
Самолет        73e76cs  26 Koord X: 9463000     Y: 3972000     Speed:237      X: -56      Y: 231      Ttl 119
[35mСамолет        74c1bfs  29 Koord X: 6171000     Y: 2028920     Speed:66       X: 50       Y: 44       Пропала[0m
[RLS1_Voronezh] В 15:01:52:267 Обнаружена цель id:216c2fs с координатами 1656650 2019155 тип:SAM скорость:143
Бал.блок       cc1ec4b  29 Koord X: 3578000     Y: 4862000     Speed:8505     X: 6966     Y: 4881     Ttl 161
[КП от RLS1_Voronezh] Обнаружена цель id:216c2fs координаты X:1656650 Y:2019155 тип:SAM скорость:143
[SPRO_Omsk] ПРОМАХ по цели id:e809deb
[КП от SPRO_Omsk] ПРОМАХ по цели id:e809deb (BB_BR)
[RLS1_Voronezh] В 15:02:42:138 Обнаружена цель id:84637bb с координатами 1895250 2171075 тип:BB_BR скорость:8217
[RLS1_Voronezh] Цель id:84637bb движется в направлении СПРО
[КП от RLS1_Voronezh] Обнаружена цель id:84637bb координаты X:1895250 Y:2171075 тип:BB_BR скорость:8217
[КП от RLS1_Voronezh] !!! цель движется в направлении СПРО id:84637bb !!!
[35mК.ракета       0927c7r  11 Koord X: 8866016     Y: 7693120     Speed:795      X: -31      Y: -795     Пропала[0m
[SPRO_Omsk] В 15:02:45:752 Обнаружена цель id:f3be9fs координаты 5624496 4457382 тип:SAM скорость:190
Бал.блок       7af3fbb  11 Koord X: 7678000     Y: 4144000     Speed:9484     X: -532     Y: -9470    Ttl 173
[КП от SPRO_Omsk] Обнаружена цель id:f3be9fs координаты X:5624496 Y:4457382 тип:SAM скорость:190
[35mК.ракета       ebebbdr   5 Koord X: 11256832    Y: 1727476     Speed:915      X: -756     Y: 517      Пропала[0m
[RLS1_Voronezh] В 15:03:00:677 Обнаружена цель id:7d10aas с координатами 3227553 951384 тип:SAM скорость:140
[КП от RLS1_Voronezh] Обнаружена цель id:7d10aas координаты X:3227553 Y:951384 тип:SAM скорость:140
Бал.блок       06266eb   5 Koord X: 6175000     Y: 1273000     Speed:8512     X: 6095     Y: 5943     Ttl 226
[RLS3_Dnepr] В 15:03:04:507 Обнаружена цель id:a1e7c7s с координатами 7380894 3187176 тип:SAM скорость:96
[SPRO_Omsk] В 15:03:04:797 Обнаружена цель id:18e4abb координаты 6078996 4630935 тип:BB_BR скорость:8431
[КП от RLS3_Dnepr] Обнаружена цель id:a1e7c7s координаты X:7380894 Y:3187176 тип:SAM скорость:96
[SPRO_Omsk] Стрельба по цели id:18e4abb тип:BB_BR. Осталось противоракет: 3
[КП от SPRO_Omsk] Обнаружена цель id:18e4abb координаты X:6078996 Y:4630935 тип:BB_BR скорость:8431
[КП от SPRO_Omsk] Стрельба по цели id:18e4abb тип:BB_BR AMMO:3
[RLS2_Daryal] В 15:03:07:139 Обнаружена цель id:341839b с координатами 8232790 7458300 тип:BB_BR скорость:9326
[32mБал.блок       18e4abb   4 Koord X: 6093072     Y: 4609920     Speed:8431     X: 4692     Y: -7005    		Уничтожена SPRO_Omsk[0m
[КП от RLS2_Daryal] Обнаружена цель id:341839b координаты X:8232790 Y:7458300 тип:BB_BR скорость:9326
Бал.блок       173567b   4 Koord X: 5790000     Y: 4475000     Speed:8110     X: 1903     Y: 7884     Ttl 252
[RLS1_Voronezh] В 15:03:22:556 Обнаружена цель id:2ce7f5b с координатами 3189048 1373168 тип:BB_BR скорость:8515
[RLS1_Voronezh] Цель id:2ce7f5b движется в направлении СПРО
[КП от RLS1_Voronezh] Обнаружена цель id:2ce7f5b координаты X:3189048 Y:1373168 тип:BB_BR скорость:8515
[КП от RLS1_Voronezh] !!! цель движется в направлении СПРО id:2ce7f5b !!!
[35mБал.блок       2ce7f5b  12 Koord X: 3198264     Y: 1423424     Speed:8515     X: 1536     Y: 8376     Пропала[0m
Самолет        51f4dfs  12 Koord X: 5398000     Y: 5307000     Speed:62       X: 20       Y: -59      Ttl  31
[SPRO_Omsk] Цель id:18e4abb УНИЧТОЖЕНА
[35mСамолет        216c2fs  40 Koord X: 1657800     Y: 2022260     Speed:143      X: 50       Y: 135      Пропала[0m
[35mСамолет        f3be9fs   3 Koord X: 5623992     Y: 4454764     Speed:190      X: -36      Y: -187     Пропала[0m
[КП от SPRO_Omsk] >>> Цель id:18e4abb УНИЧТОЖЕНА (BB_BR) <<<
Бал.блок       58938bb  40 Koord X: 8274000     Y: 2112000     Speed:9012     X: -4272    Y: 7936     Ttl 110
[35mБал.блок       642cd4b  47 Koord X: 7278904     Y: 3782604     Speed:8007     X: 6024     Y: -5276    Пропала[0m
Самолет        c76352s   3 Koord X: 1634000     Y: 4030000     Speed:72       X: 46       Y: 56       Ttl  45
[SPRO_Omsk] В 15:04:01:061 Обнаружена цель id:70356es координаты 5630674 4358780 тип:SAM скорость:191
[КП от SPRO_Omsk] Обнаружена цель id:70356es координаты X:5630674 Y:4358780 тип:SAM скорость:191
К.ракета       db465ar  47 Koord X: 6526000     Y: 3995000     Speed:464      X: -110     Y: -451     Ttl  96
[35mК.ракета       7cea4cr  41 Koord X: 8302034     Y: 4271396     Speed:613      X: -494     Y: 364      Пропала[0m
К.ракета       4fd5edr  41 Koord X: 6706000     Y: 4315000     Speed:373      X: 346      Y: -141     Ttl  28
[SPRO_Omsk] В 15:04:23:308 Обнаружена цель id:e809deb координаты 6059304 2722670 тип:BB_BR скорость:8721
[SPRO_Omsk] Стрельба по цели id:e809deb тип:BB_BR. Осталось противоракет: 2
[35mСамолет        a74dc3s   9 Koord X: 1482200     Y: 7048000     Speed:100      X: 100      Y: 0        Пропала[0m
[32mБал.блок       e809deb  31 Koord X: 6071240     Y: 2755450     Speed:8721     X: 2984     Y: 8195     		Уничтожена SPRO_Omsk[0m
[КП от SPRO_Omsk] Обнаружена цель id:e809deb координаты X:6059304 Y:2722670 тип:BB_BR скорость:8721
[КП от SPRO_Omsk] Стрельба по цели id:e809deb тип:BB_BR AMMO:2
Бал.блок       c87e47b   9 Koord X: 11155000    Y: 7262000     Speed:9401     X: -6988    Y: -6290    Ttl 231
Бал.блок       0037a7b  31 Koord X: 5378000     Y: 4670000     Speed:8392     X: 154      Y: -8391    Ttl 274
[35mК.ракета       90c044r  10 Koord X: 10563738    Y: 4173428     Speed:815      X: -371     Y: -726     Пропала[0m
[RLS3_Dnepr] В 15:04:36:347 Обнаружена цель id:06266eb с координатами 6248140 1344316 тип:BB_BR скорость:8512
[RLS3_Dnepr] Цель id:06266eb движется в направлении СПРО
[КП от RLS3_Dnepr] Обнаружена цель id:06266eb координаты X:6248140 Y:1344316 тип:BB_BR скорость:8512
[КП от RLS3_Dnepr] !!! цель движется в направлении СПРО id:06266eb !!!
Самолет        421d19s  10 Koord X: 1551000     Y: 5725000     Speed:195      X: 9        Y: -195     Ttl  96
[SPRO_Omsk] Цель id:e809deb УНИЧТОЖЕНА
[КП от SPRO_Omsk] >>> Цель id:e809deb УНИЧТОЖЕНА (BB_BR) <<<
[SPRO_Omsk] В 15:05:17:740 Обнаружена цель id:aa04b5r координаты 5299442 3295798 тип:KR скорость:681
[КП от SPRO_Omsk] Обнаружена цель id:aa04b5r координаты X:5299442 Y:3295798 тип:KR скорость:681
[RLS1_Voronezh] В 15:05:27:309 Обнаружена цель id:84637bb с координатами 2015110 2347953 тип:BB_BR скорость:8217
[RLS1_Voronezh] Цель id:84637bb движется в направлении СПРО
[КП от RLS1_Voronezh] Обнаружена цель id:84637bb координаты X:2015110 Y:2347953 тип:BB_BR скорость:8217
[КП от RLS1_Voronezh] !!! цель движется в направлении СПРО id:84637bb !!!
[35mБал.блок       6711bfb   1 Koord X: 9332192     Y: 5452912     Speed:9947     X: -7499    Y: 6536     Пропала[0m
[RLS3_Dnepr] В 15:05:30:721 Обнаружена цель id:a1e7c7s с координатами 7380870 3189480 тип:SAM скорость:96
[КП от RLS3_Dnepr] Обнаружена цель id:a1e7c7s координаты X:7380870 Y:3189480 тип:SAM скорость:96
[SPRO_Omsk] В 15:05:32:594 Обнаружена цель id:173567b координаты 5826157 4624796 тип:BB_BR скорость:8110
[SPRO_Omsk] Стрельба по цели id:173567b тип:BB_BR. Осталось противоракет: 1
[КП от SPRO_Omsk] Обнаружена цель id:173567b координаты X:5826157 Y:4624796 тип:BB_BR скорость:8110
[КП от SPRO_Omsk] Стрельба по цели id:173567b тип:BB_BR AMMO:1
К.ракета       3a9956r   1 Koord X: 7461000     Y: 1691000     Speed:734      X: 69       Y: 731      Ttl 188
[31mБал.блок       173567b   4 Koord X: 5831866     Y: 4648448     Speed:8110     X: 1903     Y: 7884     		Промах SPRO_Omsk[0m
[RLS1_Voronezh] В 15:05:42:624 Обнаружена цель id:ba5ad4r с координатами 1956864 1738512 тип:KR скорость:427
[КП от RLS1_Voronezh] Обнаружена цель id:ba5ad4r координаты X:1956864 Y:1738512 тип:KR скорость:427
[35mСамолет        63e78ds  50 Koord X: 5940250     Y: 2845875     Speed:55       X: -46      Y: 31       Пропала[0m
Самолет        463d2es  50 Koord X: 6614000     Y: 2887000     Speed:227      X: -51      Y: 222      Ttl  95
[35mСамолет        70356es  33 Koord X: 5631295     Y: 4363150     Speed:191      X: 27       Y: 190      Пропала[0m
[RLS1_Voronezh] В 15:06:02:672 Обнаружена цель id:7d10aas с координатами 3228626 955328 тип:SAM скорость:140
[КП от RLS1_Voronezh] Обнаружена цель id:7d10aas координаты X:3228626 Y:955328 тип:SAM скорость:140
К.ракета       35f26cr  33 Koord X: 9546000     Y: 8023000     Speed:307      X: -90      Y: -294     Ttl  94
[35mБал.блок       783949b   6 Koord X: 8874322     Y: 2641096     Speed:8546     X: -7683    Y: -3744    Пропала[0m
[SPRO_Omsk] ПРОМАХ по цели id:173567b
[35mК.ракета       86a286r   2 Koord X: 9685560     Y: 6340180     Speed:924      X: -224     Y: -897     Пропала[0m
Бал.блок       fa6d5db   6 Koord X: 8772000     Y: 1937000     Speed:8750     X: -878     Y: 8706     Ttl 178
[35mБал.блок       96921ab  44 Koord X: 4995761     Y: 5450444     Speed:8503     X: 3741     Y: -7636    Пропала[0m
[КП от SPRO_Omsk] ПРОМАХ по цели id:173567b (BB_BR)
Бал.блок       644405b   2 Koord X: 4969000     Y: 4635000     Speed:8801     X: 5724     Y: 6686     Ttl 263
[RLS2_Daryal] В 15:06:30:230 Обнаружена цель id:c87e47b с координатами 11050180 7167650 тип:BB_BR скорость:9401
[RLS2_Daryal] Цель id:c87e47b движется в направлении СПРО
[КП от RLS2_Daryal] Обнаружена цель id:c87e47b координаты X:11050180 Y:7167650 тип:BB_BR скорость:9401
[КП от RLS2_Daryal] !!! цель движется в направлении СПРО id:c87e47b !!!
[SPRO_Omsk] В 15:06:31:696 Обнаружена цель id:70356es координаты 5631295 4363150 тип:SAM скорость:191
Бал.блок       db2b1db  44 Koord X: 1872000     Y: 6956000     Speed:8257     X: 3222     Y: -7603    Ttl  84
[КП от SPRO_Omsk] Обнаружена цель id:70356es координаты X:5631295 Y:4363150 тип:SAM скорость:191
[SPRO_Omsk] В 15:06:45:556 Обнаружена цель id:4fd5edr координаты 6713266 4312039 тип:KR скорость:373
[35mБал.блок       d65399b  32 Koord X: 7085022     Y: 7363254     Speed:9119     X: -3687    Y: 8341     Пропала[0m
[35mСамолет        d419c4s  39 Koord X: 5072803     Y: 7470290     Speed:86       X: 51       Y: -70      Пропала[0m
[35mСамолет        51f4dfs  12 Koord X: 5398620     Y: 5305171     Speed:62       X: 20       Y: -59      Пропала[0m
[RLS1_Voronezh] В 15:06:52:729 Обнаружена цель id:c76352s с координатами 1635150 4031400 тип:SAM скорость:72
Бал.блок       34a502b  32 Koord X: 4338000     Y: 4570000     Speed:8164     X: 5647     Y: -5897    Ttl 260
К.ракета       355a5br  39 Koord X: 5643000     Y: 4083000     Speed:877      X: -473     Y: -739     Ttl 144
[35mК.ракета       a9af86r  48 Koord X: 7459600     Y: 5373125     Speed:394      X: -192     Y: -345     Пропала[0m
[КП от RLS1_Voronezh] Обнаружена цель id:c76352s координаты X:1635150 Y:4031400 тип:SAM скорость:72
[RLS3_Dnepr] В 15:06:57:409 Обнаружена цель id:3a9956r с координатами 7461690 1698310 тип:KR скорость:734
[КП от SPRO_Omsk] Обнаружена цель id:4fd5edr координаты X:6713266 Y:4312039 тип:KR скорость:373
К.ракета       481ca2r  12 Koord X: 8050000     Y: 2048000     Speed:908      X: -843     Y: 340      Ttl 207
[КП от RLS3_Dnepr] Обнаружена цель id:3a9956r координаты X:7461690 Y:1698310 тип:KR скорость:734
[35mБал.блок       32ad64b  36 Koord X: 10143240    Y: 3151640     Speed:8248     X: -6798    Y: 4672     Пропала[0m
К.ракета       f5a3c4r  48 Koord X: 10763000    Y: 4585000     Speed:691      X: -623     Y: -301     Ttl 136
[SPRO_Omsk] В 15:07:02:722 Обнаружена цель id:0037a7b координаты 5381234 4493789 тип:BB_BR скорость:8392
[SPRO_Omsk] Стрельба по цели id:0037a7b тип:BB_BR. Осталось противоракет: 0
[SPRO_Omsk] Боекомплект исчерпан! Переход в режим обнаружения
[КП от SPRO_Omsk] Обнаружена цель id:0037a7b координаты X:5381234 Y:4493789 тип:BB_BR скорость:8392
[КП от SPRO_Omsk] Стрельба по цели id:0037a7b тип:BB_BR AMMO:0
[КП] !!! SPRO_Omsk: боекомплект исчерпан! !!!
[32mБал.блок       0037a7b  31 Koord X: 5381696     Y: 4468616     Speed:8392     X: 154      Y: -8391    		Уничтожена SPRO_Omsk[0m
Самолет        06bdf0s  36 Koord X: 7743000     Y: 4299000     Speed:90       X: -10      Y: -90      Ttl 140
[RLS1_Voronezh] В 15:07:12:512 Обнаружена цель id:6a8b1ab с координатами 2658695 2497484 тип:BB_BR скорость:9872
[RLS1_Voronezh] Цель id:6a8b1ab движется в направлении СПРО
Самолет        1cf9c2s  31 Koord X: 3485000     Y: 6352000     Speed:95       X: 12       Y: -95      Ttl 207
[35mК.ракета       fe977dr  34 Koord X: 7518600     Y: 6321785     Speed:931      X: 680      Y: -637     Пропала[0m
[КП от RLS1_Voronezh] Обнаружена цель id:6a8b1ab координаты X:2658695 Y:2497484 тип:BB_BR скорость:9872
[35mК.ракета       4fd5edr  41 Koord X: 6715688     Y: 4311052     Speed:373      X: 346      Y: -141     Пропала[0m
[КП от RLS1_Voronezh] !!! цель движется в направлении СПРО id:6a8b1ab !!!
К.ракета       7cb997r  34 Koord X: 3102000     Y: 6010000     Speed:842      X: 369      Y: -757     Ttl  88
Самолет        ad903cs  41 Koord X: 7474000     Y: 6288000     Speed:96       X: -21      Y: -94      Ttl 132
[RLS2_Daryal] В 15:07:23:861 Обнаружена цель id:341839b с координатами 8544267 7236490 тип:BB_BR скорость:9326
[КП от RLS2_Daryal] Обнаружена цель id:341839b координаты X:8544267 Y:7236490 тип:BB_BR скорость:9326
[35mК.ракета       aa04b5r  17 Koord X: 5282792     Y: 3299448     Speed:681      X: -666     Y: 146      Пропала[0m
[35mСамолет        a1e7c7s  21 Koord X: 7380847     Y: 3191688     Speed:96       X: -1       Y: 96       Пропала[0m
К.ракета       55ea05r  17 Koord X: 4087000     Y: 5038000     Speed:256      X: 113      Y: 230      Ttl 128
Бал.блок       587174b  21 Koord X: 7276000     Y: 6882000     Speed:8242     X: -37      Y: -8242    Ttl  92
[RLS2_Daryal] В 15:07:40:156 Обнаружена цель id:35f26cr с координатами 9544920 8019472 тип:KR скорость:307
[КП от RLS2_Daryal] Обнаружена цель id:35f26cr координаты X:9544920 Y:8019472 тип:KR скорость:307
[SPRO_Omsk] Цель id:0037a7b УНИЧТОЖЕНА
[КП от SPRO_Omsk] >>> Цель id:0037a7b УНИЧТОЖЕНА (BB_BR) <<<
[RLS3_Dnepr] В 15:07:50:935 Обнаружена цель id:fa6d5db с координатами 8762342 2032766 тип:BB_BR скорость:8750
[RLS3_Dnepr] Цель id:fa6d5db движется в направлении СПРО
[SPRO_Omsk] В 15:07:55:151 Обнаружена цель id:644405b координаты 5031964 4708546 тип:BB_BR скорость:8801
[КП от RLS3_Dnepr] Обнаружена цель id:fa6d5db координаты X:8762342 Y:2032766 тип:BB_BR скорость:8750
[КП от RLS3_Dnepr] !!! цель движется в направлении СПРО id:fa6d5db !!!
[КП от SPRO_Omsk] Обнаружена цель id:644405b координаты X:5031964 Y:4708546 тип:BB_BR скорость:8801
[RLS1_Voronezh] В 15:08:04:520 Обнаружена цель id:ba5ad4r с координатами 1960296 1747268 тип:KR скорость:427
[КП от RLS1_Voronezh] Обнаружена цель id:ba5ad4r координаты X:1960296 Y:1747268 тип:KR скорость:427
[SPRO_Omsk] В 15:08:14:441 Обнаружена цель id:173567b координаты 5875635 4829780 тип:BB_BR скорость:8110
[КП от SPRO_Omsk] Обнаружена цель id:173567b координаты X:5875635 Y:4829780 тип:BB_BR скорость:8110
[RLS1_Voronezh] В 15:08:24:750 Обнаружена цель id:7d10aas с координатами 3229477 958456 тип:SAM скорость:140
[35mСамолет        bef0d9s  24 Koord X: 4441626     Y: 5182628     Speed:173      X: 26       Y: -172     Пропала[0m
[КП от RLS1_Voronezh] Обнаружена цель id:7d10aas координаты X:3229477 Y:958456 тип:SAM скорость:140
[35mК.ракета       249d23r  15 Koord X: 10070080    Y: 4490448     Speed:990      X: -260     Y: -956     Пропала[0m
К.ракета       764533r  24 Koord X: 7622000     Y: 3085000     Speed:758      X: -678     Y: 341      Ttl  52
[SPRO_Omsk] В 15:08:32:577 Обнаружена цель id:463d2es координаты 6612878 2891884 тип:SAM скорость:227
[КП от SPRO_Omsk] Обнаружена цель id:463d2es координаты X:6612878 Y:2891884 тип:SAM скорость:227
[35mСамолет        c76352s   3 Koord X: 1636070     Y: 4032520     Speed:72       X: 46       Y: 56       Пропала[0m
К.ракета       10ca1cr  15 Koord X: 7783000     Y: 4851000     Speed:510      X: -257     Y: -441     Ttl 163
Самолет        758c63s   3 Koord X: 1518000     Y: 2775000     Speed:142      X: 65       Y: 127      Ttl 117
[35mК.ракета       59db8br  20 Koord X: 10412559    Y: 5135128     Speed:990      X: -833     Y: -536     Пропала[0m
[RLS1_Voronezh] В 15:09:16:179 Обнаружена цель id:84637bb с координатами 2190290 2606467 тип:BB_BR скорость:8217
[RLS1_Voronezh] Цель id:84637bb движется в направлении СПРО
Самолет        4bf481s  20 Koord X: 6569000     Y: 4662000     Speed:51       X: 34       Y: -39      Ttl 172
[RLS3_Dnepr] В 15:09:25:357 Обнаружена цель id:481ca2r с координатами 8033140 2054800 тип:KR скорость:908
[КП от RLS1_Voronezh] Обнаружена цель id:84637bb координаты X:2190290 Y:2606467 тип:BB_BR скорость:8217
[КП от RLS1_Voronezh] !!! цель движется в направлении СПРО id:84637bb !!!
[КП от RLS3_Dnepr] Обнаружена цель id:481ca2r координаты X:8033140 Y:2054800 тип:KR скорость:908
[SPRO_Omsk] В 15:09:28:099 Обнаружена цель id:db465ar координаты 6520610 3972901 тип:KR скорость:464
[КП от SPRO_Omsk] Обнаружена цель id:db465ar координаты X:6520610 Y:3972901 тип:KR скорость:464
[35mК.ракета       d4116fr  30 Koord X: 5358389     Y: 7256456     Speed:852      X: -621     Y: -584     Пропала[0m
[RLS1_Voronezh] В 15:09:33:713 Обнаружена цель id:6a8b1ab с координатами 2796580 2677896 тип:BB_BR скорость:9872
[RLS1_Voronezh] Цель id:6a8b1ab движется в направлении СПРО
[КП от RLS1_Voronezh] Обнаружена цель id:6a8b1ab координаты X:2796580 Y:2677896 тип:BB_BR скорость:9872
[КП от RLS1_Voronezh] !!! цель движется в направлении СПРО id:6a8b1ab !!!
Самолет        f95d79s  30 Koord X: 7715000     Y: 1613000     Speed:191      X: 36       Y: 188      Ttl  85
[SPRO_Omsk] В 15:09:41:829 Обнаружена цель id:34a502b координаты 4479175 4422575 тип:BB_BR скорость:8164
[КП от SPRO_Omsk] Обнаружена цель id:34a502b координаты X:4479175 Y:4422575 тип:BB_BR скорость:8164
[35mБал.блок       cf2794b  13 Koord X: 4082228     Y: 3947720     Speed:8383     X: 2087     Y: -8120    Пропала[0m
Бал.блок       e6cd79b  13 Koord X: 5005000     Y: 4378000     Speed:9974     X: 3241     Y: -9433    Ttl 173
[SPRO_Omsk] В 15:09:58:573 Обнаружена цель id:355a5br координаты 5630229 4063047 тип:KR скорость:877
[КП от SPRO_Omsk] Обнаружена цель id:355a5br координаты X:5630229 Y:4063047 тип:KR скорость:877
[SPRO_Omsk] Автопополнение боекомплекта: 10
[КП] SPRO_Omsk: боекомплект пополнен AMMO:10
[RLS3_Dnepr] В 15:10:16:370 Обнаружена цель id:f4246cs с координатами 5978751 1982796 тип:SAM скорость:232
[КП от RLS3_Dnepr] Обнаружена цель id:f4246cs координаты X:5978751 Y:1982796 тип:SAM скорость:232
[35mК.ракета       9e39aar  43 Koord X: 6148713     Y: 5906221     Speed:539      X: -359     Y: -403     Пропала[0m
Самолет        6e5355s  43 Koord X: 11108000    Y: 7920000     Speed:178      X: -79      Y: -160     Ttl  27
[RLS1_Voronezh] В 15:10:27:694 Обнаружена цель id:758c63s с координатами 1518910 2776778 тип:SAM скорость:142
[КП от RLS1_Voronezh] Обнаружена цель id:758c63s координаты X:1518910 Y:2776778 тип:SAM скорость:142
[RLS3_Dnepr] В 15:10:33:396 Обнаружена цель id:58938bb с координатами 8009136 2604032 тип:BB_BR скорость:9012
[RLS3_Dnepr] Цель id:58938bb движется в направлении СПРО
[КП от RLS3_Dnepr] Обнаружена цель id:58938bb координаты X:8009136 Y:2604032 тип:BB_BR скорость:9012
[КП от RLS3_Dnepr] !!! цель движется в направлении СПРО id:58938bb !!!
[SPRO_Omsk] В 15:10:50:170 Обнаружена цель id:4bf481s координаты 6569442 4661493 тип:SAM скорость:51
[RLS3_Dnepr] В 15:10:50:325 Обнаружена цель id:02adf0s с координатами 7367516 2166620 тип:SAM скорость:220
[RLS2_Daryal] В 15:10:50:944 Обнаружена цель id:341839b с координатами 8810162 7047140 тип:BB_BR скорость:9326
[35mК.ракета       05b57ar  46 Koord X: 10676400    Y: 2075000     Speed:439      X: -193     Y: 395      Пропала[0m
[КП от RLS2_Daryal] Обнаружена цель id:341839b координаты X:8810162 Y:7047140 тип:BB_BR скорость:9326
Бал.блок       0aec5cb  46 Koord X: 9314000     Y: 4047000     Speed:8285     X: -763     Y: -8250    Ttl 182
[КП от RLS3_Dnepr] Обнаружена цель id:02adf0s координаты X:7367516 Y:2166620 тип:SAM скорость:220
[КП от SPRO_Omsk] Обнаружена цель id:4bf481s координаты X:6569442 Y:4661493 тип:SAM скорость:51
[RLS2_Daryal] В 15:11:10:735 Обнаружена цель id:35f26cr с координатами 9541770 8009182 тип:KR скорость:307
[КП от RLS2_Daryal] Обнаружена цель id:35f26cr координаты X:9541770 Y:8009182 тип:KR скорость:307
[RLS1_Voronezh] В 15:11:23:642 Обнаружена цель id:84637bb с координатами 2287100 2749330 тип:BB_BR скорость:8217
[RLS1_Voronezh] Цель id:84637bb движется в направлении СПРО
[КП от RLS1_Voronezh] Обнаружена цель id:84637bb координаты X:2287100 Y:2749330 тип:BB_BR скорость:8217
[КП от RLS1_Voronezh] !!! цель движется в направлении СПРО id:84637bb !!!
[RLS1_Voronezh] В 15:11:38:183 Обнаружена цель id:ba5ad4r с координатами 1966068 1761994 тип:KR скорость:427
[КП от RLS1_Voronezh] Обнаружена цель id:ba5ad4r координаты X:1966068 Y:1761994 тип:KR скорость:427
[RLS3_Dnepr] В 15:11:43:607 Обнаружена цель id:764533r с координатами 7601660 3095230 тип:KR скорость:758
[SPRO_Omsk] В 15:11:43:629 Обнаружена цель id:e6cd79b координаты 5053615 4236505 тип:BB_BR скорость:9974
[SPRO_Omsk] Стрельба по цели id:e6cd79b тип:BB_BR. Осталось противоракет: 9
[КП от RLS3_Dnepr] Обнаружена цель id:764533r координаты X:7601660 Y:3095230 тип:KR скорость:758
[КП от SPRO_Omsk] Обнаружена цель id:e6cd79b координаты X:5053615 Y:4236505 тип:BB_BR скорость:9974
[КП от SPRO_Omsk] Стрельба по цели id:e6cd79b тип:BB_BR AMMO:9
[32mБал.блок       e6cd79b  13 Koord X: 5063338     Y: 4208206     Speed:9974     X: 3241     Y: -9433    		Уничтожена SPRO_Omsk[0m
Бал.блок       e27129b  13 Koord X: 10977000    Y: 5337000     Speed:8176     X: -3683    Y: 7300     Ttl  40
[RLS1_Voronezh] В 15:11:57:272 Обнаружена цель id:7d10aas с координатами 3230846 963488 тип:SAM скорость:140
[КП от RLS1_Voronezh] Обнаружена цель id:7d10aas координаты X:3230846 Y:963488 тип:SAM скорость:140
[35mБал.блок       1365d9b  16 Koord X: 9488320     Y: 4568104     Speed:9733     X: -2835    Y: -9312    Пропала[0m
[35mСамолет        f4246cs  45 Koord X: 5979697     Y: 1987812     Speed:232      X: 43       Y: 228      Пропала[0m
[RLS3_Dnepr] В 15:12:05:426 Обнаружена цель id:481ca2r с координатами 8009536 2064320 тип:KR скорость:908
[КП от RLS3_Dnepr] Обнаружена цель id:481ca2r координаты X:8009536 Y:2064320 тип:KR скорость:908
[35mБал.блок       28bad7b  14 Koord X: 9706704     Y: 3221036     Speed:9666     X: -856     Y: -9629    Пропала[0m
Самолет        d63f1as  16 Koord X: 8420000     Y: 6644000     Speed:95       X: -35      Y: -89      Ttl 149
К.ракета       3ad0c4r  45 Koord X: 3507000     Y: 4855000     Speed:359      X: 230      Y: 276      Ttl 151
Самолет        ee3bafs  14 Koord X: 1382000     Y: 4414000     Speed:89       X: 49       Y: -75      Ttl  64
[SPRO_Omsk] Цель id:e6cd79b УНИЧТОЖЕНА
[КП от SPRO_Omsk] >>> Цель id:e6cd79b УНИЧТОЖЕНА (BB_BR) <<<
[RLS2_Daryal] В 15:12:43:648 Обнаружена цель id:35f26cr с координатами 9540240 8004184 тип:KR скорость:307
[SPRO_Omsk] В 15:12:43:883 Обнаружена цель id:34a502b координаты 4654232 4239768 тип:BB_BR скорость:8164
[SPRO_Omsk] Стрельба по цели id:34a502b тип:BB_BR. Осталось противоракет: 8
[КП от RLS2_Daryal] Обнаружена цель id:35f26cr координаты X:9540240 Y:8004184 тип:KR скорость:307
[КП от SPRO_Omsk] Обнаружена цель id:34a502b координаты X:4654232 Y:4239768 тип:BB_BR скорость:8164
[КП от SPRO_Omsk] Стрельба по цели id:34a502b тип:BB_BR AMMO:8
[32mБал.блок       34a502b  32 Koord X: 4665526     Y: 4227974     Speed:8164     X: 5647     Y: -5897    		Уничтожена SPRO_Omsk[0m
Бал.блок       afcdf4b  32 Koord X: 7240000     Y: 1674000     Speed:9103     X: -7328    Y: 5402     Ttl  69
[RLS3_Dnepr] В 15:12:56:382 Обнаружена цель id:3a9956r с координатами 7465830 1742170 тип:KR скорость:734
[КП от RLS3_Dnepr] Обнаружена цель id:3a9956r координаты X:7465830 Y:1742170 тип:KR скорость:734
[SPRO_Omsk] В 15:13:02:913 Обнаружена цель id:355a5br координаты 5615566 4040138 тип:KR скорость:877
[КП от SPRO_Omsk] Обнаружена цель id:355a5br координаты X:5615566 Y:4040138 тип:KR скорость:877
[35mСамолет        6e5355s  43 Koord X: 11105867    Y: 7915680     Speed:178      X: -79      Y: -160     Пропала[0m
Самолет        3665cbs  43 Koord X: 6360000     Y: 3265000     Speed:104      X: -66      Y: 81       Ttl  16
[RLS3_Dnepr] В 15:13:18:333 Обнаружена цель id:02adf0s с координатами 7367420 2171900 тип:SAM скорость:220
[SPRO_Omsk] Цель id:34a502b УНИЧТОЖЕНА
[КП от RLS3_Dnepr] Обнаружена цель id:02adf0s координаты X:7367420 Y:2171900 тип:SAM скорость:220
[КП от SPRO_Omsk] >>> Цель id:34a502b УНИЧТОЖЕНА (BB_BR) <<<
[RLS1_Voronezh] В 15:13:31:710 Обнаружена цель id:84637bb с координатами 2383910 2892193 тип:BB_BR скорость:8217
[RLS1_Voronezh] Цель id:84637bb движется в направлении СПРО
[КП от RLS1_Voronezh] Обнаружена цель id:84637bb координаты X:2383910 Y:2892193 тип:BB_BR скорость:8217
[КП от RLS1_Voronezh] !!! цель движется в направлении СПРО id:84637bb !!!
[35mК.ракета       764533r  24 Koord X: 7586744     Y: 3102732     Speed:758      X: -678     Y: 341      Пропала[0m
[35mК.ракета       ba5ad4r  35 Koord X: 1969656     Y: 1771148     Speed:427      X: 156      Y: 398      Пропала[0m
[35mК.ракета       db465ar  47 Koord X: 6515440     Y: 3951704     Speed:464      X: -110     Y: -451     Пропала[0m
[RLS1_Voronezh] В 15:13:45:477 Обнаружена цель id:7d10aas с координатами 3231512 965936 тип:SAM скорость:140
[КП от RLS1_Voronezh] Обнаружена цель id:7d10aas координаты X:3231512 Y:965936 тип:SAM скорость:140
Самолет        78f130s  24 Koord X: 9853000     Y: 1949000     Speed:55       X: -37      Y: 42       Ttl 179
[35mСамолет        73e76cs  26 Koord X: 9456336     Y: 3999489     Speed:237      X: -56      Y: 231      Пропала[0m
Бал.блок       8bc8d2b  35 Koord X: 6002000     Y: 1997000     Speed:9934     X: -3830    Y: 9167     Ttl 241
Бал.блок       42bccab  47 Koord X: 11514000    Y: 2150000     Speed:8504     X: -1519    Y: 8368     Ttl  56
[SPRO_Omsk] В 15:13:50:972 Обнаружена цель id:644405b координаты 5375404 5109706 тип:BB_BR скорость:8801
[SPRO_Omsk] Стрельба по цели id:644405b тип:BB_BR. Осталось противоракет: 7
[32mБал.блок       644405b   2 Koord X: 5386852     Y: 5123078     Speed:8801     X: 5724     Y: 6686     		Уничтожена SPRO_Omsk[0m
К.ракета       480130r  26 Koord X: 2129000     Y: 3662000     Speed:816      X: 193      Y: -793     Ttl 118
Самолет        5349a1s   2 Koord X: 7120000     Y: 3746000     Speed:233      X: 64       Y: -225     Ttl  27
[КП от SPRO_Omsk] Обнаружена цель id:644405b координаты X:5375404 Y:5109706 тип:BB_BR скорость:8801
[КП от SPRO_Omsk] Стрельба по цели id:644405b тип:BB_BR AMMO:7
[RLS3_Dnepr] В 15:14:07:136 Обнаружена цель id:f95d79s с координатами 7716476 1620708 тип:SAM скорость:191
[КП от RLS3_Dnepr] Обнаружена цель id:f95d79s координаты X:7716476 Y:1620708 тип:SAM скорость:191
[35mБал.блок       f8c1d0b  38 Koord X: 9427200     Y: 6402308     Speed:9130     X: -3400    Y: 8474     Пропала[0m
[RLS2_Daryal] В 15:14:16:318 Обнаружена цель id:35f26cr с координатами 9538980 8000068 тип:KR скорость:307
[КП от RLS2_Daryal] Обнаружена цель id:35f26cr координаты X:9538980 Y:8000068 тип:KR скорость:307
Бал.блок       2b26ffb  38 Koord X: 3902000     Y: 3009000     Speed:8206     X: 948      Y: 8152     Ttl  56
[35mСамолет        421d19s  10 Koord X: 1551864     Y: 5706280     Speed:195      X: 9        Y: -195     Пропала[0m
[RLS3_Dnepr] В 15:14:30:065 Обнаружена цель id:afcdf4b с координатами 7159392 1733422 тип:BB_BR скорость:9103
[RLS3_Dnepr] Цель id:afcdf4b движется в направлении СПРО
Бал.блок       954be2b  10 Koord X: 8752000     Y: 3812000     Speed:9005     X: -7582    Y: -4860    Ttl 192
[КП от RLS3_Dnepr] Обнаружена цель id:afcdf4b координаты X:7159392 Y:1733422 тип:BB_BR скорость:9103
[КП от RLS3_Dnepr] !!! цель движется в направлении СПРО id:afcdf4b !!!
[SPRO_Omsk] Цель id:644405b УНИЧТОЖЕНА
[КП от SPRO_Omsk] >>> Цель id:644405b УНИЧТОЖЕНА (BB_BR) <<<
[35mБал.блок       84637bb  23 Koord X: 2453060     Y: 2994238     Speed:8217     X: 4610     Y: 6803     Пропала[0m
[RLS1_Voronezh] В 15:14:41:327 Обнаружена цель id:ee3bafs с координатами 1383029 4412425 тип:SAM скорость:89
[КП от RLS1_Voronezh] Обнаружена цель id:ee3bafs координаты X:1383029 Y:4412425 тип:SAM скорость:89
[RLS3_Dnepr] В 15:14:42:429 Обнаружена цель id:764533r с координатами 7586744 3102732 тип:KR скорость:758
[КП от RLS3_Dnepr] Обнаружена цель id:764533r координаты X:7586744 Y:3102732 тип:KR скорость:758
К.ракета       6c43c1r  23 Koord X: 8551000     Y: 4008000     Speed:928      X: -587     Y: 720      Ttl 187
[35mСамолет        3665cbs  43 Koord X: 6358944     Y: 3266296     Speed:104      X: -66      Y: 81       Пропала[0m
[RLS1_Voronezh] В 15:14:57:175 Обнаружена цель id:758c63s с координатами 1521835 2782493 тип:SAM скорость:142
Самолет        85488as  43 Koord X: 1688000     Y: 7602000     Speed:91       X: 74       Y: -54      Ttl  34
[35mБал.блок       db2b1db  44 Koord X: 2142648     Y: 6317348     Speed:8257     X: 3222     Y: -7603    Пропала[0m
[КП от RLS1_Voronezh] Обнаружена цель id:758c63s координаты X:1521835 Y:2782493 тип:SAM скорость:142
[35mБал.блок       58938bb  40 Koord X: 7804080     Y: 2984960     Speed:9012     X: -4272    Y: 7936     Пропала[0m
К.ракета       5f76b4r  44 Koord X: 6358000     Y: 3623000     Speed:972      X: 320      Y: 918      Ttl 145
[35mК.ракета       fb1b39r  19 Koord X: 8988000     Y: 6658400     Speed:266      X: -130     Y: -233     Пропала[0m
К.ракета       fd73a2r  40 Koord X: 9105000     Y: 4711000     Speed:294      X: -229     Y: -185     Ttl  35
К.ракета       642d2br  19 Koord X: 9741000     Y: 6189000     Speed:585      X: -383     Y: -443     Ttl  77
[SPRO_Omsk] В 15:15:25:816 Обнаружена цель id:4bf481s координаты 6570938 4659777 тип:SAM скорость:51
[35mСамолет        463d2es  50 Koord X: 6609155     Y: 2908090     Speed:227      X: -51      Y: 222      Пропала[0m
[КП от SPRO_Omsk] Обнаружена цель id:4bf481s координаты X:6570938 Y:4659777 тип:SAM скорость:51
[35mК.ракета       35f26cr  33 Koord X: 9537540     Y: 7995364     Speed:307      X: -90      Y: -294     Пропала[0m
Самолет        7d7561s  50 Koord X: 8171000     Y: 1333000     Speed:104      X: -59      Y: 86       Ttl  38
[RLS3_Dnepr] В 15:15:35:311 Обнаружена цель id:06266eb с координатами 6912495 1992103 тип:BB_BR скорость:8512
[RLS3_Dnepr] Цель id:06266eb движется в направлении СПРО
[КП от RLS3_Dnepr] Обнаружена цель id:06266eb координаты X:6912495 Y:1992103 тип:BB_BR скорость:8512
[КП от RLS3_Dnepr] !!! цель движется в направлении СПРО id:06266eb !!!
Самолет        6b075es  33 Koord X: 4510000     Y: 7963000     Speed:192      X: 78       Y: -176     Ttl  26
[ZRDN1_Orenburg] В 15:15:38:399 Обнаружена цель id:2b26ffb координаты 3911480 3090520 тип:BB_BR скорость:8206
[КП от ZRDN1_Orenburg] Обнаружена цель id:2b26ffb координаты X:3911480 Y:3090520 тип:BB_BR скорость:8206
[SPRO_Omsk] В 15:15:39:699 Обнаружена цель id:355a5br координаты 5603268 4020924 тип:KR скорость:877
[КП от SPRO_Omsk] Обнаружена цель id:355a5br координаты X:5603268 Y:4020924 тип:KR скорость:877
[RLS3_Dnepr] В 15:15:50:138 Обнаружена цель id:7af3fbb с координатами 7611500 2960250 тип:BB_BR скорость:9484
[35mБал.блок       e27129b  13 Koord X: 10829680    Y: 5629000     Speed:8176     X: -3683    Y: 7300     Пропала[0m
[КП от RLS3_Dnepr] Обнаружена цель id:7af3fbb координаты X:7611500 Y:2960250 тип:BB_BR скорость:9484
Бал.блок       171afbb  13 Koord X: 5262000     Y: 6552000     Speed:8107     X: 7296     Y: -3536    Ttl 207
[35mК.ракета       7cb997r  34 Koord X: 3134472     Y: 5943384     Speed:842      X: 369      Y: -757     Пропала[0m
Бал.блок       b26f31b  34 Koord X: 4676000     Y: 6146000     Speed:8060     X: 4833     Y: -6451    Ttl 273
[RLS2_Daryal] В 15:16:14:973 Обнаружена цель id:35f26cr с координатами 9537540 7995364 тип:KR скорость:307
[КП от RLS2_Daryal] Обнаружена цель id:35f26cr координаты X:9537540 Y:7995364 тип:KR скорость:307
[35mК.ракета       772183r  18 Koord X: 5780031     Y: 6205962     Speed:318      X: -181     Y: -262     Пропала[0m
[RLS3_Dnepr] В 15:16:28:816 Обнаружена цель id:481ca2r с координатами 7973287 2078940 тип:KR скорость:908
[35mБал.блок       ae5f23b  22 Koord X: 10380005    Y: 6976770     Speed:9633     X: -2459    Y: 9314     Пропала[0m
[КП от RLS3_Dnepr] Обнаружена цель id:481ca2r координаты X:7973287 Y:2078940 тип:KR скорость:908
[ZRDN2_Volgograd] В 15:16:32:082 Обнаружена цель id:2b26ffb координаты 3920012 3163888 тип:BB_BR скорость:8206
[SPRO_Omsk] В 15:16:32:339 Обнаружена цель id:5f76b4r координаты 6361840 3634016 тип:KR скорость:972
[КП от SPRO_Omsk] Обнаружена цель id:5f76b4r координаты X:6361840 Y:3634016 тип:KR скорость:972
[КП от ZRDN2_Volgograd] Обнаружена цель id:2b26ffb координаты X:3920012 Y:3163888 тип:BB_BR скорость:8206
Бал.блок       aed51cb  18 Koord X: 3065000     Y: 3766000     Speed:8969     X: 997      Y: -8914    Ttl 172
К.ракета       a1c471r  22 Koord X: 7777000     Y: 6128000     Speed:501      X: -290     Y: -409     Ttl 147
[35mСамолет        5349a1s   2 Koord X: 7121728     Y: 3739925     Speed:233      X: 64       Y: -225     Пропала[0m
[RLS3_Dnepr] В 15:16:42:985 Обнаружена цель id:78f130s с координатами 9852038 1950092 тип:SAM скорость:55
[КП от RLS3_Dnepr] Обнаружена цель id:78f130s координаты X:9852038 Y:1950092 тип:SAM скорость:55
Бал.блок       b11ea4b   2 Koord X: 6652000     Y: 3576000     Speed:9626     X: 2660     Y: 9252     Ttl 267
[35mБал.блок       587174b  21 Koord X: 7272596     Y: 6123736     Speed:8242     X: -37      Y: -8242    Пропала[0m
[35mСамолет        7d10aas  27 Koord X: 3232733     Y: 970424      Speed:140      X: 37       Y: 136      Пропала[0m
К.ракета       6a0658r  21 Koord X: 6037000     Y: 3718000     Speed:694      X: -674     Y: -169     Ttl 102
К.ракета       2522far  27 Koord X: 10571000    Y: 1954000     Speed:547      X: -204     Y: 508      Ttl 153
[RLS1_Voronezh] В 15:16:55:330 Обнаружена цель id:7d10aas с координатами 3232659 970152 тип:SAM скорость:140
[КП от RLS1_Voronezh] Обнаружена цель id:7d10aas координаты X:3232659 Y:970152 тип:SAM скорость:140
[35mСамолет        02adf0s  49 Koord X: 7367248     Y: 2181360     Speed:220      X: -4       Y: 220      Пропала[0m
[RLS1_Voronezh] В 15:17:15:427 Обнаружена цель id:ee3bafs с координатами 1384254 4410550 тип:SAM скорость:89
[35mБал.блок       c3e41eb  25 Koord X: 2133272     Y: 4811344     Speed:8021     X: 2547     Y: -7606    Пропала[0m
[КП от RLS1_Voronezh] Обнаружена цель id:ee3bafs координаты X:1384254 Y:4410550 тип:SAM скорость:89
Самолет        5211c7s  49 Koord X: 5463000     Y: 5133000     Speed:139      X: 26       Y: -137     Ttl  43
К.ракета       e502aer  25 Koord X: 8197000     Y: 7702000     Speed:622      X: -90      Y: -616     Ttl 136
[RLS3_Dnepr] В 15:17:35:205 Обнаружена цель id:02adf0s с координатами 7367248 2181360 тип:SAM скорость:220
[КП от RLS3_Dnepr] Обнаружена цель id:02adf0s координаты X:7367248 Y:2181360 тип:SAM скорость:220
[35mБал.блок       338e5cb  28 Koord X: 7246684     Y: 4683412     Speed:9513     X: 2607     Y: -9149    Пропала[0m
[RLS3_Dnepr] В 15:17:51:236 Обнаружена цель id:7d7561s с координатами 8169761 1334806 тип:SAM скорость:104
[35mК.ракета       57b47fr   7 Koord X: 10777304    Y: 3560112     Speed:587      X: -37      Y: -586     Пропала[0m
[ZRDN2_Volgograd] В 15:17:54:065 Обнаружена цель id:2b26ffb координаты 3933284 3278016 тип:BB_BR скорость:8206
[SPRO_Omsk] В 15:17:54:059 Обнаружена цель id:5f76b4r координаты 6366320 3646868 тип:KR скорость:972
Самолет        2b659es  28 Koord X: 6626000     Y: 2519000     Speed:199      X: 61       Y: 190      Ttl 187
[КП от RLS3_Dnepr] Обнаружена цель id:7d7561s координаты X:8169761 Y:1334806 тип:SAM скорость:104
К.ракета       f18c62r   7 Koord X: 6402000     Y: 7915000     Speed:828      X: -463     Y: -687     Ttl 166
[КП от SPRO_Omsk] Обнаружена цель id:5f76b4r координаты X:6366320 Y:3646868 тип:KR скорость:972
[КП от ZRDN2_Volgograd] Обнаружена цель id:2b26ffb координаты X:3933284 Y:3278016 тип:BB_BR скорость:8206
[35mБал.блок       cc1ec4b  29 Koord X: 4699526     Y: 5647841     Speed:8505     X: 6966     Y: 4881     Пропала[0m
[35mСамолет        f95d79s  30 Koord X: 7718060     Y: 1628980     Speed:191      X: 36       Y: 188      Пропала[0m
К.ракета       f132e7r  29 Koord X: 8099000     Y: 6110000     Speed:445      X: -333     Y: -296     Ttl 175
Самолет        178696s  30 Koord X: 7147000     Y: 1960000     Speed:91       X: -38      Y: 83       Ttl 146
[35mСамолет        6b075es  33 Koord X: 4512028     Y: 7958424     Speed:192      X: 78       Y: -176     Пропала[0m
К.ракета       a554c0r  33 Koord X: 1504000     Y: 5956000     Speed:293      X: 83       Y: -282     Ttl  76
[35mСамолет        85488as  43 Koord X: 1690516     Y: 7600164     Speed:91       X: 74       Y: -54      Пропала[0m
[SPRO_Omsk] В 15:18:15:059 Обнаружена цель id:355a5br координаты 5590970 4001710 тип:KR скорость:877
[КП от SPRO_Omsk] Обнаружена цель id:355a5br координаты X:5590970 Y:4001710 тип:KR скорость:877
[RLS2_Daryal] В 15:18:17:981 Обнаружена цель id:e502aer с координатами 8196460 7698304 тип:KR скорость:622
К.ракета       8cdf62r  43 Koord X: 5202000     Y: 7093000     Speed:485      X: 93       Y: -477     Ttl 136
[КП от RLS2_Daryal] Обнаружена цель id:e502aer координаты X:8196460 Y:7698304 тип:KR скорость:622
[35mК.ракета       fd73a2r  40 Koord X: 9096985     Y: 4704525     Speed:294      X: -229     Y: -185     Пропала[0m
[35mСамолет        ee3bafs  14 Koord X: 1385136     Y: 4409200     Speed:89       X: 49       Y: -75      Пропала[0m
Самолет        365baes  40 Koord X: 9848000     Y: 4922000     Speed:193      X: -28      Y: 191      Ttl 149
Бал.блок       0aaef6b  14 Koord X: 6255000     Y: 3949000     Speed:9797     X: -5306    Y: -8236    Ttl 274
[RLS3_Dnepr] В 15:18:43:802 Обнаружена цель id:8bc8d2b с координатами 5821990 2427849 тип:BB_BR скорость:9934
[RLS3_Dnepr] Цель id:8bc8d2b движется в направлении СПРО
[КП от RLS3_Dnepr] Обнаружена цель id:8bc8d2b координаты X:5821990 Y:2427849 тип:BB_BR скорость:9934
[КП от RLS3_Dnepr] !!! цель движется в направлении СПРО id:8bc8d2b !!!
[ZRDN2_Volgograd] В 15:18:46:740 Обнаружена цель id:6a8b1ab координаты 3360110 3415232 тип:BB_BR скорость:9872
[КП от ZRDN2_Volgograd] Обнаружена цель id:6a8b1ab координаты X:3360110 Y:3415232 тип:BB_BR скорость:9872
[RLS3_Dnepr] В 15:19:01:862 Обнаружена цель id:f95d79s с координатами 7718060 1628980 тип:SAM скорость:191
[КП от RLS3_Dnepr] Обнаружена цель id:f95d79s координаты X:7718060 Y:1628980 тип:SAM скорость:191
[SPRO_Omsk] В 15:19:05:891 Обнаружена цель id:5211c7s координаты 5463390 5130945 тип:SAM скорость:139
[КП от SPRO_Omsk] Обнаружена цель id:5211c7s координаты X:5463390 Y:5130945 тип:SAM скорость:139
[35mСамолет        7d7561s  50 Koord X: 8168758     Y: 1336268     Speed:104      X: -59      Y: 86       Пропала[0m
[RLS1_Voronezh] В 15:19:18:215 Обнаружена цель id:ee3bafs с координатами 1385136 4409200 тип:SAM скорость:89
[35mБал.блок       42bccab  47 Koord X: 11428936    Y: 2618608     Speed:8504     X: -1519    Y: 8368     Пропала[0m
Бал.блок       3b2df8b  50 Koord X: 6323000     Y: 1533000     Speed:9284     X: 4124     Y: 8318     Ttl 261
[RLS3_Dnepr] В 15:19:22:028 Обнаружена цель id:afcdf4b с координатами 6785664 2008924 тип:BB_BR скорость:9103
[RLS3_Dnepr] Цель id:afcdf4b движется в направлении СПРО
Бал.блок       28887db  47 Koord X: 5063000     Y: 4668000     Speed:8851     X: 2479     Y: -8497    Ttl 109
[КП от RLS1_Voronezh] Обнаружена цель id:ee3bafs координаты X:1385136 Y:4409200 тип:SAM скорость:89
[КП от RLS3_Dnepr] Обнаружена цель id:afcdf4b координаты X:6785664 Y:2008924 тип:BB_BR скорость:9103
[КП от RLS3_Dnepr] !!! цель движется в направлении СПРО id:afcdf4b !!!
[35mБал.блок       afcdf4b  32 Koord X: 6734368     Y: 2046738     Speed:9103     X: -7328    Y: 5402     Пропала[0m
К.ракета       67c1a9r  32 Koord X: 11405000    Y: 2367000     Speed:938      X: -14      Y: 938      Ttl 162
[35mБал.блок       2b26ffb  38 Koord X: 3955088     Y: 3465512     Speed:8206     X: 948      Y: 8152     Пропала[0m
Самолет        9eb2bbs  38 Koord X: 7037000     Y: 1936000     Speed:242      X: -68      Y: 233      Ttl 178
[ZRDN1_Orenburg] В 15:19:57:073 Обнаружена цель id:2b26ffb координаты 3953192 3449208 тип:BB_BR скорость:8206
[SPRO_Omsk] В 15:19:58:490 Обнаружена цель id:8bc8d2b координаты 5776030 2537853 тип:BB_BR скорость:9934
[КП от ZRDN1_Orenburg] Обнаружена цель id:2b26ffb координаты X:3953192 Y:3449208 тип:BB_BR скорость:8206
[SPRO_Omsk] Стрельба по цели id:8bc8d2b тип:BB_BR. Осталось противоракет: 6
[КП от SPRO_Omsk] Обнаружена цель id:8bc8d2b координаты X:5776030 Y:2537853 тип:BB_BR скорость:9934
[КП от SPRO_Omsk] Стрельба по цели id:8bc8d2b тип:BB_BR AMMO:6
[32mБал.блок       8bc8d2b  35 Koord X: 5760710     Y: 2574521     Speed:9934     X: -3830    Y: 9167     		Уничтожена SPRO_Omsk[0m
[35mБал.блок       7af3fbb  11 Koord X: 7585964     Y: 2505690     Speed:9484     X: -532     Y: -9470    Пропала[0m
Бал.блок       f4c9cbb  35 Koord X: 9048000     Y: 6392000     Speed:9332     X: -4168    Y: -8350    Ttl 284
[35mСамолет        758c63s   3 Koord X: 1525605     Y: 2789859     Speed:142      X: 65       Y: 127      Пропала[0m
Самолет        d2041as  11 Koord X: 2395000     Y: 5173000     Speed:194      X: 154      Y: 119      Ttl  73
[35mК.ракета       55ea05r  17 Koord X: 4101464     Y: 5067440     Speed:256      X: 113      Y: 230      Пропала[0m
[RLS3_Dnepr] В 15:20:19:364 Обнаружена цель id:178696s с координатами 7146316 1961494 тип:SAM скорость:91
К.ракета       08d8d7r   3 Koord X: 6530000     Y: 3692000     Speed:958      X: -233     Y: -930     Ttl 130
К.ракета       960439r  17 Koord X: 3782000     Y: 4267000     Speed:250      X: 17       Y: -250     Ttl 107
[35mСамолет        ad903cs  41 Koord X: 7471228     Y: 6275592     Speed:96       X: -21      Y: -94      Пропала[0m
[КП от RLS3_Dnepr] Обнаружена цель id:178696s координаты X:7146316 Y:1961494 тип:SAM скорость:91
К.ракета       5ef48ar  41 Koord X: 8333000     Y: 4817000     Speed:457      X: -157     Y: -430     Ttl  81
[35mК.ракета       f5a3c4r  48 Koord X: 10678272    Y: 4544064     Speed:691      X: -623     Y: -301     Пропала[0m
[RLS3_Dnepr] В 15:20:34:709 Обнаружена цель id:2b659es с координатами 6627464 2523560 тип:SAM скорость:199
[КП от RLS3_Dnepr] Обнаружена цель id:2b659es координаты X:6627464 Y:2523560 тип:SAM скорость:199
Самолет        f748a2s  48 Koord X: 5283000     Y: 2844000     Speed:117      X: -81      Y: 85       Ttl 208
[SPRO_Omsk] Цель id:8bc8d2b УНИЧТОЖЕНА
[КП от SPRO_Omsk] >>> Цель id:8bc8d2b УНИЧТОЖЕНА (BB_BR) <<<
[RLS1_Voronezh] В 15:20:41:753 Обнаружена цель id:758c63s с координатами 1525605 2789859 тип:SAM скорость:142
[КП от RLS1_Voronezh] Обнаружена цель id:758c63s координаты X:1525605 Y:2789859 тип:SAM скорость:142
[SPRO_Omsk] В 15:20:49:998 Обнаружена цель id:28887db координаты 5090269 4574533 тип:BB_BR скорость:8851
[SPRO_Omsk] Стрельба по цели id:28887db тип:BB_BR. Осталось противоракет: 5
[RLS3_Dnepr] В 15:20:51:691 Обнаружена цель id:78f130s с координатами 9850447 1951898 тип:SAM скорость:55
[32mБал.блок       28887db  47 Koord X: 5097706     Y: 4549042     Speed:8851     X: 2479     Y: -8497    		Уничтожена SPRO_Omsk[0m
[35mСамолет        06bdf0s  36 Koord X: 7741600     Y: 4286400     Speed:90       X: -10      Y: -90      Пропала[0m
[КП от RLS3_Dnepr] Обнаружена цель id:78f130s координаты X:9850447 Y:1951898 тип:SAM скорость:55
[КП от SPRO_Omsk] Обнаружена цель id:28887db координаты X:5090269 Y:4574533 тип:BB_BR скорость:8851
[КП от SPRO_Omsk] Стрельба по цели id:28887db тип:BB_BR AMMO:5
К.ракета       af561ar  47 Koord X: 10818000    Y: 1738000     Speed:685      X: -662     Y: 179      Ttl 168
К.ракета       6297a9r  36 Koord X: 10512000    Y: 1098000     Speed:691      X: -48      Y: 690      Ttl  74
[35mК.ракета       355a5br  39 Koord X: 5574888     Y: 3976584     Speed:877      X: -473     Y: -739     Пропала[0m
Самолет        edf1bds  39 Koord X: 7746000     Y: 2045000     Speed:68       X: -20      Y: 66       Ttl 111
[RLS2_Daryal] В 15:21:31:581 Обнаружена цель id:e502aer с координатами 8193490 7677976 тип:KR скорость:622
[SPRO_Omsk] Цель id:28887db УНИЧТОЖЕНА
[КП от RLS2_Daryal] Обнаружена цель id:e502aer координаты X:8193490 Y:7677976 тип:KR скорость:622
[35mСамолет        5211c7s  49 Koord X: 5464118     Y: 5127109     Speed:139      X: 26       Y: -137     Пропала[0m
[КП от SPRO_Omsk] >>> Цель id:28887db УНИЧТОЖЕНА (BB_BR) <<<
Бал.блок       180fadb  49 Koord X: 10076000    Y: 4315000     Speed:9697     X: -6341    Y: 7337     Ttl  95
[SPRO_Omsk] В 15:21:42:818 Обнаружена цель id:0aaef6b координаты 6111738 3726628 тип:BB_BR скорость:9797
[SPRO_Omsk] Стрельба по цели id:0aaef6b тип:BB_BR. Осталось противоракет: 4
[КП от SPRO_Omsk] Обнаружена цель id:0aaef6b координаты X:6111738 Y:3726628 тип:BB_BR скорость:9797
[КП от SPRO_Omsk] Стрельба по цели id:0aaef6b тип:BB_BR AMMO:4
[RLS3_Dnepr] В 15:21:44:765 Обнаружена цель id:481ca2r с координатами 7926922 2097640 тип:KR скорость:908
[КП от RLS3_Dnepr] Обнаружена цель id:481ca2r координаты X:7926922 Y:2097640 тип:KR скорость:908
[32mБал.блок       0aaef6b  14 Koord X: 6095820     Y: 3701920     Speed:9797     X: -5306    Y: -8236    		Уничтожена SPRO_Omsk[0m
К.ракета       df7ac2r  14 Koord X: 3674000     Y: 6106000     Speed:743      X: 21       Y: -743     Ttl  27
[35mБал.блок       a4d988b  42 Koord X: 5522662     Y: 5172759     Speed:8407     X: 1186     Y: -8323    Пропала[0m
[SPRO_Omsk] В 15:22:02:705 Обнаружена цель id:b11ea4b координаты 6785000 4038600 тип:BB_BR скорость:9626
[SPRO_Omsk] Стрельба по цели id:b11ea4b тип:BB_BR. Осталось противоракет: 3
Бал.блок       8e9eb0b  42 Koord X: 9180000     Y: 3845000     Speed:8099     X: -5690    Y: -5764    Ttl 259
[КП от SPRO_Omsk] Обнаружена цель id:b11ea4b координаты X:6785000 Y:4038600 тип:BB_BR скорость:9626
[КП от SPRO_Omsk] Стрельба по цели id:b11ea4b тип:BB_BR AMMO:3
[32mБал.блок       b11ea4b   2 Koord X: 6792980     Y: 4066356     Speed:9626     X: 2660     Y: 9252     		Уничтожена SPRO_Omsk[0m
Самолет        6a3fbds   2 Koord X: 1405000     Y: 6471000     Speed:198      X: 182      Y: -80      Ttl  24
[SPRO_Omsk] В 15:22:29:132 Обнаружена цель id:08d8d7r координаты 6526272 3677120 тип:KR скорость:958
[SPRO_Omsk] Цель id:0aaef6b УНИЧТОЖЕНА
[КП от SPRO_Omsk] Обнаружена цель id:08d8d7r координаты X:6526272 Y:3677120 тип:KR скорость:958
[КП от SPRO_Omsk] >>> Цель id:0aaef6b УНИЧТОЖЕНА (BB_BR) <<<
[RLS3_Dnepr] В 15:22:42:824 Обнаружена цель id:9eb2bbs с координатами 7035368 1941592 тип:SAM скорость:242
[КП от RLS3_Dnepr] Обнаружена цель id:9eb2bbs координаты X:7035368 Y:1941592 тип:SAM скорость:242
[SPRO_Omsk] Цель id:b11ea4b УНИЧТОЖЕНА
[КП от SPRO_Omsk] >>> Цель id:b11ea4b УНИЧТОЖЕНА (BB_BR) <<<
[35mК.ракета       642d2br  19 Koord X: 9711509     Y: 6154889     Speed:585      X: -383     Y: -443     Пропала[0m
[RLS3_Dnepr] В 15:22:58:615 Обнаружена цель id:edf1bds с координатами 7745760 2045792 тип:SAM скорость:68
[RLS2_Daryal] В 15:22:58:643 Обнаружена цель id:e502aer с координатами 8192230 7669352 тип:KR скорость:622
К.ракета       9344f7r  19 Koord X: 10162000    Y: 7467000     Speed:887      X: -887     Y: -42      Ttl 107
[КП от RLS2_Daryal] Обнаружена цель id:e502aer координаты X:8192230 Y:7669352 тип:KR скорость:622
[КП от RLS3_Dnepr] Обнаружена цель id:edf1bds координаты X:7745760 Y:2045792 тип:SAM скорость:68
[RLS3_Dnepr] В 15:23:17:264 Обнаружена цель id:3b2df8b с координатами 6467340 1824130 тип:BB_BR скорость:9284
[RLS3_Dnepr] Цель id:3b2df8b движется в направлении СПРО
[КП от RLS3_Dnepr] Обнаружена цель id:3b2df8b координаты X:6467340 Y:1824130 тип:BB_BR скорость:9284
[SPRO_Omsk] В 15:23:17:783 Обнаружена цель id:6a0658r координаты 5996560 3707860 тип:KR скорость:694
[КП от RLS3_Dnepr] !!! цель движется в направлении СПРО id:3b2df8b !!!
[КП от SPRO_Omsk] Обнаружена цель id:6a0658r координаты X:5996560 Y:3707860 тип:KR скорость:694
[35mБал.блок       6a8b1ab   8 Koord X: 3659860     Y: 3807432     Speed:9872     X: 5995     Y: 7844     Пропала[0m
[SPRO_Omsk] В 15:23:35:111 Обнаружена цель id:4bf481s координаты 6573760 4656540 тип:SAM скорость:51
[КП от SPRO_Omsk] Обнаружена цель id:4bf481s координаты X:6573760 Y:4656540 тип:SAM скорость:51
Бал.блок       10cb3cb   8 Koord X: 9160000     Y: 4996000     Speed:9339     X: -373     Y: 9332     Ttl 291
[35mБал.блок       fa6d5db   6 Koord X: 8615716     Y: 3486668     Speed:8750     X: -878     Y: 8706     Пропала[0m
[RLS3_Dnepr] В 15:24:08:503 Обнаружена цель id:178696s с координатами 7144872 1964648 тип:SAM скорость:91
[КП от RLS3_Dnepr] Обнаружена цель id:178696s координаты X:7144872 Y:1964648 тип:SAM скорость:91
К.ракета       a242bfr   6 Koord X: 6601000     Y: 2764000     Speed:787      X: -392     Y: 683      Ttl  96
[35mК.ракета       3a9956r   1 Koord X: 7473972     Y: 1828428     Speed:734      X: 69       Y: 731      Пропала[0m
[RLS3_Dnepr] В 15:24:27:703 Обнаружена цель id:2b659es с координатами 6629721 2530590 тип:SAM скорость:199
[КП от RLS3_Dnepr] Обнаружена цель id:2b659es координаты X:6629721 Y:2530590 тип:SAM скорость:199
Бал.блок       98b800b   1 Koord X: 6599000     Y: 5338000     Speed:9248     X: 3638     Y: 8503     Ttl 226
[SPRO_Omsk] В 15:24:30:180 Обнаружена цель id:5f76b4r координаты 6387440 3707456 тип:KR скорость:972
[КП от SPRO_Omsk] Обнаружена цель id:5f76b4r координаты X:6387440 Y:3707456 тип:KR скорость:972
[35mСамолет        6a3fbds   2 Koord X: 1409368     Y: 6469080     Speed:198      X: 182      Y: -80      Пропала[0m
[35mК.ракета       df7ac2r  14 Koord X: 3674567     Y: 6085939     Speed:743      X: 21       Y: -743     Пропала[0m
Самолет        f2ebd4s   2 Koord X: 11069000    Y: 7485000     Speed:122      X: -96      Y: -76      Ttl  70
[RLS3_Dnepr] В 15:24:42:724 Обнаружена цель id:78f130s с координатами 9849041 1953494 тип:SAM скорость:55
К.ракета       c2b8bar  14 Koord X: 5256000     Y: 6373000     Speed:749      X: 583      Y: -471     Ttl 134
[КП от RLS3_Dnepr] Обнаружена цель id:78f130s координаты X:9849041 Y:1953494 тип:SAM скорость:55
[SPRO_Omsk] В 15:24:45:423 Обнаружена цель id:f748a2s координаты 5279922 2847230 тип:SAM скорость:117
[КП от SPRO_Omsk] Обнаружена цель id:f748a2s координаты X:5279922 Y:2847230 тип:SAM скорость:117
[35mК.ракета       10ca1cr  15 Koord X: 7741109     Y: 4779117     Speed:510      X: -257     Y: -441     Пропала[0m
Самолет        da7f64s  15 Koord X: 5435000     Y: 1935000     Speed:54       X: 34       Y: 43       Ttl  47
[35mБал.блок       341839b  37 Koord X: 9949712     Y: 6235640     Speed:9326     X: 7597     Y: -5410    Пропала[0m
Самолет        d996a3s  37 Koord X: 5734000     Y: 4089000     Speed:83       X: -43      Y: 72       Ttl 194
[35mК.ракета       480130r  26 Koord X: 2151774     Y: 3568426     Speed:816      X: 193      Y: -793     Пропала[0m
[RLS3_Dnepr] В 15:25:35:531 Обнаружена цель id:a242bfr с координатами 6596296 2772196 тип:KR скорость:787
[КП от RLS3_Dnepr] Обнаружена цель id:a242bfr координаты X:6596296 Y:2772196 тип:KR скорость:787
[35mБал.блок       06266eb   5 Koord X: 7552470     Y: 2616118     Speed:8512     X: 6095     Y: 5943     Пропала[0m
К.ракета       068dber  26 Koord X: 7715000     Y: 1979000     Speed:813      X: -155     Y: 799      Ttl  19
К.ракета       32bfe9r   5 Koord X: 10760000    Y: 4191000     Speed:539      X: -515     Y: 162      Ttl 207
[35mК.ракета       a554c0r  33 Koord X: 1510308     Y: 5934568     Speed:293      X: 83       Y: -282     Пропала[0m
Самолет        68a3a8s  33 Koord X: 3112000     Y: 2961000     Speed:225      X: 143      Y: 175      Ttl 127
[RLS3_Dnepr] В 15:25:53:524 Обнаружена цель id:06266eb с координатами 7546375 2610175 тип:BB_BR скорость:8512
[КП от RLS3_Dnepr] Обнаружена цель id:06266eb координаты X:7546375 Y:2610175 тип:BB_BR скорость:8512
[RLS2_Daryal] В 15:26:08:430 Обнаружена цель id:e502aer с координатами 8189350 7649640 тип:KR скорость:622
[КП от RLS2_Daryal] Обнаружена цель id:e502aer координаты X:8189350 Y:7649640 тип:KR скорость:622
[RLS3_Dnepr] В 15:26:14:473 Обнаружена цель id:481ca2r с координатами 7889830 2112600 тип:KR скорость:908
[КП от RLS3_Dnepr] Обнаружена цель id:481ca2r координаты X:7889830 Y:2112600 тип:KR скорость:908
[SPRO_Omsk] В 15:26:19:492 Обнаружена цель id:6a0658r координаты 5974992 3702452 тип:KR скорость:694
[35mСамолет        4bf481s  20 Koord X: 6574848     Y: 4655292     Speed:51       X: 34       Y: -39      Пропала[0m
[RLS2_Daryal] В 15:26:25:999 Обнаружена цель id:9344f7r с координатами 10133616 7465656 тип:KR скорость:887
Самолет        f1d5e4s  20 Koord X: 5321000     Y: 7336000     Speed:218      X: -200     Y: -89      Ttl 205
[КП от RLS2_Daryal] Обнаружена цель id:9344f7r координаты X:10133616 Y:7465656 тип:KR скорость:887
[КП от SPRO_Omsk] Обнаружена цель id:6a0658r координаты X:5974992 Y:3702452 тип:KR скорость:694
[SPRO_Omsk] В 15:26:33:491 Обнаружена цель id:4bf481s координаты 6574814 4655331 тип:SAM скорость:51
[КП от SPRO_Omsk] Обнаружена цель id:4bf481s координаты X:6574814 Y:4655331 тип:SAM скорость:51
[35mСамолет        d63f1as  16 Koord X: 8414785     Y: 6630739     Speed:95       X: -35      Y: -89      Пропала[0m
[35mК.ракета       6a0658r  21 Koord X: 5968252     Y: 3700762     Speed:694      X: -674     Y: -169     Пропала[0m
Самолет        f86f99s  16 Koord X: 6227000     Y: 3776000     Speed:168      X: 141      Y: -93      Ttl  96
Самолет        aac92bs  21 Koord X: 7063000     Y: 2073000     Speed:218      X: -90      Y: 199      Ttl 119
[RLS3_Dnepr] В 15:27:05:948 Обнаружена цель id:178696s с координатами 7143694 1967221 тип:SAM скорость:91
[КП от RLS3_Dnepr] Обнаружена цель id:178696s координаты X:7143694 Y:1967221 тип:SAM скорость:91
[35mК.ракета       3ad0c4r  45 Koord X: 3541730     Y: 4896676     Speed:359      X: 230      Y: 276      Пропала[0m
К.ракета       fb4805r  45 Koord X: 6392000     Y: 3705000     Speed:491      X: -194     Y: -452     Ttl 191
[RLS3_Dnepr] В 15:27:23:103 Обнаружена цель id:da7f64s с координатами 5435782 1935989 тип:SAM скорость:54
[SPRO_Omsk] В 15:27:27:222 Обнаружена цель id:d996a3s координаты 5733269 4090224 тип:SAM скорость:83
[35mБал.блок       c87e47b   9 Koord X: 9540772     Y: 5809010     Speed:9401     X: -6988    Y: -6290    Пропала[0m
[35mСамолет        d2041as  11 Koord X: 2406242     Y: 5181687     Speed:194      X: 154      Y: 119      Пропала[0m
[35mК.ракета       481ca2r  12 Koord X: 7875499     Y: 2118380     Speed:908      X: -843     Y: 340      Пропала[0m
[35mК.ракета       068dber  26 Koord X: 7712055     Y: 1994181     Speed:813      X: -155     Y: 799      Пропала[0m
[КП от RLS3_Dnepr] Обнаружена цель id:da7f64s координаты X:5435782 Y:1935989 тип:SAM скорость:54
[КП от SPRO_Omsk] Обнаружена цель id:d996a3s координаты X:5733269 Y:4090224 тип:SAM скорость:83
Бал.блок       11b39db   9 Koord X: 9516000     Y: 2132000     Speed:8126     X: -197     Y: 8124     Ttl 175
Самолет        adc21cs  11 Koord X: 6084000     Y: 1097000     Speed:223      X: 220      Y: 42       Ttl 204
К.ракета       837f8er  12 Koord X: 3402000     Y: 2660000     Speed:259      X: 31       Y: 258      Ttl  88
Самолет        ebf921s  26 Koord X: 11349000    Y: 3271000     Speed:69       X: -28      Y: 64       Ttl 106
[RLS3_Dnepr] В 15:27:38:917 Обнаружена цель id:2b659es с координатами 6631795 2537050 тип:SAM скорость:199
[КП от RLS3_Dnepr] Обнаружена цель id:2b659es координаты X:6631795 Y:2537050 тип:SAM скорость:199
[35mСамолет        1cf9c2s  31 Koord X: 3487484     Y: 6332335     Speed:95       X: 12       Y: -95      Пропала[0m
К.ракета       bc1c26r  31 Koord X: 5312000     Y: 1153000     Speed:522      X: -109     Y: 511      Ttl  24
[RLS3_Dnepr] В 15:27:58:203 Обнаружена цель id:068dber с координатами 7712055 1994181 тип:KR скорость:813
[КП от RLS3_Dnepr] Обнаружена цель id:068dber координаты X:7712055 Y:1994181 тип:KR скорость:813
[35mБал.блок       173567b   4 Koord X: 6269556     Y: 6461768     Speed:8110     X: 1903     Y: 7884     Пропала[0m
[SPRO_Omsk] В 15:28:20:321 Обнаружена цель id:f86f99s координаты 6228551 3774977 тип:SAM скорость:168
[35mК.ракета       6297a9r  36 Koord X: 10508448    Y: 1149060     Speed:691      X: -48      Y: 690      Пропала[0m
К.ракета       63ffd6r   4 Koord X: 8664000     Y: 6336000     Speed:521      X: -426     Y: -301     Ttl 167
Бал.блок       0aa150b  36 Koord X: 1428000     Y: 3384000     Speed:9148     X: 8137     Y: 4182     Ttl 188
[35mК.ракета       5ef48ar  41 Koord X: 8320283     Y: 4782170     Speed:457      X: -157     Y: -430     Пропала[0m
[КП от SPRO_Omsk] Обнаружена цель id:f86f99s координаты X:6228551 Y:3774977 тип:SAM скорость:168
[ZRDN3_Mahachkala] В 15:28:31:857 Обнаружена цель id:837f8er координаты 3402217 2661806 тип:KR скорость:259
[ZRDN3_Mahachkala] Стрельба по цели id:837f8er тип:KR. Осталось ракет: 16
[КП от ZRDN3_Mahachkala] Обнаружена цель id:837f8er координаты X:3402217 Y:2661806 тип:KR скорость:259
[КП от ZRDN3_Mahachkala] Стрельба по цели id:837f8er тип:KR AMMO:16
К.ракета       f7cefdr  41 Koord X: 7014000     Y: 4034000     Speed:401      X: -355     Y: -188     Ttl 115
[SPRO_Omsk] В 15:28:35:835 Обнаружена цель id:a242bfr координаты 6584144 2793369 тип:KR скорость:787
[КП от SPRO_Omsk] Обнаружена цель id:a242bfr координаты X:6584144 Y:2793369 тип:KR скорость:787
[32mК.ракета       837f8er  12 Koord X: 3402310     Y: 2662580     Speed:259      X: 31       Y: 258      		Уничтожена ZRDN3_Mahachkala[0m
Бал.блок       5826cbb  12 Koord X: 3530000     Y: 5700000     Speed:9705     X: 7455     Y: -6215    Ttl 124
[RLS3_Dnepr] В 15:28:49:340 Обнаружена цель id:bc1c26r с координатами 5311237 1156577 тип:KR скорость:522
[SPRO_Omsk] В 15:28:56:830 Обнаружена цель id:08d8d7r координаты 6510661 3614810 тип:KR скорость:958
[КП от RLS3_Dnepr] Обнаружена цель id:bc1c26r координаты X:5311237 Y:1156577 тип:KR скорость:522
[КП от SPRO_Omsk] Обнаружена цель id:08d8d7r координаты X:6510661 Y:3614810 тип:KR скорость:958
[35mБал.блок       0aec5cb  46 Koord X: 9175134     Y: 2545500     Speed:8285     X: -763     Y: -8250    Пропала[0m
Бал.блок       4c297eb  46 Koord X: 6068000     Y: 4628000     Speed:8872     X: -3527    Y: -8141    Ttl 232
[RLS3_Dnepr] В 15:29:14:051 Обнаружена цель id:aac92bs с координатами 7061380 2076582 тип:SAM скорость:218
[КП от RLS3_Dnepr] Обнаружена цель id:aac92bs координаты X:7061380 Y:2076582 тип:SAM скорость:218
[ZRDN3_Mahachkala] Цель id:837f8er УНИЧТОЖЕНА
[35mК.ракета       5f76b4r  44 Koord X: 6404400     Y: 3756110     Speed:972      X: 320      Y: 918      Пропала[0m
Самолет        d0fbb0s  44 Koord X: 5940000     Y: 4926000     Speed:179      X: -139     Y: -114     Ttl 126
[КП от ZRDN3_Mahachkala] >>> Цель id:837f8er УНИЧТОЖЕНА (KR) <<<
[35mСамолет        da7f64s  15 Koord X: 5436598     Y: 1937021     Speed:54       X: 34       Y: 43       Пропала[0m
К.ракета       8a3621r  15 Koord X: 8169000     Y: 2072000     Speed:493      X: -6       Y: 493      Ttl 206
[RLS1_Voronezh] В 15:29:45:362 Обнаружена цель id:0aa150b с координатами 1501233 3421638 тип:BB_BR скорость:9148
[RLS1_Voronezh] Цель id:0aa150b движется в направлении СПРО
[КП от RLS1_Voronezh] Обнаружена цель id:0aa150b координаты X:1501233 Y:3421638 тип:BB_BR скорость:9148
[КП от RLS1_Voronezh] !!! цель движется в направлении СПРО id:0aa150b !!!
[RLS3_Dnepr] В 15:30:03:536 Обнаружена цель id:9eb2bbs с координатами 7030268 1959067 тип:SAM скорость:242
[КП от RLS3_Dnepr] Обнаружена цель id:9eb2bbs координаты X:7030268 Y:1959067 тип:SAM скорость:242
[35mК.ракета       bc1c26r  31 Koord X: 5309384     Y: 1165264     Speed:522      X: -109     Y: 511      Пропала[0m
К.ракета       2868edr  31 Koord X: 6891000     Y: 3618000     Speed:919      X: -8       Y: 919      Ttl  35
[RLS2_Daryal] В 15:30:19:931 Обнаружена цель id:e502aer с координатами 8185480 7623152 тип:KR скорость:622
[RLS3_Dnepr] В 15:30:21:390 Обнаружена цель id:edf1bds с координатами 7744240 2050808 тип:SAM скорость:68
[SPRO_Omsk] В 15:30:24:570 Обнаружена цель id:d0fbb0s координаты 5939027 4925202 тип:SAM скорость:179
[КП от RLS2_Daryal] Обнаружена цель id:e502aer координаты X:8185480 Y:7623152 тип:KR скорость:622
[КП от RLS3_Dnepr] Обнаружена цель id:edf1bds координаты X:7744240 Y:2050808 тип:SAM скорость:68
[КП от SPRO_Omsk] Обнаружена цель id:d0fbb0s координаты X:5939027 Y:4925202 тип:SAM скорость:179
[RLS3_Dnepr] В 15:30:36:423 Обнаружена цель id:3b2df8b с координатами 6780764 2456298 тип:BB_BR скорость:9284
[RLS3_Dnepr] Цель id:3b2df8b движется в направлении СПРО
[КП от RLS3_Dnepr] Обнаружена цель id:3b2df8b координаты X:6780764 Y:2456298 тип:BB_BR скорость:9284
[КП от RLS3_Dnepr] !!! цель движется в направлении СПРО id:3b2df8b !!!
[SPRO_Omsk] В 15:30:39:857 Обнаружена цель id:d996a3s координаты 5731893 4092528 тип:SAM скорость:83
[КП от SPRO_Omsk] Обнаружена цель id:d996a3s координаты X:5731893 Y:4092528 тип:SAM скорость:83
[35mК.ракета       e502aer  25 Koord X: 8184760     Y: 7618224     Speed:622      X: -90      Y: -616     Пропала[0m
Бал.блок       3bea0eb  25 Koord X: 9910000     Y: 4008000     Speed:8739     X: -1796    Y: 8553     Ttl 213
[35mК.ракета       960439r  17 Koord X: 3783819     Y: 4240250     Speed:250      X: 17       Y: -250     Пропала[0m
[SPRO_Omsk] В 15:30:59:211 Обнаружена цель id:fb4805r координаты 6385404 3689632 тип:KR скорость:491
[КП от SPRO_Omsk] Обнаружена цель id:fb4805r координаты X:6385404 Y:3689632 тип:KR скорость:491
[35mБал.блок       180fadb  49 Koord X: 9473605     Y: 5012015     Speed:9697     X: -6341    Y: 7337     Пропала[0m
Самолет        5d8f30s  17 Koord X: 9635000     Y: 5007000     Speed:121      X: -106     Y: 60       Ttl 151
[35mК.ракета       a1c471r  22 Koord X: 7734370     Y: 6067877     Speed:501      X: -290     Y: -409     Пропала[0m
Бал.блок       c2d9ffb  49 Koord X: 7767000     Y: 4217000     Speed:8517     X: 4788     Y: 7044     Ttl  85
К.ракета       8d63d0r  22 Koord X: 5603000     Y: 7787000     Speed:918      X: -505     Y: -767     Ttl  59
[ZRDN3_Mahachkala] В 15:31:16:487 Обнаружена цель id:aed51cb координаты 3209565 2473470 тип:BB_BR скорость:8969
[КП от ZRDN3_Mahachkala] Обнаружена цель id:aed51cb координаты X:3209565 Y:2473470 тип:BB_BR скорость:8969
[SPRO_Omsk] В 15:31:18:381 Обнаружена цель id:b26f31b координаты 5396117 5184801 тип:BB_BR скорость:8060
[SPRO_Omsk] Стрельба по цели id:b26f31b тип:BB_BR. Осталось противоракет: 2
[32mБал.блок       b26f31b  34 Koord X: 5415449     Y: 5158997     Speed:8060     X: 4833     Y: -6451    		Уничтожена SPRO_Omsk[0m
[35mСамолет        78f130s  24 Koord X: 9846377     Y: 1956518     Speed:55       X: -37      Y: 42       Пропала[0m
К.ракета       0b59c9r  34 Koord X: 5309000     Y: 6937000     Speed:869      X: 863      Y: -110     Ttl 113
[КП от SPRO_Omsk] Обнаружена цель id:b26f31b координаты X:5396117 Y:5184801 тип:BB_BR скорость:8060
[КП от SPRO_Omsk] Стрельба по цели id:b26f31b тип:BB_BR AMMO:2
[RLS3_Dnepr] В 15:31:32:648 Обнаружена цель id:178696s с координатами 7141984 1970956 тип:SAM скорость:91
[35mСамолет        f2ebd4s   2 Koord X: 11062280    Y: 7479680     Speed:122      X: -96      Y: -76      Пропала[0m
[КП от RLS3_Dnepr] Обнаружена цель id:178696s координаты X:7141984 Y:1970956 тип:SAM скорость:91
К.ракета       f2495br  24 Koord X: 1908000     Y: 7128000     Speed:482      X: 60       Y: -479     Ttl 199
К.ракета       f41a6er   2 Koord X: 8205000     Y: 2409000     Speed:607      X: -548     Y: 263      Ttl 144
[RLS2_Daryal] В 15:31:46:245 Обнаружена цель id:9344f7r с координатами 10085718 7463388 тип:KR скорость:887
[RLS1_Voronezh] В 15:31:46:482 Обнаружена цель id:0aa150b с координатами 1663973 3505278 тип:BB_BR скорость:9148
[RLS1_Voronezh] Цель id:0aa150b движется в направлении СПРО
[КП от RLS1_Voronezh] Обнаружена цель id:0aa150b координаты X:1663973 Y:3505278 тип:BB_BR скорость:9148
[КП от RLS1_Voronezh] !!! цель движется в направлении СПРО id:0aa150b !!!
[КП от RLS2_Daryal] Обнаружена цель id:9344f7r координаты X:10085718 Y:7463388 тип:KR скорость:887
[35mК.ракета       8cdf62r  43 Koord X: 5214648     Y: 7028128     Speed:485      X: 93       Y: -477     Пропала[0m
[RLS3_Dnepr] В 15:31:52:062 Обнаружена цель id:2b659es с координатами 6634357 2545030 тип:SAM скорость:199
Бал.блок       113b08b  43 Koord X: 5915000     Y: 2030000     Speed:8370     X: -4314    Y: 7173     Ttl 183
[SPRO_Omsk] Цель id:b26f31b УНИЧТОЖЕНА
[35mК.ракета       2522far  27 Koord X: 10539788    Y: 2031724     Speed:547      X: -204     Y: 508      Пропала[0m
[КП от RLS3_Dnepr] Обнаружена цель id:2b659es координаты X:6634357 Y:2545030 тип:SAM скорость:199
[КП от SPRO_Omsk] >>> Цель id:b26f31b УНИЧТОЖЕНА (BB_BR) <<<
Самолет        6b08e2s  27 Koord X: 2222000     Y: 2086000     Speed:118      X: 28       Y: 115      Ttl 195
[RLS1_Voronezh] В 15:32:09:403 Обнаружена цель id:aed51cb с координатами 3217541 2402158 тип:BB_BR скорость:8969
[КП от RLS1_Voronezh] Обнаружена цель id:aed51cb координаты X:3217541 Y:2402158 тип:BB_BR скорость:8969
[SPRO_Omsk] В 15:32:17:733 Обнаружена цель id:4c297eb координаты 5972771 4408193 тип:BB_BR скорость:8872
[SPRO_Omsk] Стрельба по цели id:4c297eb тип:BB_BR. Осталось противоракет: 1
[КП от SPRO_Omsk] Обнаружена цель id:4c297eb координаты X:5972771 Y:4408193 тип:BB_BR скорость:8872
[КП от SPRO_Omsk] Стрельба по цели id:4c297eb тип:BB_BR AMMO:1
[35mСамолет        edf1bds  39 Koord X: 7743780     Y: 2052326     Speed:68       X: -20      Y: 66       Пропала[0m
[31mБал.блок       4c297eb  46 Koord X: 5958663     Y: 4375629     Speed:8872     X: -3527    Y: -8141    		Промах SPRO_Omsk[0m
К.ракета       e280dbr  39 Koord X: 9094000     Y: 4332000     Speed:467      X: -105     Y: -456     Ttl  12
[SPRO_Omsk] В 15:32:32:791 Обнаружена цель id:f748a2s координаты 5273523 2853945 тип:SAM скорость:117
[КП от SPRO_Omsk] Обнаружена цель id:f748a2s координаты X:5273523 Y:2853945 тип:SAM скорость:117
[35mСамолет        178696s  30 Koord X: 7141452     Y: 1972118     Speed:91       X: -38      Y: 83       Пропала[0m
[RLS3_Dnepr] В 15:32:43:032 Обнаружена цель id:954be2b с координатами 7379658 2932340 тип:BB_BR скорость:9005
[RLS3_Dnepr] Цель id:954be2b движется в направлении СПРО
[КП от RLS3_Dnepr] Обнаружена цель id:954be2b координаты X:7379658 Y:2932340 тип:BB_BR скорость:9005
[ZRDN3_Mahachkala] В 15:32:44:557 Обнаружена цель id:aed51cb координаты 3224520 2339760 тип:BB_BR скорость:8969
[КП от RLS3_Dnepr] !!! цель движется в направлении СПРО id:954be2b !!!
Самолет        9f91f5s  30 Koord X: 7645000     Y: 5264000     Speed:128      X: 78       Y: 102      Ttl  23
[КП от ZRDN3_Mahachkala] Обнаружена цель id:aed51cb координаты X:3224520 Y:2339760 тип:BB_BR скорость:8969
[SPRO_Omsk] ПРОМАХ по цели id:4c297eb
[КП от SPRO_Omsk] ПРОМАХ по цели id:4c297eb (BB_BR)
[RLS3_Dnepr] В 15:33:04:004 Обнаружена цель id:f41a6er с координатами 8199520 2411630 тип:KR скорость:607
[КП от RLS3_Dnepr] Обнаружена цель id:f41a6er координаты X:8199520 Y:2411630 тип:KR скорость:607
[35mК.ракета       6c43c1r  23 Koord X: 8441231     Y: 4142640     Speed:928      X: -587     Y: 720      Пропала[0m
[35mК.ракета       08d8d7r   3 Koord X: 6499710     Y: 3571100     Speed:958      X: -233     Y: -930     Пропала[0m
К.ракета       386d48r  23 Koord X: 6072000     Y: 4333000     Speed:540      X: 145      Y: -521     Ttl  77
[RLS3_Dnepr] В 15:33:22:501 Обнаружена цель id:a242bfr с координатами 6566112 2824787 тип:KR скорость:787
Бал.блок       6cb5fbb   3 Koord X: 10065000    Y: 3795000     Speed:9231     X: -2419    Y: -8909    Ttl 165
[35mСамолет        365baes  40 Koord X: 9843828     Y: 4950459     Speed:193      X: -28      Y: 191      Пропала[0m
[SPRO_Omsk] В 15:33:28:060 Обнаружена цель id:d996a3s координаты 5730689 4094544 тип:SAM скорость:83
[35mБал.блок       954be2b  10 Koord X: 7296256     Y: 2878880     Speed:9005     X: -7582    Y: -4860    Пропала[0m
[35mК.ракета       9344f7r  19 Koord X: 10067091    Y: 7462506     Speed:887      X: -887     Y: -42      Пропала[0m
[КП от RLS3_Dnepr] Обнаружена цель id:a242bfr координаты X:6566112 Y:2824787 тип:KR скорость:787
[КП от SPRO_Omsk] Обнаружена цель id:d996a3s координаты X:5730689 Y:4094544 тип:SAM скорость:83
Бал.блок       1e3bb8b  40 Koord X: 7716000     Y: 4448000     Speed:9612     X: -3887    Y: 8792     Ttl 288
[RLS3_Dnepr] В 15:33:36:450 Обнаружена цель id:adc21cs с координатами 6096540 1099394 тип:SAM скорость:223
Самолет        c67808s  10 Koord X: 10548000    Y: 4806000     Speed:178      X: -100     Y: 148      Ttl 200
[КП от RLS3_Dnepr] Обнаружена цель id:adc21cs координаты X:6096540 Y:1099394 тип:SAM скорость:223
[35mБал.блок       aed51cb  18 Koord X: 3236484     Y: 2232792     Speed:8969     X: 997      Y: -8914    Пропала[0m
Бал.блок       e177c4b  19 Koord X: 2277000     Y: 1998000     Speed:9686     X: 7207     Y: 6472     Ttl 112
[35mК.ракета       e280dbr  39 Koord X: 9092740     Y: 4326528     Speed:467      X: -105     Y: -456     Пропала[0m
[35mК.ракета       a242bfr   6 Koord X: 6563368     Y: 2829568     Speed:787      X: -392     Y: 683      Пропала[0m
Бал.блок       f3615bb  18 Koord X: 2521000     Y: 2602000     Speed:9428     X: 5841     Y: 7401     Ttl  64
[SPRO_Omsk] В 15:33:44:112 Обнаружена цель id:2868edr координаты 6890752 3646489 тип:KR скорость:919
[КП от SPRO_Omsk] Обнаружена цель id:2868edr координаты X:6890752 Y:3646489 тип:KR скорость:919
Бал.блок       bf0aacb  39 Koord X: 5905000     Y: 1594000     Speed:8391     X: -4755    Y: 6914     Ttl  82
Бал.блок       324b11b   6 Koord X: 9630000     Y: 3993000     Speed:9539     X: -2950    Y: -9072    Ttl  55
[35mК.ракета       2868edr  31 Koord X: 6890720     Y: 3650165     Speed:919      X: -8       Y: 919      Пропала[0m
Бал.блок       da540eb  31 Koord X: 4052000     Y: 2245000     Speed:8784     X: 7660     Y: 4301     Ttl  49
[RLS1_Voronezh] В 15:34:12:516 Обнаружена цель id:6b08e2s с координатами 2222476 2087955 тип:SAM скорость:118
[КП от RLS1_Voronezh] Обнаружена цель id:6b08e2s координаты X:2222476 Y:2087955 тип:SAM скорость:118
[RLS2_Daryal] В 15:34:24:731 Обнаружена цель id:9344f7r с координатами 10067091 7462506 тип:KR скорость:887
[RLS1_Voronezh] В 15:34:27:279 Обнаружена цель id:aed51cb с координатами 3236484 2232792 тип:BB_BR скорость:8969
[35mК.ракета       f18c62r   7 Koord X: 6325142     Y: 7800958     Speed:828      X: -463     Y: -687     Пропала[0m
[RLS3_Dnepr] В 15:34:29:928 Обнаружена цель id:8a3621r с координатами 8168724 2094678 тип:KR скорость:493
[КП от RLS1_Voronezh] Обнаружена цель id:aed51cb координаты X:3236484 Y:2232792 тип:BB_BR скорость:8969
[КП от RLS2_Daryal] Обнаружена цель id:9344f7r координаты X:10067091 Y:7462506 тип:KR скорость:887
[КП от RLS3_Dnepr] Обнаружена цель id:8a3621r координаты X:8168724 Y:2094678 тип:KR скорость:493
К.ракета       8ce50fr   7 Koord X: 4668000     Y: 3838000     Speed:437      X: 343      Y: 272      Ttl  49
[SPRO_Omsk] В 15:34:36:506 Обнаружена цель id:f86f99s координаты 6237293 3769211 тип:SAM скорость:168
[КП от SPRO_Omsk] Обнаружена цель id:f86f99s координаты X:6237293 Y:3769211 тип:SAM скорость:168
[SPRO_Omsk] В 15:34:54:890 Обнаружена цель id:386d48r координаты 6073740 4326748 тип:KR скорость:540
[35mСамолет        9f91f5s  30 Koord X: 7646794     Y: 5266346     Speed:128      X: 78       Y: 102      Пропала[0m
[КП от SPRO_Omsk] Обнаружена цель id:386d48r координаты X:6073740 Y:4326748 тип:KR скорость:540
К.ракета       511e6cr  30 Koord X: 2324000     Y: 2118000     Speed:580      X: 467      Y: 345      Ttl 156
[RLS1_Voronezh] В 15:35:21:708 Обнаружена цель id:0aa150b с координатами 1956905 3655830 тип:BB_BR скорость:9148
[RLS1_Voronezh] Цель id:0aa150b движется в направлении СПРО
[35mК.ракета       f132e7r  29 Koord X: 8040725     Y: 6058200     Speed:445      X: -333     Y: -296     Пропала[0m
[КП от RLS1_Voronezh] Обнаружена цель id:0aa150b координаты X:1956905 Y:3655830 тип:BB_BR скорость:9148
[КП от RLS1_Voronezh] !!! цель движется в направлении СПРО id:0aa150b !!!
Бал.блок       4688dcb  29 Koord X: 6122000     Y: 4548000     Speed:9744     X: -3752    Y: 8993     Ttl  70
[35mК.ракета       67c1a9r  32 Koord X: 11402732    Y: 2518956     Speed:938      X: -14      Y: 938      Пропала[0m
[RLS3_Dnepr] В 15:35:58:203 Обнаружена цель id:9eb2bbs с координатами 7026256 1972814 тип:SAM скорость:242
Самолет        672e30s  32 Koord X: 11087000    Y: 7019000     Speed:215      X: -168     Y: -135     Ttl  61
[КП от RLS3_Dnepr] Обнаружена цель id:9eb2bbs координаты X:7026256 Y:1972814 тип:SAM скорость:242
[RLS3_Dnepr] В 15:36:18:661 Обнаружена цель id:2b659es с координатами 6637041 2553390 тип:SAM скорость:199
[КП от RLS3_Dnepr] Обнаружена цель id:2b659es координаты X:6637041 Y:2553390 тип:SAM скорость:199
[35mСамолет        2b659es  28 Koord X: 6637407     Y: 2554530     Speed:199      X: 61       Y: 190      Пропала[0m
[RLS3_Dnepr] В 15:36:33:126 Обнаружена цель id:aac92bs с координатами 7054630 2091507 тип:SAM скорость:218
[35mБал.блок       171afbb  13 Koord X: 6772272     Y: 5820048     Speed:8107     X: 7296     Y: -3536    Пропала[0m
[КП от RLS3_Dnepr] Обнаружена цель id:aac92bs координаты X:7054630 Y:2091507 тип:SAM скорость:218
[35mСамолет        f86f99s  16 Koord X: 6240536     Y: 3767072     Speed:168      X: 141      Y: -93      Пропала[0m
Бал.блок       d864e4b  28 Koord X: 5093000     Y: 4404000     Speed:9003     X: 139      Y: -9002    Ttl 202
К.ракета       569205r  13 Koord X: 2142000     Y: 1294000     Speed:283      X: 93       Y: 268      Ttl 207
Бал.блок       f6c0a0b  16 Koord X: 3770000     Y: 4998000     Speed:9742     X: 7628     Y: -6061    Ttl 287
[RLS3_Dnepr] В 15:36:50:773 Обнаружена цель id:bf0aacb с координатами 5771860 1787592 тип:BB_BR скорость:8391
[RLS3_Dnepr] Цель id:bf0aacb движется в направлении СПРО
[SPRO_Omsk] В 15:36:57:243 Обнаружена цель id:8ce50fr координаты 4675203 3843712 тип:KR скорость:437
[RLS2_Daryal] В 15:37:01:333 Обнаружена цель id:672e30s с координатами 11085824 7018055 тип:SAM скорость:215
[КП от RLS2_Daryal] Обнаружена цель id:672e30s координаты X:11085824 Y:7018055 тип:SAM скорость:215
[КП от RLS3_Dnepr] Обнаружена цель id:bf0aacb координаты X:5771860 Y:1787592 тип:BB_BR скорость:8391
[КП от RLS3_Dnepr] !!! цель движется в направлении СПРО id:bf0aacb !!!
[35mК.ракета       8d63d0r  22 Koord X: 5573205     Y: 7741747     Speed:918      X: -505     Y: -767     Пропала[0m
[КП от SPRO_Omsk] Обнаружена цель id:8ce50fr координаты X:4675203 Y:3843712 тип:KR скорость:437
Самолет        3030ees  22 Koord X: 4367000     Y: 5111000     Speed:204      X: 67       Y: 193      Ttl 139
[RLS1_Voronezh] В 15:37:22:354 Обнаружена цель id:511e6cr с координатами 2333340 2124900 тип:KR скорость:580
[КП от RLS1_Voronezh] Обнаружена цель id:511e6cr координаты X:2333340 Y:2124900 тип:KR скорость:580
[35mСамолет        9eb2bbs  38 Koord X: 7024896     Y: 1977474     Speed:242      X: -68      Y: 233      Пропала[0m
[RLS1_Voronezh] В 15:37:38:633 Обнаружена цель id:6b08e2s с координатами 2223484 2092095 тип:SAM скорость:118
[КП от RLS1_Voronezh] Обнаружена цель id:6b08e2s координаты X:2223484 Y:2092095 тип:SAM скорость:118
К.ракета       458cddr  38 Koord X: 7707000     Y: 4734000     Speed:973      X: 254      Y: 940      Ttl  88
[35mК.ракета       af561ar  47 Koord X: 10706784    Y: 1768072     Speed:685      X: -662     Y: 179      Пропала[0m
[RLS3_Dnepr] В 15:37:41:623 Обнаружена цель id:f41a6er с координатами 8173216 2424254 тип:KR скорость:607
[КП от RLS3_Dnepr] Обнаружена цель id:f41a6er координаты X:8173216 Y:2424254 тип:KR скорость:607
К.ракета       0b212cr  47 Koord X: 3520000     Y: 3621000     Speed:424      X: 172      Y: 388      Ttl 199
[SPRO_Omsk] В 15:37:49:366 Обнаружена цель id:4688dcb координаты 6050712 4718867 тип:BB_BR скорость:9744
[SPRO_Omsk] Стрельба по цели id:4688dcb тип:BB_BR. Осталось противоракет: 0
[SPRO_Omsk] Боекомплект исчерпан! Переход в режим обнаружения
[КП от SPRO_Omsk] Обнаружена цель id:4688dcb координаты X:6050712 Y:4718867 тип:BB_BR скорость:9744
[КП от SPRO_Omsk] Стрельба по цели id:4688dcb тип:BB_BR AMMO:0
[32mБал.блок       4688dcb  29 Koord X: 6039456     Y: 4745846     Speed:9744     X: -3752    Y: 8993     		Уничтожена SPRO_Omsk[0m
[КП] !!! SPRO_Omsk: боекомплект исчерпан! !!!
[35mК.ракета       c2b8bar  14 Koord X: 5334122     Y: 6309886     Speed:749      X: 583      Y: -471     Пропала[0m
К.ракета       d1bc08r  29 Koord X: 3661000     Y: 7260000     Speed:784      X: 662      Y: -421     Ttl 160
[RLS1_Voronezh] В 15:37:59:897 Обнаружена цель id:e177c4b с координатами 2572487 2263352 тип:BB_BR скорость:9686
[RLS1_Voronezh] Цель id:e177c4b движется в направлении СПРО
К.ракета       1b6c64r  14 Koord X: 10670000    Y: 3371000     Speed:298      X: -27      Y: 297      Ttl 102
[КП от RLS1_Voronezh] Обнаружена цель id:e177c4b координаты X:2572487 Y:2263352 тип:BB_BR скорость:9686
[КП от RLS1_Voronezh] !!! цель движется в направлении СПРО id:e177c4b !!!
[RLS3_Dnepr] В 15:38:04:049 Обнаружена цель id:adc21cs с координатами 6106220 1101242 тип:SAM скорость:223
[КП от RLS3_Dnepr] Обнаружена цель id:adc21cs координаты X:6106220 Y:1101242 тип:SAM скорость:223
[35mСамолет        ebf921s  26 Koord X: 11346032    Y: 3277784     Speed:69       X: -28      Y: 64       Пропала[0m
[SPRO_Omsk] В 15:38:14:621 Обнаружена цель id:386d48r координаты 6078525 4309555 тип:KR скорость:540
[КП от SPRO_Omsk] Обнаружена цель id:386d48r координаты X:6078525 Y:4309555 тип:KR скорость:540
К.ракета       3c2fbdr  26 Koord X: 10957000    Y: 3769000     Speed:846      X: -589     Y: 608      Ttl  84
[RLS3_Dnepr] В 15:38:22:212 Обнаружена цель id:8a3621r с координатами 8168490 2113905 тип:KR скорость:493
[SPRO_Omsk] В 15:38:29:765 Обнаружена цель id:d864e4b координаты 5095224 4259968 тип:BB_BR скорость:9003
[35mСамолет        68a3a8s  33 Koord X: 3130161     Y: 2983225     Speed:225      X: 143      Y: 175      Пропала[0m
[КП от RLS3_Dnepr] Обнаружена цель id:8a3621r координаты X:8168490 Y:2113905 тип:KR скорость:493
[SPRO_Omsk] Цель id:4688dcb УНИЧТОЖЕНА
[RLS2_Daryal] В 15:38:32:333 Обнаружена цель id:672e30s с координатами 11083304 7016030 тип:SAM скорость:215
[КП от SPRO_Omsk] Обнаружена цель id:d864e4b координаты X:5095224 Y:4259968 тип:BB_BR скорость:9003
[КП от RLS2_Daryal] Обнаружена цель id:672e30s координаты X:11083304 Y:7016030 тип:SAM скорость:215
[КП от SPRO_Omsk] >>> Цель id:4688dcb УНИЧТОЖЕНА (BB_BR) <<<
К.ракета       1418c4r  33 Koord X: 6182000     Y: 2209000     Speed:988      X: 791      Y: 593      Ttl 109
[35mБал.блок       da540eb  31 Koord X: 4427340     Y: 2455749     Speed:8784     X: 7660     Y: 4301     Пропала[0m
[35mСамолет        aac92bs  21 Koord X: 7052290     Y: 2096681     Speed:218      X: -90      Y: 199      Пропала[0m
К.ракета       b93e65r  31 Koord X: 10020000    Y: 4424000     Speed:875      X: -177     Y: -857     Ttl 117
Бал.блок       14665cb  21 Koord X: 10293000    Y: 3075000     Speed:9960     X: -8967    Y: 4337     Ttl  41
[35mБал.блок       324b11b   6 Koord X: 9467750     Y: 3494040     Speed:9539     X: -2950    Y: -9072    Пропала[0m
К.ракета       519a34r   6 Koord X: 3860000     Y: 7352000     Speed:922      X: 266      Y: -883     Ttl  58
[SPRO_Omsk] В 15:39:24:319 Обнаружена цель id:d996a3s координаты 5728109 4098864 тип:SAM скорость:83
[35mК.ракета       8ce50fr   7 Koord X: 4684807     Y: 3851328     Speed:437      X: 343      Y: 272      Пропала[0m
[КП от SPRO_Omsk] Обнаружена цель id:d996a3s координаты X:5728109 Y:4098864 тип:SAM скорость:83
К.ракета       2b5d34r   7 Koord X: 7205000     Y: 5863000     Speed:339      X: 171      Y: -293     Ttl  56
[35mБал.блок       c2d9ffb  49 Koord X: 8173980     Y: 4815740     Speed:8517     X: 4788     Y: 7044     Пропала[0m
Бал.блок       0cad2eb  49 Koord X: 8380000     Y: 3877000     Speed:8937     X: -3819    Y: -8081    Ttl 194
[RLS1_Voronezh] В 15:39:44:313 Обнаружена цель id:511e6cr с координатами 2344081 2132835 тип:KR скорость:580
[КП от RLS1_Voronezh] Обнаружена цель id:511e6cr координаты X:2344081 Y:2132835 тип:KR скорость:580
[RLS3_Dnepr] В 15:39:48:202 Обнаружена цель id:f41a6er с координатами 8162256 2429514 тип:KR скорость:607
[КП от RLS3_Dnepr] Обнаружена цель id:f41a6er координаты X:8162256 Y:2429514 тип:KR скорость:607
[35mБал.блок       f3615bb  18 Koord X: 2894824     Y: 3075664     Speed:9428     X: 5841     Y: 7401     Пропала[0m
[RLS2_Daryal] В 15:40:03:053 Обнаружена цель id:672e30s с координатами 11080784 7014005 тип:SAM скорость:215
[КП от RLS2_Daryal] Обнаружена цель id:672e30s координаты X:11080784 Y:7014005 тип:SAM скорость:215
[35mК.ракета       f7cefdr  41 Koord X: 6973175     Y: 4012380     Speed:401      X: -355     Y: -188     Пропала[0m
[RLS1_Voronezh] В 15:40:05:188 Обнаружена цель id:6b08e2s с координатами 2224128 2094740 тип:SAM скорость:118
[КП от RLS1_Voronezh] Обнаружена цель id:6b08e2s координаты X:2224128 Y:2094740 тип:SAM скорость:118
Самолет        85ad58s  18 Koord X: 3948000     Y: 4353000     Speed:162      X: 116      Y: -114     Ttl  88
Самолет        efae75s  41 Koord X: 6988000     Y: 1776000     Speed:101      X: 75       Y: 69       Ttl  73
[SPRO_Omsk] В 15:40:18:854 Обнаружена цель id:4c297eb координаты 5683557 3740631 тип:BB_BR скорость:8872
[КП от SPRO_Omsk] Обнаружена цель id:4c297eb координаты X:5683557 Y:3740631 тип:BB_BR скорость:8872
[SPRO_Omsk] В 15:40:34:212 Обнаружена цель id:f7cefdr координаты 6973175 4012380 тип:KR скорость:401
[КП от SPRO_Omsk] Обнаружена цель id:f7cefdr координаты X:6973175 Y:4012380 тип:KR скорость:401
[RLS3_Dnepr] В 15:40:39:180 Обнаружена цель id:8e9eb0b с координатами 8133040 2784424 тип:BB_BR скорость:8099
[RLS3_Dnepr] Цель id:8e9eb0b движется в направлении СПРО
[КП от RLS3_Dnepr] Обнаружена цель id:8e9eb0b координаты X:8133040 Y:2784424 тип:BB_BR скорость:8099
[КП от RLS3_Dnepr] !!! цель движется в направлении СПРО id:8e9eb0b !!!
[SPRO_Omsk] В 15:40:53:356 Обнаружена цель id:d0fbb0s координаты 5924571 4913346 тип:SAM скорость:179
[35mК.ракета       386d48r  23 Koord X: 6083165     Y: 4292883     Speed:540      X: 145      Y: -521     Пропала[0m
[RLS3_Dnepr] В 15:40:59:170 Обнаружена цель id:bf0aacb с координатами 5576905 2071066 тип:BB_BR скорость:8391
[RLS3_Dnepr] Цель id:bf0aacb движется в направлении СПРО
Самолет        f0c3d6s  23 Koord X: 2126000     Y: 7062000     Speed:184      X: 41       Y: -180     Ttl 105
[КП от RLS3_Dnepr] Обнаружена цель id:bf0aacb координаты X:5576905 Y:2071066 тип:BB_BR скорость:8391
[КП от RLS3_Dnepr] !!! цель движется в направлении СПРО id:bf0aacb !!!
[КП от SPRO_Omsk] Обнаружена цель id:d0fbb0s координаты X:5924571 Y:4913346 тип:SAM скорость:179
[35mБал.блок       5826cbb  12 Koord X: 4454420     Y: 4929340     Speed:9705     X: 7455     Y: -6215    Пропала[0m
Бал.блок       7e7a5ab  12 Koord X: 9059000     Y: 3661000     Speed:8459     X: -2403    Y: -8111    Ttl 217
[SPRO_Omsk] В 15:41:14:108 Обнаружена цель id:fb4805r координаты 6365422 3643076 тип:KR скорость:491
[КП от SPRO_Omsk] Обнаружена цель id:fb4805r координаты X:6365422 Y:3643076 тип:KR скорость:491
[35mСамолет        f748a2s  48 Koord X: 5266152     Y: 2861680     Speed:117      X: -81      Y: 85       Пропала[0m
Самолет        563e42s  48 Koord X: 11488000    Y: 2433000     Speed:84       X: -28      Y: 80       Ttl  57
[SPRO_Omsk] В 15:41:27:961 Обнаружена цель id:f748a2s координаты 5266233 2861595 тип:SAM скорость:117
[КП] !!! SPRO_Omsk НЕ ОТВЕЧАЕТ! Связь потеряна !!!
[КП от SPRO_Omsk] Обнаружена цель id:f748a2s координаты X:5266233 Y:2861595 тип:SAM скорость:117
[SPRO_Omsk] В 15:41:45:376 Обнаружена цель id:113b08b координаты 5500856 2718608 тип:BB_BR скорость:8370
[КП от SPRO_Omsk] Обнаружена цель id:113b08b координаты X:5500856 Y:2718608 тип:BB_BR скорость:8370
[SPRO_Omsk] Автопополнение боекомплекта: 10
[КП] SPRO_Omsk: боекомплект пополнен AMMO:10
[RLS3_Dnepr] В 15:41:47:855 Обнаружена цель id:f41a6er с координатами 8150748 2435037 тип:KR скорость:607
[КП от RLS3_Dnepr] Обнаружена цель id:f41a6er координаты X:8150748 Y:2435037 тип:KR скорость:607
[35mБал.блок       bf0aacb  39 Koord X: 5515090     Y: 2160948     Speed:8391     X: -4755    Y: 6914     Пропала[0m
Самолет        8a8a16s  39 Koord X: 3114000     Y: 3651000     Speed:69       X: 48       Y: -50      Ttl 198
[35mСамолет        d0fbb0s  44 Koord X: 5922486     Y: 4911636     Speed:179      X: -139     Y: -114     Пропала[0m
[35mСамолет        672e30s  32 Koord X: 11076752    Y: 7010765     Speed:215      X: -168     Y: -135     Пропала[0m
[КП] SPRO_Omsk работоспособность восстановлена
Бал.блок       7774c0b  44 Koord X: 7134000     Y: 3191000     Speed:8282     X: -5809    Y: 5904     Ttl 272
К.ракета       3b7da0r  32 Koord X: 6417000     Y: 7614000     Speed:402      X: 10       Y: -402     Ttl 134
[RLS2_Daryal] В 15:42:08:817 Обнаружена цель id:672e30s с координатами 11077256 7011170 тип:SAM скорость:215
[RLS1_Voronezh] В 15:42:08:865 Обнаружена цель id:511e6cr с координатами 2355289 2141115 тип:KR скорость:580
[КП от RLS1_Voronezh] Обнаружена цель id:511e6cr координаты X:2355289 Y:2141115 тип:KR скорость:580
[КП от RLS2_Daryal] Обнаружена цель id:672e30s координаты X:11077256 Y:7011170 тип:SAM скорость:215
[RLS1_Voronezh] В 15:42:23:486 Обнаружена цель id:6b08e2s с координатами 2224828 2097615 тип:SAM скорость:118
[КП от RLS1_Voronezh] Обнаружена цель id:6b08e2s координаты X:2224828 Y:2097615 тип:SAM скорость:118
[RLS3_Dnepr] В 15:42:37:161 Обнаружена цель id:adc21cs с координатами 6116560 1103216 тип:SAM скорость:223
[КП от RLS3_Dnepr] Обнаружена цель id:adc21cs координаты X:6116560 Y:1103216 тип:SAM скорость:223
[RLS1_Voronezh] В 15:42:40:205 Обнаружена цель id:e177c4b с координатами 2911216 2567536 тип:BB_BR скорость:9686
[RLS1_Voronezh] Цель id:e177c4b движется в направлении СПРО
[КП от RLS1_Voronezh] Обнаружена цель id:e177c4b координаты X:2911216 Y:2567536 тип:BB_BR скорость:9686
[КП от RLS1_Voronezh] !!! цель движется в направлении СПРО id:e177c4b !!!
[35mК.ракета       0b59c9r  34 Koord X: 5406519     Y: 6924570     Speed:869      X: 863      Y: -110     Пропала[0m
К.ракета       b4dc5dr  34 Koord X: 5291000     Y: 2142000     Speed:736      X: 679      Y: 286      Ttl 150
[RLS3_Dnepr] В 15:42:56:943 Обнаружена цель id:8a3621r с координатами 8168214 2136583 тип:KR скорость:493
[35mБал.блок       14665cb  21 Koord X: 9925353     Y: 3252817     Speed:9960     X: -8967    Y: 4337     Пропала[0m
[КП от RLS3_Dnepr] Обнаружена цель id:8a3621r координаты X:8168214 Y:2136583 тип:KR скорость:493
Бал.блок       2e11c3b  21 Koord X: 10886000    Y: 1073000     Speed:8907     X: -2121    Y: 8651     Ttl  64
[SPRO_Omsk] В 15:43:13:182 Обнаружена цель id:d996a3s координаты 5726432 4101672 тип:SAM скорость:83
[КП от SPRO_Omsk] Обнаружена цель id:d996a3s координаты X:5726432 Y:4101672 тип:SAM скорость:83
[SPRO_Omsk] В 15:43:28:064 Обнаружена цель id:d864e4b координаты 5102313 3800866 тип:BB_BR скорость:9003
[SPRO_Omsk] Стрельба по цели id:d864e4b тип:BB_BR. Осталось противоракет: 9
[RLS1_Voronezh] В 15:43:31:462 Обнаружена цель id:569205r с координатами 2148231 1311956 тип:KR скорость:283
[32mБал.блок       d864e4b  28 Koord X: 5102730     Y: 3773860     Speed:9003     X: 139      Y: -9002    		Уничтожена SPRO_Omsk[0m
[КП от RLS1_Voronezh] Обнаружена цель id:569205r координаты X:2148231 Y:1311956 тип:KR скорость:283
[КП от SPRO_Omsk] Обнаружена цель id:d864e4b координаты X:5102313 Y:3800866 тип:BB_BR скорость:9003
[КП от SPRO_Omsk] Стрельба по цели id:d864e4b тип:BB_BR AMMO:9
Самолет        af436fs  28 Koord X: 3511000     Y: 1684000     Speed:60       X: 21       Y: 57       Ttl 169
[RLS3_Dnepr] В 15:43:49:258 Обнаружена цель id:f41a6er с координатами 8139788 2440297 тип:KR скорость:607
[КП от RLS3_Dnepr] Обнаружена цель id:f41a6er координаты X:8139788 Y:2440297 тип:KR скорость:607
[SPRO_Omsk] Цель id:d864e4b УНИЧТОЖЕНА
[КП от SPRO_Omsk] >>> Цель id:d864e4b УНИЧТОЖЕНА (BB_BR) <<<
[SPRO_Omsk] В 15:44:26:102 Обнаружена цель id:4c297eb координаты 5535423 3398709 тип:BB_BR скорость:8872
[SPRO_Omsk] Стрельба по цели id:4c297eb тип:BB_BR. Осталось противоракет: 8
[32mБал.блок       4c297eb  46 Koord X: 5524842     Y: 3374286     Speed:8872     X: -3527    Y: -8141    		Уничтожена SPRO_Omsk[0m
[КП от SPRO_Omsk] Обнаружена цель id:4c297eb координаты X:5535423 Y:3398709 тип:BB_BR скорость:8872
[КП от SPRO_Omsk] Стрельба по цели id:4c297eb тип:BB_BR AMMO:8
Бал.блок       6e86e9b  46 Koord X: 5330000     Y: 6857000     Speed:8586     X: 1917     Y: -8370    Ttl 284
[35mБал.блок       e177c4b  19 Koord X: 3084184     Y: 2722864     Speed:9686     X: 7207     Y: 6472     Пропала[0m
[35mСамолет        d996a3s  37 Koord X: 5725658     Y: 4102968     Speed:83       X: -43      Y: 72       Пропала[0m
Самолет        1a6c70s  19 Koord X: 8322000     Y: 3738000     Speed:55       X: -39      Y: 40       Ttl 140
К.ракета       9fd7fer  37 Koord X: 3729000     Y: 4137000     Speed:413      X: 57       Y: 410      Ttl 140
[35mБал.блок       11b39db   9 Koord X: 9481525     Y: 3553700     Speed:8126     X: -197     Y: 8124     Пропала[0m
[35mК.ракета       63ffd6r   4 Koord X: 8592858     Y: 6285733     Speed:521      X: -426     Y: -301     Пропала[0m
[35mК.ракета       519a34r   6 Koord X: 3875428     Y: 7300786     Speed:922      X: 266      Y: -883     Пропала[0m
[35mК.ракета       2b5d34r   7 Koord X: 7214576     Y: 5846592     Speed:339      X: 171      Y: -293     Пропала[0m
Самолет        5d6d1bs   9 Koord X: 2852000     Y: 5380000     Speed:171      X: 51       Y: -164     Ttl  64
К.ракета       abd9ffr   4 Koord X: 1516000     Y: 7731000     Speed:882      X: 248      Y: -847     Ttl 191
[SPRO_Omsk] Цель id:4c297eb УНИЧТОЖЕНА
К.ракета       2b1544r   6 Koord X: 8331000     Y: 4735000     Speed:544      X: -98      Y: -536     Ttl  21
Самолет        1f8d90s   7 Koord X: 2228000     Y: 6783000     Speed:144      X: 112      Y: -92      Ttl  95
[КП от SPRO_Omsk] >>> Цель id:4c297eb УНИЧТОЖЕНА (BB_BR) <<<
[35mБал.блок       3b2df8b  50 Koord X: 7399364     Y: 3703998     Speed:9284     X: 4124     Y: 8318     Пропала[0m
[RLS3_Dnepr] В 15:45:20:217 Обнаружена цель id:adc21cs с координатами 6122500 1104350 тип:SAM скорость:223
[КП от RLS3_Dnepr] Обнаружена цель id:adc21cs координаты X:6122500 Y:1104350 тип:SAM скорость:223
Самолет        908c5bs  50 Koord X: 6612000     Y: 5799000     Speed:221      X: -95      Y: -200     Ttl 156
[RLS3_Dnepr] В 15:45:35:372 Обнаружена цель id:8a3621r с координатами 8168052 2149894 тип:KR скорость:493
[КП от RLS3_Dnepr] Обнаружена цель id:8a3621r координаты X:8168052 Y:2149894 тип:KR скорость:493
[RLS1_Voronezh] В 15:45:38:693 Обнаружена цель id:569205r с координатами 2150091 1317316 тип:KR скорость:283
[КП от RLS1_Voronezh] Обнаружена цель id:569205r координаты X:2150091 Y:1317316 тип:KR скорость:283
[35mК.ракета       f41a6er   2 Koord X: 8126088     Y: 2446872     Speed:607      X: -548     Y: 263      Пропала[0m
Бал.блок       18a793b   2 Koord X: 9801000     Y: 4607000     Speed:8790     X: -747     Y: -8759    Ttl 207
[35mСамолет        5d8f30s  17 Koord X: 9618994     Y: 5016060     Speed:121      X: -106     Y: 60       Пропала[0m
Самолет        68994es  17 Koord X: 5959000     Y: 2176000     Speed:223      X: -29      Y: 222      Ttl 204
[35mК.ракета       fb4805r  45 Koord X: 6354946     Y: 3618668     Speed:491      X: -194     Y: -452     Пропала[0m
[35mК.ракета       32bfe9r   5 Koord X: 10653395    Y: 4224534     Speed:539      X: -515     Y: 162      Пропала[0m
Самолет        4f2413s  45 Koord X: 9169000     Y: 3779000     Speed:141      X: -31      Y: -138     Ttl  23
К.ракета       d0c2dfr   5 Koord X: 5938000     Y: 4988000     Speed:740      X: -713     Y: -201     Ttl  93
[RLS3_Dnepr] В 15:46:26:215 Обнаружена цель id:8e9eb0b с координатами 7797330 2444348 тип:BB_BR скорость:8099
[35mК.ракета       458cddr  38 Koord X: 7729352     Y: 4816720     Speed:973      X: 254      Y: 940      Пропала[0m
[RLS3_Dnepr] Цель id:8e9eb0b движется в направлении СПРО
[RLS2_Daryal] В 15:46:28:570 Обнаружена цель id:10cb3cb с координатами 9074956 7123696 тип:BB_BR скорость:9339
[SPRO_Omsk] В 15:46:29:690 Обнаружена цель id:f6c0a0b координаты 4502288 4416144 тип:BB_BR скорость:9742
[32mБал.блок       f6c0a0b  16 Koord X: 4517544     Y: 4404022     Speed:9742     X: 7628     Y: -6061    		Уничтожена SPRO_Omsk[0m
[SPRO_Omsk] Стрельба по цели id:f6c0a0b тип:BB_BR. Осталось противоракет: 7
[RLS1_Voronezh] В 15:46:29:983 Обнаружена цель id:511e6cr с координатами 2376304 2156640 тип:KR скорость:580
Самолет        763abbs  38 Koord X: 10229000    Y: 5649000     Speed:208      X: -12      Y: -208     Ttl 141
[КП от RLS1_Voronezh] Обнаружена цель id:511e6cr координаты X:2376304 Y:2156640 тип:KR скорость:580
[КП от RLS2_Daryal] Обнаружена цель id:10cb3cb координаты X:9074956 Y:7123696 тип:BB_BR скорость:9339
[КП от RLS3_Dnepr] Обнаружена цель id:8e9eb0b координаты X:7797330 Y:2444348 тип:BB_BR скорость:8099
[КП от RLS3_Dnepr] !!! цель движется в направлении СПРО id:8e9eb0b !!!
[КП от SPRO_Omsk] Обнаружена цель id:f6c0a0b координаты X:4502288 Y:4416144 тип:BB_BR скорость:9742
[КП от SPRO_Omsk] Стрельба по цели id:f6c0a0b тип:BB_BR AMMO:7
Бал.блок       2f7fd3b  16 Koord X: 3020000     Y: 3063000     Speed:8436     X: 7194     Y: 4407     Ttl  86
[35mК.ракета       3c2fbdr  26 Koord X: 10907524    Y: 3820072     Speed:846      X: -589     Y: 608      Пропала[0m
К.ракета       158823r  26 Koord X: 5444000     Y: 7185000     Speed:834      X: -713     Y: -434     Ttl  29
[RLS3_Dnepr] В 15:46:44:404 Обнаружена цель id:efae75s с координатами 6992650 1780278 тип:SAM скорость:101
[КП от RLS3_Dnepr] Обнаружена цель id:efae75s координаты X:6992650 Y:1780278 тип:SAM скорость:101
[35mСамолет        f1d5e4s  20 Koord X: 5280000     Y: 7317755     Speed:218      X: -200     Y: -89      Пропала[0m
[RLS1_Voronezh] В 15:46:49:829 Обнаружена цель id:6b08e2s с координатами 2226032 2102560 тип:SAM скорость:118
[КП от RLS1_Voronezh] Обнаружена цель id:6b08e2s координаты X:2226032 Y:2102560 тип:SAM скорость:118
[35mБал.блок       98b800b   1 Koord X: 7421188     Y: 7259678     Speed:9248     X: 3638     Y: 8503     Пропала[0m
Самолет        7d5aeas  20 Koord X: 1486000     Y: 1285000     Speed:129      X: 67       Y: 111      Ttl 101
Бал.блок       5063e8b   1 Koord X: 7655000     Y: 1972000     Speed:9777     X: -6109    Y: 7634     Ttl 264
[35mСамолет        563e42s  48 Koord X: 11486404    Y: 2437560     Speed:84       X: -28      Y: 80       Пропала[0m
Бал.блок       36d040b  48 Koord X: 10069000    Y: 3894000     Speed:8722     X: -6034    Y: -6299    Ttl  84
[RLS1_Voronezh] В 15:47:14:833 Обнаружена цель id:af436fs с координатами 3511630 1685710 тип:SAM скорость:60
[SPRO_Omsk] Цель id:f6c0a0b УНИЧТОЖЕНА
[КП от RLS1_Voronezh] Обнаружена цель id:af436fs координаты X:3511630 Y:1685710 тип:SAM скорость:60
[35mБал.блок       0aa150b  36 Koord X: 2957756     Y: 4170216     Speed:9148     X: 8137     Y: 4182     Пропала[0m
[КП от SPRO_Omsk] >>> Цель id:f6c0a0b УНИЧТОЖЕНА (BB_BR) <<<
[35mК.ракета       2b1544r   6 Koord X: 8328942     Y: 4723744     Speed:544      X: -98      Y: -536     Пропала[0m
Самолет        043a2es  36 Koord X: 8238000     Y: 2339000     Speed:181      X: -31      Y: 179      Ttl 199
К.ракета       c1690dr   6 Koord X: 11351000    Y: 6049000     Speed:288      X: -176     Y: -229     Ttl  83
[35mСамолет        efae75s  41 Koord X: 6993475     Y: 1781037     Speed:101      X: 75       Y: 69       Пропала[0m
К.ракета       4e404ar  41 Koord X: 1627000     Y: 7436000     Speed:830      X: 313      Y: -769     Ttl 103
[RLS3_Dnepr] В 15:47:36:652 Обнаружена цель id:1418c4r с координатами 6250817 2260591 тип:KR скорость:988
[КП от RLS3_Dnepr] Обнаружена цель id:1418c4r координаты X:6250817 Y:2260591 тип:KR скорость:988
[35mБал.блок       8e9eb0b  42 Koord X: 7706290     Y: 2352124     Speed:8099     X: -5690    Y: -5764    Пропала[0m
Самолет        34c48ds  42 Koord X: 6788000     Y: 5806000     Speed:61       X: -22      Y: -57      Ttl 207
[RLS3_Dnepr] В 15:47:54:384 Обнаружена цель id:b4dc5dr с координатами 5322913 2155442 тип:KR скорость:736
[35mСамолет        adc21cs  11 Koord X: 6128880     Y: 1105568     Speed:223      X: 220      Y: 42       Пропала[0m
К.ракета       1e1d93r  11 Koord X: 6403000     Y: 2484000     Speed:949      X: 466      Y: 827      Ttl 134
[RLS1_Voronezh] В 15:48:03:698 Обнаружена цель id:569205r с координатами 2152323 1323748 тип:KR скорость:283
[КП от RLS1_Voronezh] Обнаружена цель id:569205r координаты X:2152323 Y:1323748 тип:KR скорость:283
[КП от RLS3_Dnepr] Обнаружена цель id:b4dc5dr координаты X:5322913 Y:2155442 тип:KR скорость:736
[35mК.ракета       1b6c64r  14 Koord X: 10667246    Y: 3401294     Speed:298      X: -27      Y: 297      Пропала[0m
Бал.блок       556e2fb  14 Koord X: 8609000     Y: 1090000     Speed:8381     X: -6829    Y: 4860     Ttl 181
[RLS1_Voronezh] В 15:48:19:799 Обнаружена цель id:7d5aeas с координатами 1486737 1286221 тип:SAM скорость:129
[КП от RLS1_Voronezh] Обнаружена цель id:7d5aeas координаты X:1486737 Y:1286221 тип:SAM скорость:129
[35mБал.блок       f4c9cbb  35 Koord X: 7864288     Y: 4020600     Speed:9332     X: -4168    Y: -8350    Пропала[0m
Самолет        40090bs  35 Koord X: 9635000     Y: 4925000     Speed:109      X: -76      Y: 79       Ttl  65
[35mСамолет        4f2413s  45 Koord X: 9168287     Y: 3775826     Speed:141      X: -31      Y: -138     Пропала[0m
[RLS3_Dnepr] В 15:48:43:906 Обнаружена цель id:5063e8b с координатами 7569474 2078876 тип:BB_BR скорость:9777
[RLS3_Dnepr] Цель id:5063e8b движется в направлении СПРО
Бал.блок       1cf801b  45 Koord X: 4589000     Y: 4447000     Speed:9497     X: 9289     Y: -1981    Ttl 255
[КП от RLS3_Dnepr] Обнаружена цель id:5063e8b координаты X:7569474 Y:2078876 тип:BB_BR скорость:9777
[КП от RLS3_Dnepr] !!! цель движется в направлении СПРО id:5063e8b !!!
[35mСамолет        85ad58s  18 Koord X: 3958208     Y: 4342968     Speed:162      X: 116      Y: -114     Пропала[0m
Бал.блок       896cdfb  18 Koord X: 5069000     Y: 6983000     Speed:9861     X: 2099     Y: -9636    Ttl 108
[RLS3_Dnepr] В 15:49:05:439 Обнаружена цель id:adc21cs с координатами 6128880 1105568 тип:SAM скорость:223
[КП от RLS3_Dnepr] Обнаружена цель id:adc21cs координаты X:6128880 Y:1105568 тип:SAM скорость:223
[RLS1_Voronezh] В 15:49:15:200 Обнаружена цель id:511e6cr с координатами 2388913 2165955 тип:KR скорость:580
[КП от RLS1_Voronezh] Обнаружена цель id:511e6cr координаты X:2388913 Y:2165955 тип:KR скорость:580
[RLS3_Dnepr] В 15:49:20:599 Обнаружена цель id:8a3621r с координатами 8167824 2168628 тип:KR скорость:493
[КП от RLS3_Dnepr] Обнаружена цель id:8a3621r координаты X:8167824 Y:2168628 тип:KR скорость:493
[35mК.ракета       1418c4r  33 Koord X: 6268219     Y: 2273637     Speed:988      X: 791      Y: 593      Пропала[0m
[35mБал.блок       2e11c3b  21 Koord X: 10750256    Y: 1626664     Speed:8907     X: -2121    Y: 8651     Пропала[0m
[RLS1_Voronezh] В 15:49:29:885 Обнаружена цель id:6b08e2s с координатами 2226816 2105780 тип:SAM скорость:118
Самолет        a5578ds  33 Koord X: 6204000     Y: 5235000     Speed:118      X: 40       Y: 112      Ttl 128
[КП от RLS1_Voronezh] Обнаружена цель id:6b08e2s координаты X:2226816 Y:2105780 тип:SAM скорость:118
К.ракета       b05b57r  21 Koord X: 5286000     Y: 5483000     Speed:326      X: -200     Y: -258     Ttl  79
[35mК.ракета       158823r  26 Koord X: 5423323     Y: 7172414     Speed:834      X: -713     Y: -434     Пропала[0m
[RLS3_Dnepr] В 15:49:36:647 Обнаружена цель id:68994es с координатами 5958101 2182882 тип:SAM скорость:223
[КП от RLS3_Dnepr] Обнаружена цель id:68994es координаты X:5958101 Y:2182882 тип:SAM скорость:223
Бал.блок       070353b  26 Koord X: 1548000     Y: 4969000     Speed:8565     X: 5428     Y: -6626    Ttl  72
[SPRO_Omsk] В 15:49:44:243 Обнаружена цель id:7774c0b координаты 6704134 3627896 тип:BB_BR скорость:8282
[35mБал.блок       6cb5fbb   3 Koord X: 9665865     Y: 2325015     Speed:9231     X: -2419    Y: -8909    Пропала[0m
[SPRO_Omsk] Стрельба по цели id:7774c0b тип:BB_BR. Осталось противоракет: 6
[КП от SPRO_Omsk] Обнаружена цель id:7774c0b координаты X:6704134 Y:3627896 тип:BB_BR скорость:8282
[КП от SPRO_Omsk] Стрельба по цели id:7774c0b тип:BB_BR AMMO:6
[RLS1_Voronezh] В 15:49:47:666 Обнаружена цель id:af436fs с координатами 3512218 1687306 тип:SAM скорость:60
[КП от RLS1_Voronezh] Обнаружена цель id:af436fs координаты X:3512218 Y:1687306 тип:SAM скорость:60
[31mБал.блок       7774c0b  44 Koord X: 6686707     Y: 3645608     Speed:8282     X: -5809    Y: 5904     		Промах SPRO_Omsk[0m
Самолет        1297fds   3 Koord X: 1402000     Y: 1732000     Speed:246      X: 103      Y: 224      Ttl  20
[35mК.ракета       8a3621r  15 Koord X: 8167764     Y: 2173558     Speed:493      X: -6       Y: 493      Пропала[0m
[35mБал.блок       113b08b  43 Koord X: 5125538     Y: 3342659     Speed:8370     X: -4314    Y: 7173     Пропала[0m
[SPRO_Omsk] В 15:50:08:320 Обнаружена цель id:1cf801b координаты 4681890 4427190 тип:BB_BR скорость:9497
[SPRO_Omsk] Стрельба по цели id:1cf801b тип:BB_BR. Осталось противоракет: 5
[КП от SPRO_Omsk] Обнаружена цель id:1cf801b координаты X:4681890 Y:4427190 тип:BB_BR скорость:9497
[КП от SPRO_Omsk] Стрельба по цели id:1cf801b тип:BB_BR AMMO:5
Бал.блок       fe3c9bb  15 Koord X: 2156000     Y: 1517000     Speed:8661     X: 262      Y: 8658     Ttl 217
Бал.блок       4d2be5b  43 Koord X: 4068000     Y: 1020000     Speed:8525     X: 5434     Y: 6569     Ttl 120
[32mБал.блок       1cf801b  45 Koord X: 4719046     Y: 4419266     Speed:9497     X: 9289     Y: -1981    		Уничтожена SPRO_Omsk[0m
К.ракета       cddc1cr  45 Koord X: 1326000     Y: 4891000     Speed:471      X: 445      Y: -157     Ttl  61
[SPRO_Omsk] В 15:50:25:745 Обнаружена цель id:113b08b координаты 5125538 3342659 тип:BB_BR скорость:8370
[SPRO_Omsk] Стрельба по цели id:113b08b тип:BB_BR. Осталось противоракет: 4
[SPRO_Omsk] ПРОМАХ по цели id:7774c0b
[35mК.ракета       b93e65r  31 Koord X: 9999291     Y: 4323731     Speed:875      X: -177     Y: -857     Пропала[0m
[RLS3_Dnepr] В 15:50:34:593 Обнаружена цель id:b4dc5dr с координатами 5341246 2163164 тип:KR скорость:736
[КП от RLS3_Dnepr] Обнаружена цель id:b4dc5dr координаты X:5341246 Y:2163164 тип:KR скорость:736
[КП от SPRO_Omsk] Обнаружена цель id:113b08b координаты X:5125538 Y:3342659 тип:BB_BR скорость:8370
[КП от SPRO_Omsk] Стрельба по цели id:113b08b тип:BB_BR AMMO:4
[КП от SPRO_Omsk] ПРОМАХ по цели id:7774c0b (BB_BR)
[35mК.ракета       511e6cr  30 Koord X: 2396852     Y: 2171820     Speed:580      X: 467      Y: 345      Пропала[0m
Бал.блок       e47a61b  31 Koord X: 5372000     Y: 3818000     Speed:8844     X: -4272    Y: -7744    Ttl 262
[SPRO_Omsk] Цель id:113b08b УНИЧТОЖЕНА
[SPRO_Omsk] Цель id:1cf801b УНИЧТОЖЕНА
[КП от SPRO_Omsk] >>> Цель id:113b08b УНИЧТОЖЕНА (BB_BR) <<<
К.ракета       a9f5b4r  30 Koord X: 5981000     Y: 1107000     Speed:856      X: -565     Y: 644      Ttl 163
[КП от SPRO_Omsk] >>> Цель id:1cf801b УНИЧТОЖЕНА (BB_BR) <<<
[RLS3_Dnepr] В 15:50:56:511 Обнаружена цель id:043a2es с координатами 8237039 2344549 тип:SAM скорость:181
[КП от RLS3_Dnepr] Обнаружена цель id:043a2es координаты X:8237039 Y:2344549 тип:SAM скорость:181
[35mСамолет        3030ees  22 Koord X: 4376313     Y: 5137827     Speed:204      X: 67       Y: 193      Пропала[0m
Самолет        242a72s  22 Koord X: 7372000     Y: 5013000     Speed:243      X: 194      Y: 147      Ttl 114
[RLS3_Dnepr] В 15:51:17:050 Обнаружена цель id:0cad2eb с координатами 7956091 2980009 тип:BB_BR скорость:8937
[RLS3_Dnepr] Цель id:0cad2eb движется в направлении СПРО
[КП от RLS3_Dnepr] Обнаружена цель id:0cad2eb координаты X:7956091 Y:2980009 тип:BB_BR скорость:8937
[КП от RLS3_Dnepr] !!! цель движется в направлении СПРО id:0cad2eb !!!
[RLS1_Voronezh] В 15:51:23:283 Обнаружена цель id:569205r с координатами 2155392 1332592 тип:KR скорость:283
[35mК.ракета       f2495br  24 Koord X: 1919940     Y: 7032679     Speed:482      X: 60       Y: -479     Пропала[0m
[RLS2_Daryal] В 15:51:31:627 Обнаружена цель id:10cb3cb с координатами 9056306 7590296 тип:BB_BR скорость:9339
[35mСамолет        5d6d1bs   9 Koord X: 2855264     Y: 5369504     Speed:171      X: 51       Y: -164     Пропала[0m
[КП от RLS1_Voronezh] Обнаружена цель id:569205r координаты X:2155392 Y:1332592 тип:KR скорость:283
[КП от RLS2_Daryal] Обнаружена цель id:10cb3cb координаты X:9056306 Y:7590296 тип:BB_BR скорость:9339
[35mСамолет        f0c3d6s  23 Koord X: 2130305     Y: 7043100     Speed:184      X: 41       Y: -180     Пропала[0m
К.ракета       293698r  24 Koord X: 5354000     Y: 3227000     Speed:740      X: 57       Y: 738      Ttl 163
[35mСамолет        6b08e2s  27 Koord X: 2227460     Y: 2108425     Speed:118      X: 28       Y: 115      Пропала[0m
[RLS1_Voronezh] В 15:51:38:160 Обнаружена цель id:7d5aeas с координатами 1488948 1289884 тип:SAM скорость:129
[КП от RLS1_Voronezh] Обнаружена цель id:7d5aeas координаты X:1488948 Y:1289884 тип:SAM скорость:129
Бал.блок       201c30b   9 Koord X: 3000000     Y: 1313000     Speed:8953     X: 2954     Y: 8452     Ttl  43
Самолет        97cd1as  23 Koord X: 5862000     Y: 5645000     Speed:99       X: -97      Y: -24      Ttl  81
Бал.блок       a6d0f6b  27 Koord X: 6166000     Y: 4956000     Speed:8262     X: 2213     Y: 7961     Ttl 204
[SPRO_Omsk] В 15:51:53:992 Обнаружена цель id:7774c0b координаты 6587954 3745976 тип:BB_BR скорость:8282
[SPRO_Omsk] Стрельба по цели id:7774c0b тип:BB_BR. Осталось противоракет: 3
[32mБал.блок       7774c0b  44 Koord X: 6570527     Y: 3763688     Speed:8282     X: -5809    Y: 5904     		Уничтожена SPRO_Omsk[0m
[RLS1_Voronezh] В 15:51:55:665 Обнаружена цель id:fe3c9bb с координатами 2159406 1629554 тип:BB_BR скорость:8661
[RLS1_Voronezh] Цель id:fe3c9bb движется в направлении СПРО
[35mСамолет        1297fds   3 Koord X: 1404060     Y: 1736480     Speed:246      X: 103      Y: 224      Пропала[0m
Бал.блок       1fe8e7b  44 Koord X: 3700000     Y: 1691000     Speed:8057     X: 3292     Y: 7354     Ttl 255
Бал.блок       bcb17db   3 Koord X: 10199000    Y: 6802000     Speed:9551     X: -1897    Y: -9361    Ttl  24
[КП от RLS1_Voronezh] Обнаружена цель id:fe3c9bb координаты X:2159406 Y:1629554 тип:BB_BR скорость:8661
[КП от RLS1_Voronezh] !!! цель движется в направлении СПРО id:fe3c9bb !!!
[КП от SPRO_Omsk] Обнаружена цель id:7774c0b координаты X:6587954 Y:3745976 тип:BB_BR скорость:8282
[КП от SPRO_Omsk] Стрельба по цели id:7774c0b тип:BB_BR AMMO:3
[RLS3_Dnepr] В 15:52:07:394 Обнаружена цель id:1e1d93r с координатами 6420242 2514599 тип:KR скорость:949
[КП от RLS3_Dnepr] Обнаружена цель id:1e1d93r координаты X:6420242 Y:2514599 тип:KR скорость:949
[35mБал.блок       3bea0eb  25 Koord X: 9527452     Y: 5829789     Speed:8739     X: -1796    Y: 8553     Пропала[0m
Бал.блок       b746f3b  25 Koord X: 8426000     Y: 2187000     Speed:8465     X: -3137    Y: 7863     Ttl 214
[RLS3_Dnepr] В 15:52:25:883 Обнаружена цель id:556e2fb с координатами 8356327 1269820 тип:BB_BR скорость:8381
[RLS3_Dnepr] Цель id:556e2fb движется в направлении СПРО
[КП от RLS3_Dnepr] Обнаружена цель id:556e2fb координаты X:8356327 Y:1269820 тип:BB_BR скорость:8381
[КП от RLS3_Dnepr] !!! цель движется в направлении СПРО id:556e2fb !!!
[SPRO_Omsk] Цель id:7774c0b УНИЧТОЖЕНА
[35mБал.блок       10cb3cb   8 Koord X: 9051457     Y: 7711612     Speed:9339     X: -373     Y: 9332     Пропала[0m
[КП от SPRO_Omsk] >>> Цель id:7774c0b УНИЧТОЖЕНА (BB_BR) <<<
Самолет        de9912s   8 Koord X: 8145000     Y: 2386000     Speed:92       X: -4       Y: 92       Ttl  22
[RLS3_Dnepr] В 15:52:43:840 Обнаружена цель id:68994es с координатами 5957231 2189542 тип:SAM скорость:223
[КП от RLS3_Dnepr] Обнаружена цель id:68994es координаты X:5957231 Y:2189542 тип:SAM скорость:223
[RLS1_Voronezh] В 15:52:48:924 Обнаружена цель id:1297fds с координатами 1404060 1736480 тип:SAM скорость:246
[SPRO_Omsk] В 15:52:48:915 Обнаружена цель id:a6d0f6b координаты 6181491 5011727 тип:BB_BR скорость:8262
[SPRO_Omsk] Стрельба по цели id:a6d0f6b тип:BB_BR. Осталось противоракет: 2
[КП от RLS1_Voronezh] Обнаружена цель id:1297fds координаты X:1404060 Y:1736480 тип:SAM скорость:246
[32mБал.блок       a6d0f6b  27 Koord X: 6188130     Y: 5035610     Speed:8262     X: 2213     Y: 7961     		Уничтожена SPRO_Omsk[0m
[КП от SPRO_Omsk] Обнаружена цель id:a6d0f6b координаты X:6181491 Y:5011727 тип:BB_BR скорость:8262
[КП от SPRO_Omsk] Стрельба по цели id:a6d0f6b тип:BB_BR AMMO:2
К.ракета       533c8cr  27 Koord X: 9961000     Y: 6798000     Speed:374      X: -84      Y: -365     Ttl 188
[RLS1_Voronezh] В 15:53:12:059 Обнаружена цель id:4d2be5b с координатами 4198416 1177656 тип:BB_BR скорость:8525
[RLS1_Voronezh] Цель id:4d2be5b движется в направлении СПРО
[SPRO_Omsk] В 15:53:12:225 Обнаружена цель id:293698r координаты 5354627 3235118 тип:KR скорость:740
[КП от RLS1_Voronezh] Обнаружена цель id:4d2be5b координаты X:4198416 Y:1177656 тип:BB_BR скорость:8525
[КП от RLS1_Voronezh] !!! цель движется в направлении СПРО id:4d2be5b !!!
[КП от SPRO_Omsk] Обнаружена цель id:293698r координаты X:5354627 Y:3235118 тип:KR скорость:740
[SPRO_Omsk] В 15:53:29:939 Обнаружена цель id:e47a61b координаты 5269472 3632144 тип:BB_BR скорость:8844
[SPRO_Omsk] Стрельба по цели id:e47a61b тип:BB_BR. Осталось противоракет: 1
[SPRO_Omsk] Цель id:a6d0f6b УНИЧТОЖЕНА
[ZRDN2_Volgograd] В 15:53:34:348 Обнаружена цель id:2f7fd3b координаты 3487610 3349455 тип:BB_BR скорость:8436
[КП от SPRO_Omsk] Обнаружена цель id:e47a61b координаты X:5269472 Y:3632144 тип:BB_BR скорость:8844
[КП от SPRO_Omsk] Стрельба по цели id:e47a61b тип:BB_BR AMMO:1
[КП от SPRO_Omsk] >>> Цель id:a6d0f6b УНИЧТОЖЕНА (BB_BR) <<<
[31mБал.блок       e47a61b  31 Koord X: 5256656     Y: 3608912     Speed:8844     X: -4272    Y: -7744    		Промах SPRO_Omsk[0m
[КП от ZRDN2_Volgograd] Обнаружена цель id:2f7fd3b координаты X:3487610 Y:3349455 тип:BB_BR скорость:8436
[35mСамолет        c67808s  10 Koord X: 10528000    Y: 4835600     Speed:178      X: -100     Y: 148      Пропала[0m
[RLS3_Dnepr] В 15:53:41:402 Обнаружена цель id:b4dc5dr с координатами 5361616 2171744 тип:KR скорость:736
[КП от RLS3_Dnepr] Обнаружена цель id:b4dc5dr координаты X:5361616 Y:2171744 тип:KR скорость:736
К.ракета       9400a6r  10 Koord X: 8998000     Y: 6487000     Speed:797      X: -385     Y: -698     Ttl  10
[RLS3_Dnepr] В 15:54:00:365 Обнаружена цель id:a9f5b4r с координатами 5965745 1124388 тип:KR скорость:856
[КП от RLS3_Dnepr] Обнаружена цель id:a9f5b4r координаты X:5965745 Y:1124388 тип:KR скорость:856
[RLS1_Voronezh] В 15:54:04:250 Обнаружена цель id:1fe8e7b с координатами 3752672 1808664 тип:BB_BR скорость:8057
[RLS1_Voronezh] Цель id:1fe8e7b движется в направлении СПРО
[КП от RLS1_Voronezh] Обнаружена цель id:1fe8e7b координаты X:3752672 Y:1808664 тип:BB_BR скорость:8057
[КП от RLS1_Voronezh] !!! цель движется в направлении СПРО id:1fe8e7b !!!
[35mК.ракета       d1bc08r  29 Koord X: 3766920     Y: 7192640     Speed:784      X: 662      Y: -421     Пропала[0m
[SPRO_Omsk] ПРОМАХ по цели id:e47a61b
[КП от SPRO_Omsk] ПРОМАХ по цели id:e47a61b (BB_BR)
Самолет        085d27s  29 Koord X: 2814000     Y: 4990000     Speed:107      X: 19       Y: -106     Ttl 164
[RLS3_Dnepr] В 15:54:22:984 Обнаружена цель id:b746f3b с координатами 8378945 2304945 тип:BB_BR скорость:8465
[RLS3_Dnepr] Цель id:b746f3b движется в направлении СПРО
[КП от RLS3_Dnepr] Обнаружена цель id:b746f3b координаты X:8378945 Y:2304945 тип:BB_BR скорость:8465
[КП от RLS3_Dnepr] !!! цель движется в направлении СПРО id:b746f3b !!!
[35mБал.блок       bcb17db   3 Koord X: 10153472    Y: 6577336     Speed:9551     X: -1897    Y: -9361    Пропала[0m
Самолет        e8061as   3 Koord X: 7485000     Y: 7765000     Speed:54       X: -30      Y: -46      Ttl  82
[35mК.ракета       9400a6r  10 Koord X: 8994150     Y: 6480020     Speed:797      X: -385     Y: -698     Пропала[0m
[35mСамолет        1f8d90s   7 Koord X: 2238640     Y: 6774260     Speed:144      X: 112      Y: -92      Пропала[0m
Бал.блок       a1f89cb  10 Koord X: 8720000     Y: 4582000     Speed:8388     X: -8357    Y: -732     Ttl 290
Самолет        b60bf5s   7 Koord X: 6037000     Y: 2132000     Speed:71       X: 25       Y: 67       Ttl 190
[35mСамолет        de9912s   8 Koord X: 8144912     Y: 2388024     Speed:92       X: -4       Y: 92       Пропала[0m
К.ракета       03d5ebr   8 Koord X: 9794000     Y: 6272000     Speed:691      X: -138     Y: -678     Ttl 200
[RLS3_Dnepr] В 15:55:12:351 Обнаружена цель id:5063e8b с координатами 7184607 2559818 тип:BB_BR скорость:9777
[RLS3_Dnepr] Цель id:5063e8b движется в направлении СПРО
[35mСамолет        40090bs  35 Koord X: 9630060     Y: 4930135     Speed:109      X: -76      Y: 79       Пропала[0m
[КП от RLS3_Dnepr] Обнаружена цель id:5063e8b координаты X:7184607 Y:2559818 тип:BB_BR скорость:9777
[КП от RLS3_Dnepr] !!! цель движется в направлении СПРО id:5063e8b !!!
К.ракета       03183er  35 Koord X: 2210000     Y: 6907000     Speed:323      X: 111      Y: -304     Ttl 149
[35mБал.блок       2f7fd3b  16 Koord X: 3638684     Y: 3442002     Speed:8436     X: 7194     Y: 4407     Пропала[0m
[RLS1_Voronezh] В 15:55:27:768 Обнаружена цель id:569205r с координатами 2159112 1343312 тип:KR скорость:283
Самолет        7f2740s  16 Koord X: 10153000    Y: 7868000     Speed:102      X: -33      Y: -97      Ttl  43
[RLS3_Dnepr] В 15:55:29:133 Обнаружена цель id:de9912s с координатами 8144912 2388024 тип:SAM скорость:92
[КП от RLS1_Voronezh] Обнаружена цель id:569205r координаты X:2159112 Y:1343312 тип:KR скорость:283
[КП от RLS3_Dnepr] Обнаружена цель id:de9912s координаты X:8144912 Y:2388024 тип:SAM скорость:92
[35mК.ракета       3b7da0r  32 Koord X: 6418340     Y: 7560132     Speed:402      X: 10       Y: -402     Пропала[0m
[35mБал.блок       36d040b  48 Koord X: 9562144     Y: 3364884     Speed:8722     X: -6034    Y: -6299    Пропала[0m
[RLS1_Voronezh] В 15:55:43:409 Обнаружена цель id:201c30b с координатами 3109298 1625724 тип:BB_BR скорость:8953
[RLS1_Voronezh] Цель id:201c30b движется в направлении СПРО
[КП от RLS1_Voronezh] Обнаружена цель id:201c30b координаты X:3109298 Y:1625724 тип:BB_BR скорость:8953
[КП от RLS1_Voronezh] !!! цель движется в направлении СПРО id:201c30b !!!
[RLS3_Dnepr] В 15:55:45:070 Обнаружена цель id:7e7a5ab с координатами 8720177 2517349 тип:BB_BR скорость:8459
[КП от RLS3_Dnepr] Обнаружена цель id:7e7a5ab координаты X:8720177 Y:2517349 тип:BB_BR скорость:8459
Бал.блок       06b63eb  32 Koord X: 9862000     Y: 5361000     Speed:8325     X: -3422    Y: -7590    Ttl  55
К.ракета       600e3er  48 Koord X: 5333000     Y: 3697000     Speed:395      X: -232     Y: -320     Ttl  89
[35mК.ракета       d0c2dfr   5 Koord X: 5871691     Y: 4969307     Speed:740      X: -713     Y: -201     Пропала[0m
[35mК.ракета       c1690dr   6 Koord X: 11336392    Y: 6029993     Speed:288      X: -176     Y: -229     Пропала[0m
Бал.блок       2267ddb   5 Koord X: 10363000    Y: 4268000     Speed:9359     X: -3011    Y: -8862    Ttl 229
К.ракета       4370bfr   6 Koord X: 4135000     Y: 6764000     Speed:700      X: 390      Y: -582     Ttl 107
[35mБал.блок       201c30b   9 Koord X: 3127022     Y: 1676436     Speed:8953     X: 2954     Y: 8452     Пропала[0m
[RLS1_Voronezh] В 15:56:03:223 Обнаружена цель id:7d5aeas с координатами 1491762 1294546 тип:SAM скорость:129
[КП от RLS1_Voronezh] Обнаружена цель id:7d5aeas координаты X:1491762 Y:1294546 тип:SAM скорость:129
[SPRO_Omsk] В 15:56:08:126 Обнаружена цель id:d0c2dfr координаты 5872404 4969508 тип:KR скорость:740
Бал.блок       b4f1aeb   9 Koord X: 10889000    Y: 1474000     Speed:8229     X: -2819    Y: 7732     Ttl 228
[КП от SPRO_Omsk] Обнаружена цель id:d0c2dfr координаты X:5872404 Y:4969508 тип:KR скорость:740
[ZRDN2_Volgograd] В 15:56:15:011 Обнаружена цель id:2f7fd3b координаты 3638684 3442002 тип:BB_BR скорость:8436
[КП от ZRDN2_Volgograd] Обнаружена цель id:2f7fd3b координаты X:3638684 Y:3442002 тип:BB_BR скорость:8436
[RLS1_Voronezh] В 15:56:22:486 Обнаружена цель id:fe3c9bb с координатами 2170672 2001848 тип:BB_BR скорость:8661
[RLS1_Voronezh] Цель id:fe3c9bb движется в направлении СПРО
[КП от RLS1_Voronezh] Обнаружена цель id:fe3c9bb координаты X:2170672 Y:2001848 тип:BB_BR скорость:8661
[КП от RLS1_Voronezh] !!! цель движется в направлении СПРО id:fe3c9bb !!!
[RLS2_Daryal] В 15:56:33:503 Обнаружена цель id:7f2740s с координатами 10152736 7867224 тип:SAM скорость:102
[35mК.ракета       cddc1cr  45 Koord X: 1353145     Y: 4881423     Speed:471      X: 445      Y: -157     Пропала[0m
[КП от RLS2_Daryal] Обнаружена цель id:7f2740s координаты X:10152736 Y:7867224 тип:SAM скорость:102
[RLS3_Dnepr] В 15:56:37:512 Обнаружена цель id:b60bf5s с координатами 6037350 2132938 тип:SAM скорость:71
[КП от RLS3_Dnepr] Обнаружена цель id:b60bf5s координаты X:6037350 Y:2132938 тип:SAM скорость:71
Самолет        fe8e84s  45 Koord X: 7277000     Y: 5800000     Speed:190      X: 130      Y: -139     Ttl 153
[ZRDN3_Mahachkala] В 15:56:53:682 Обнаружена цель id:1fe8e7b координаты 3848140 2021930 тип:BB_BR скорость:8057
[RLS3_Dnepr] В 15:56:54:454 Обнаружена цель id:556e2fb с координатами 8055851 1483660 тип:BB_BR скорость:8381
[RLS3_Dnepr] Цель id:556e2fb движется в направлении СПРО
[КП от RLS3_Dnepr] Обнаружена цель id:556e2fb координаты X:8055851 Y:1483660 тип:BB_BR скорость:8381
[КП от RLS3_Dnepr] !!! цель движется в направлении СПРО id:556e2fb !!!
[КП от ZRDN3_Mahachkala] Обнаружена цель id:1fe8e7b координаты X:3848140 Y:2021930 тип:BB_BR скорость:8057
[35mБал.блок       070353b  26 Koord X: 1938816     Y: 4491928     Speed:8565     X: 5428     Y: -6626    Пропала[0m
[35mСамолет        7d5aeas  20 Koord X: 1492767     Y: 1296211     Speed:129      X: 67       Y: 111      Пропала[0m
Самолет        230c54s  26 Koord X: 4927000     Y: 4580000     Speed:131      X: 20       Y: 130      Ttl 151
Самолет        d905a4s  20 Koord X: 5376000     Y: 4138000     Speed:134      X: -82      Y: 107      Ttl 161
[RLS3_Dnepr] В 15:57:16:210 Обнаружена цель id:68994es с координатами 5955955 2199310 тип:SAM скорость:223
[КП от RLS3_Dnepr] Обнаружена цель id:68994es координаты X:5955955 Y:2199310 тип:SAM скорость:223
[35mК.ракета       569205r  13 Koord X: 2161251     Y: 1349476     Speed:283      X: 93       Y: 268      Пропала[0m
Бал.блок       0180c5b  13 Koord X: 9263000     Y: 4692000     Speed:8751     X: -5539    Y: -6776    Ttl  84
[RLS1_Voronezh] В 15:57:29:732 Обнаружена цель id:af436fs с координатами 3513814 1691638 тип:SAM скорость:60
[SPRO_Omsk] В 15:57:32:173 Обнаружена цель id:293698r координаты 5357192 3268328 тип:KR скорость:740
[35mК.ракета       b05b57r  21 Koord X: 5270200     Y: 5462618     Speed:326      X: -200     Y: -258     Пропала[0m
[КП от RLS1_Voronezh] Обнаружена цель id:af436fs координаты X:3513814 Y:1691638 тип:SAM скорость:60
[КП от SPRO_Omsk] Обнаружена цель id:293698r координаты X:5357192 Y:3268328 тип:KR скорость:740
Бал.блок       62b377b  21 Koord X: 3703000     Y: 4534000     Speed:8096     X: 608      Y: -8074    Ttl  14
[35mК.ракета       0b212cr  47 Koord X: 3554228     Y: 3698212     Speed:424      X: 172      Y: 388      Пропала[0m
[RLS1_Voronezh] В 15:57:47:829 Обнаружена цель id:4d2be5b с координатами 4453814 1486399 тип:BB_BR скорость:8525
[RLS1_Voronezh] Цель id:4d2be5b движется в направлении СПРО
[КП от RLS1_Voronezh] Обнаружена цель id:4d2be5b координаты X:4453814 Y:1486399 тип:BB_BR скорость:8525
[КП от RLS1_Voronezh] !!! цель движется в направлении СПРО id:4d2be5b !!!
К.ракета       369ab8r  47 Koord X: 9346000     Y: 1411000     Speed:866      X: -226     Y: 837      Ttl  52
[35mК.ракета       b4dc5dr  34 Koord X: 5392850     Y: 2184900     Speed:736      X: 679      Y: 286      Пропала[0m
[35mК.ракета       4e404ar  41 Koord X: 1659239     Y: 7356793     Speed:830      X: 313      Y: -769     Пропала[0m
Самолет        9918acs  34 Koord X: 8823000     Y: 7220000     Speed:141      X: -16      Y: -141     Ttl 120
Самолет        e8f80bs  41 Koord X: 10172000    Y: 3924000     Speed:184      X: -48      Y: 178      Ttl 205
[RLS2_Daryal] В 15:58:04:542 Обнаружена цель id:7f2740s с координатами 10152241 7865769 тип:SAM скорость:102
[КП от RLS2_Daryal] Обнаружена цель id:7f2740s координаты X:10152241 Y:7865769 тип:SAM скорость:102
[RLS3_Dnepr] В 15:58:11:824 Обнаружена цель id:5063e8b с координатами 7001337 2788838 тип:BB_BR скорость:9777
[RLS3_Dnepr] Цель id:5063e8b движется в направлении СПРО
[КП от RLS3_Dnepr] Обнаружена цель id:5063e8b координаты X:7001337 Y:2788838 тип:BB_BR скорость:9777
[КП от RLS3_Dnepr] !!! цель движется в направлении СПРО id:5063e8b !!!
[SPRO_Omsk] В 15:58:27:288 Обнаружена цель id:600e3er координаты 5327432 3689320 тип:KR скорость:395
[КП от SPRO_Omsk] Обнаружена цель id:600e3er координаты X:5327432 Y:3689320 тип:KR скорость:395
[35mСамолет        1a6c70s  19 Koord X: 8316540     Y: 3743600     Speed:55       X: -39      Y: 40       Пропала[0m
[35mК.ракета       9fd7fer  37 Koord X: 3736980     Y: 4194400     Speed:413      X: 57       Y: 410      Пропала[0m
Самолет        706718s  19 Koord X: 5249000     Y: 4519000     Speed:154      X: 107      Y: 112      Ttl 133
Самолет        50eades  37 Koord X: 7219000     Y: 1589000     Speed:134      X: 120      Y: 61       Ttl 103
[RLS3_Dnepr] В 15:59:01:939 Обнаружена цель id:369ab8r с координатами 9343966 1418533 тип:KR скорость:866
[35mБал.блок       62b377b  21 Koord X: 3711512     Y: 4420964     Speed:8096     X: 608      Y: -8074    Пропала[0m
[35mБал.блок       0cad2eb  49 Koord X: 7639114     Y: 2309286     Speed:8937     X: -3819    Y: -8081    Пропала[0m
[КП от RLS3_Dnepr] Обнаружена цель id:369ab8r координаты X:9343966 Y:1418533 тип:KR скорость:866
Бал.блок       45397cb  21 Koord X: 2582000     Y: 4991000     Speed:8667     X: 6136     Y: 6122     Ttl 238
К.ракета       6df3aar  49 Koord X: 3626000     Y: 6444000     Speed:275      X: 93       Y: -259     Ttl 209
[RLS3_Dnepr] В 15:59:18:405 Обнаружена цель id:043a2es с координатами 8234404 2359764 тип:SAM скорость:181
[КП от RLS3_Dnepr] Обнаружена цель id:043a2es координаты X:8234404 Y:2359764 тип:SAM скорость:181
[SPRO_Omsk] В 15:59:20:825 Обнаружена цель id:293698r координаты 5358275 3282350 тип:KR скорость:740
[КП от SPRO_Omsk] Обнаружена цель id:293698r координаты X:5358275 Y:3282350 тип:KR скорость:740
[RLS3_Dnepr] В 15:59:34:106 Обнаружена цель id:0cad2eb с координатами 7639114 2309286 тип:BB_BR скорость:8937
[35mСамолет        7f2740s  16 Koord X: 10151581    Y: 7863829     Speed:102      X: -33      Y: -97      Пропала[0m
[КП от RLS3_Dnepr] Обнаружена цель id:0cad2eb координаты X:7639114 Y:2309286 тип:BB_BR скорость:8937
[SPRO_Omsk] В 15:59:37:278 Обнаружена цель id:d905a4s координаты 5374196 4140354 тип:SAM скорость:134
[КП от SPRO_Omsk] Обнаружена цель id:d905a4s координаты X:5374196 Y:4140354 тип:SAM скорость:134
Бал.блок       d8c6f4b  16 Koord X: 7977000     Y: 1935000     Speed:8494     X: -4510    Y: 7198     Ttl 137
[35mСамолет        97cd1as  23 Koord X: 5854143     Y: 5643056     Speed:99       X: -97      Y: -24      Пропала[0m
[35mБал.блок       896cdfb  18 Koord X: 5295692     Y: 5942312     Speed:9861     X: 2099     Y: -9636    Пропала[0m
К.ракета       2f80b7r  23 Koord X: 9643000     Y: 4532000     Speed:642      X: -535     Y: -356     Ttl  60
Бал.блок       844d17b  18 Koord X: 11391000    Y: 2327000     Speed:9373     X: -6235    Y: 6999     Ttl 302
[SPRO_Omsk] В 15:59:56:676 Обнаружена цель id:230c54s координаты 4927520 4583380 тип:SAM скорость:131
[КП от SPRO_Omsk] Обнаружена цель id:230c54s координаты X:4927520 Y:4583380 тип:SAM скорость:131
[RLS2_Daryal] В 16:00:08:852 Обнаружена цель id:9918acs с координатами 8822712 7217462 тип:SAM скорость:141
[КП от RLS2_Daryal] Обнаружена цель id:9918acs координаты X:8822712 Y:7217462 тип:SAM скорость:141
[RLS2_Daryal] В 16:00:21:778 Обнаружена цель id:7f2740s с координатами 10151581 7863829 тип:SAM скорость:102
[КП от RLS2_Daryal] Обнаружена цель id:7f2740s координаты X:10151581 Y:7863829 тип:SAM скорость:102
[RLS3_Dnepr] В 16:00:25:271 Обнаружена цель id:5063e8b с координатами 6848612 2979688 тип:BB_BR скорость:9777
[RLS3_Dnepr] Цель id:5063e8b движется в направлении СПРО
[35mСамолет        af436fs  28 Koord X: 3514549     Y: 1693633     Speed:60       X: 21       Y: 57       Пропала[0m
[35mСамолет        763abbs  38 Koord X: 10227308    Y: 5619672     Speed:208      X: -12      Y: -208     Пропала[0m
[КП от RLS3_Dnepr] Обнаружена цель id:5063e8b координаты X:6848612 Y:2979688 тип:BB_BR скорость:9777
[КП от RLS3_Dnepr] !!! цель движется в направлении СПРО id:5063e8b !!!
[RLS1_Voronezh] В 16:00:37:309 Обнаружена цель id:af436fs с координатами 3514486 1693462 тип:SAM скорость:60
[КП от RLS1_Voronezh] Обнаружена цель id:af436fs координаты X:3514486 Y:1693462 тип:SAM скорость:60
Бал.блок       20c556b  28 Koord X: 4906000     Y: 3171000     Speed:9868     X: 7416     Y: 6511     Ttl  79
Самолет        14d5e8s  38 Koord X: 4940000     Y: 4689000     Speed:175      X: 133      Y: -115     Ttl  36
[SPRO_Omsk] В 16:00:44:602 Обнаружена цель id:600e3er координаты 5321864 3681640 тип:KR скорость:395
[КП от SPRO_Omsk] Обнаружена цель id:600e3er координаты X:5321864 Y:3681640 тип:KR скорость:395
[35mСамолет        908c5bs  50 Koord X: 6597180     Y: 5767800     Speed:221      X: -95      Y: -200     Пропала[0m
Самолет        590ba8s  50 Koord X: 6821000     Y: 6434000     Speed:217      X: -79      Y: -203     Ttl 111
[35mБал.блок       06b63eb  32 Koord X: 9673790     Y: 4943550     Speed:8325     X: -3422    Y: -7590    Пропала[0m
Бал.блок       b41e30b  32 Koord X: 6944000     Y: 3350000     Speed:8684     X: -4511    Y: 7421     Ttl 210
[35mК.ракета       1e1d93r  11 Koord X: 6465444     Y: 2594818     Speed:949      X: 466      Y: 827      Пропала[0m
[RLS3_Dnepr] В 16:01:19:641 Обнаружена цель id:b60bf5s с координатами 6038575 2136221 тип:SAM скорость:71
[КП от RLS3_Dnepr] Обнаружена цель id:b60bf5s координаты X:6038575 Y:2136221 тип:SAM скорость:71
Бал.блок       a432f3b  11 Koord X: 10597000    Y: 4868000     Speed:9188     X: -8350    Y: -3836    Ttl 226
[SPRO_Omsk] В 16:01:36:303 Обнаружена цель id:20c556b координаты 4950496 3210066 тип:BB_BR скорость:9868
[SPRO_Omsk] Стрельба по цели id:20c556b тип:BB_BR. Осталось противоракет: 0
[SPRO_Omsk] Боекомплект исчерпан! Переход в режим обнаружения
[КП от SPRO_Omsk] Обнаружена цель id:20c556b координаты X:4950496 Y:3210066 тип:BB_BR скорость:9868
[КП от SPRO_Omsk] Стрельба по цели id:20c556b тип:BB_BR AMMO:0
[32mБал.блок       20c556b  28 Koord X: 4972744     Y: 3229599     Speed:9868     X: 7416     Y: 6511     		Уничтожена SPRO_Omsk[0m
[КП] !!! SPRO_Omsk: боекомплект исчерпан! !!!
[35mСамолет        8a8a16s  39 Koord X: 3123504     Y: 3641100     Speed:69       X: 48       Y: -50      Пропала[0m
Самолет        9aeec1s  28 Koord X: 8215000     Y: 2831000     Speed:199      X: -101     Y: 172      Ttl  77
К.ракета       aa9d23r  39 Koord X: 10299000    Y: 3458000     Speed:534      X: -158     Y: 511      Ttl 206
[SPRO_Omsk] В 16:01:59:798 Обнаружена цель id:706718s координаты 5251889 4522024 тип:SAM скорость:154
[КП от SPRO_Omsk] Обнаружена цель id:706718s координаты X:5251889 Y:4522024 тип:SAM скорость:154
[35mБал.блок       1e3bb8b  40 Koord X: 6596544     Y: 6980096     Speed:9612     X: -3887    Y: 8792     Пропала[0m
[RLS1_Voronezh] В 16:02:10:653 Обнаружена цель id:fe3c9bb с координатами 2186654 2529986 тип:BB_BR скорость:8661
[RLS1_Voronezh] Цель id:fe3c9bb движется в направлении СПРО
[35mБал.блок       4d2be5b  43 Koord X: 4720080     Y: 1808280     Speed:8525     X: 5434     Y: 6569     Пропала[0m
[КП от RLS1_Voronezh] Обнаружена цель id:fe3c9bb координаты X:2186654 Y:2529986 тип:BB_BR скорость:8661
[КП от RLS1_Voronezh] !!! цель движется в направлении СПРО id:fe3c9bb !!!
[35mСамолет        a5578ds  33 Koord X: 6209120     Y: 5249336     Speed:118      X: 40       Y: 112      Пропала[0m
[SPRO_Omsk] В 16:02:16:605 Обнаружена цель id:293698r координаты 5359985 3304490 тип:KR скорость:740
Бал.блок       86709cb  40 Koord X: 10674000    Y: 7356000     Speed:9529     X: -6105    Y: -7317    Ttl  10
Бал.блок       d33cbab  43 Koord X: 5570000     Y: 1911000     Speed:9697     X: -5036    Y: 8287     Ttl 206
[RLS3_Dnepr] В 16:02:17:303 Обнаружена цель id:d8c6f4b с координатами 7873270 2100554 тип:BB_BR скорость:8494
[КП от SPRO_Omsk] Обнаружена цель id:293698r координаты X:5359985 Y:3304490 тип:KR скорость:740
[RLS3_Dnepr] Цель id:d8c6f4b движется в направлении СПРО
[SPRO_Omsk] Цель id:20c556b УНИЧТОЖЕНА
[КП от RLS3_Dnepr] Обнаружена цель id:d8c6f4b координаты X:7873270 Y:2100554 тип:BB_BR скорость:8494
[КП от RLS3_Dnepr] !!! цель движется в направлении СПРО id:d8c6f4b !!!
[КП от SPRO_Omsk] >>> Цель id:20c556b УНИЧТОЖЕНА (BB_BR) <<<
Бал.блок       fd8ff2b  33 Koord X: 6880000     Y: 3236000     Speed:9827     X: 9230     Y: 3375     Ttl 163
[ZRDN3_Mahachkala] В 16:02:24:824 Обнаружена цель id:1fe8e7b координаты 4035784 2441108 тип:BB_BR скорость:8057
[КП от ZRDN3_Mahachkala] Обнаружена цель id:1fe8e7b координаты X:4035784 Y:2441108 тип:BB_BR скорость:8057
[35mСамолет        242a72s  22 Koord X: 7394116     Y: 5029758     Speed:243      X: 194      Y: 147      Пропала[0m
К.ракета       3118f0r  22 Koord X: 10390000    Y: 2032000     Speed:351      X: -4       Y: 351      Ttl 197
[SPRO_Omsk] В 16:02:33:816 Обнаружена цель id:d905a4s координаты 5371736 4143564 тип:SAM скорость:134
[RLS3_Dnepr] В 16:02:34:183 Обнаружена цель id:a9f5b4r с координатами 5915460 1181704 тип:KR скорость:856
[35mСамолет        e8061as   3 Koord X: 7482540     Y: 7761228     Speed:54       X: -30      Y: -46      Пропала[0m
[КП от RLS3_Dnepr] Обнаружена цель id:a9f5b4r координаты X:5915460 Y:1181704 тип:KR скорость:856
[КП от SPRO_Omsk] Обнаружена цель id:d905a4s координаты X:5371736 Y:4143564 тип:SAM скорость:134
К.ракета       e430ebr   3 Koord X: 6146000     Y: 8006000     Speed:589      X: -403     Y: -430     Ttl 136
[35mБал.блок       7e7a5ab  12 Koord X: 8537549     Y: 1900913     Speed:8459     X: -2403    Y: -8111    Пропала[0m
[35mК.ракета       369ab8r  47 Koord X: 9334248     Y: 1454524     Speed:866      X: -226     Y: 837      Пропала[0m
[SPRO_Omsk] В 16:02:52:943 Обнаружена цель id:230c54s координаты 4928120 4587280 тип:SAM скорость:131
[RLS3_Dnepr] В 16:02:53:192 Обнаружена цель id:b746f3b с координатами 8099752 3004752 тип:BB_BR скорость:8465
[RLS3_Dnepr] Цель id:b746f3b движется в направлении СПРО
[КП от RLS3_Dnepr] Обнаружена цель id:b746f3b координаты X:8099752 Y:3004752 тип:BB_BR скорость:8465
[КП от SPRO_Omsk] Обнаружена цель id:230c54s координаты X:4928120 Y:4587280 тип:SAM скорость:131
Бал.блок       ac751fb  12 Koord X: 2866000     Y: 5520000     Speed:9042     X: 439      Y: -9032    Ttl 168
[КП от RLS3_Dnepr] !!! цель движется в направлении СПРО id:b746f3b !!!
К.ракета       929670r  47 Koord X: 2746000     Y: 4906000     Speed:289      X: 124      Y: -262     Ttl 100
[RLS2_Daryal] В 16:03:05:114 Обнаружена цель id:9918acs с координатами 8822232 7213232 тип:SAM скорость:141
[КП от RLS2_Daryal] Обнаружена цель id:9918acs координаты X:8822232 Y:7213232 тип:SAM скорость:141
[RLS3_Dnepr] В 16:03:10:813 Обнаружена цель id:556e2fb с координатами 7611966 1799560 тип:BB_BR скорость:8381
[RLS3_Dnepr] Цель id:556e2fb движется в направлении СПРО
[КП от RLS3_Dnepr] Обнаружена цель id:556e2fb координаты X:7611966 Y:1799560 тип:BB_BR скорость:8381
[КП от RLS3_Dnepr] !!! цель движется в направлении СПРО id:556e2fb !!!
[35mБал.блок       86709cb  40 Koord X: 10612950    Y: 7282830     Speed:9529     X: -6105    Y: -7317    Пропала[0m
Бал.блок       f2722cb  40 Koord X: 2636000     Y: 6719000     Speed:9005     X: 7161     Y: -5461    Ttl 300
[RLS3_Dnepr] В 16:03:25:735 Обнаружена цель id:68994es с координатами 5954070 2213740 тип:SAM скорость:223
[RLS1_Voronezh] В 16:03:32:901 Обнаружена цель id:fe3c9bb с координатами 2190322 2651198 тип:BB_BR скорость:8661
[RLS1_Voronezh] Цель id:fe3c9bb движется в направлении СПРО
[КП] !!! RLS3_Dnepr НЕ ОТВЕЧАЕТ! Связь потеряна !!!
[КП от RLS1_Voronezh] Обнаружена цель id:fe3c9bb координаты X:2190322 Y:2651198 тип:BB_BR скорость:8661
[КП от RLS1_Voronezh] !!! цель движется в направлении СПРО id:fe3c9bb !!!
[КП от RLS3_Dnepr] Обнаружена цель id:68994es координаты X:5954070 Y:2213740 тип:SAM скорость:223
[SPRO_Omsk] В 16:03:42:114 Обнаружена цель id:5063e8b координаты 6647015 3231610 тип:BB_BR скорость:9777
[КП от SPRO_Omsk] Обнаружена цель id:5063e8b координаты X:6647015 Y:3231610 тип:BB_BR скорость:9777
[RLS3_Dnepr] В 16:03:43:401 Обнаружена цель id:7e7a5ab с координатами 8537549 1900913 тип:BB_BR скорость:8459
[КП от RLS3_Dnepr] Обнаружена цель id:7e7a5ab координаты X:8537549 Y:1900913 тип:BB_BR скорость:8459
[SPRO_Omsk] В 16:04:03:734 Обнаружена цель id:600e3er координаты 5314208 3671080 тип:KR скорость:395
[SPRO_Omsk] Автопополнение боекомплекта: 10
[КП] RLS3_Dnepr работоспособность восстановлена
[КП от SPRO_Omsk] Обнаружена цель id:600e3er координаты X:5314208 Y:3671080 тип:KR скорость:395
[КП] SPRO_Omsk: боекомплект пополнен AMMO:10
[35mК.ракета       abd9ffr   4 Koord X: 1563368     Y: 7569223     Speed:882      X: 248      Y: -847     Пропала[0m
[35mСамолет        14d5e8s  38 Koord X: 4944788     Y: 4684860     Speed:175      X: 133      Y: -115     Пропала[0m
К.ракета       522a48r   4 Koord X: 6358000     Y: 2512000     Speed:349      X: 88       Y: 338      Ttl  61
Бал.блок       2dc981b  38 Koord X: 6455000     Y: 5240000     Speed:8818     X: 1226     Y: 8733     Ttl  90
[ZRDN3_Mahachkala] В 16:04:23:096 Обнаружена цель id:1fe8e7b координаты 4104916 2595542 тип:BB_BR скорость:8057
[КП от ZRDN3_Mahachkala] Обнаружена цель id:1fe8e7b координаты X:4104916 Y:2595542 тип:BB_BR скорость:8057
[35mК.ракета       600e3er  48 Koord X: 5312352     Y: 3668520     Speed:395      X: -232     Y: -320     Пропала[0m
Самолет        5e2c33s  48 Koord X: 5953000     Y: 3689000     Speed:109      X: -34      Y: -104     Ttl 167
[RLS3_Dnepr] В 16:04:32:218 Обнаружена цель id:d33cbab с координатами 5469280 2076740 тип:BB_BR скорость:9697
[RLS3_Dnepr] Цель id:d33cbab движется в направлении СПРО
[КП от RLS3_Dnepr] Обнаружена цель id:d33cbab координаты X:5469280 Y:2076740 тип:BB_BR скорость:9697
[КП от RLS3_Dnepr] !!! цель движется в направлении СПРО id:d33cbab !!!
[RLS3_Dnepr] В 16:04:53:051 Обнаружена цель id:043a2es с координатами 8232637 2369967 тип:SAM скорость:181
[КП от RLS3_Dnepr] Обнаружена цель id:043a2es координаты X:8232637 Y:2369967 тип:SAM скорость:181
[SPRO_Omsk] В 16:04:57:795 Обнаружена цель id:706718s координаты 5255206 4525496 тип:SAM скорость:154
[КП от SPRO_Omsk] Обнаружена цель id:706718s координаты X:5255206 Y:4525496 тип:SAM скорость:154
[RLS3_Dnepr] В 16:05:09:791 Обнаружена цель id:50eades с координатами 7226320 1592721 тип:SAM скорость:134
[КП от RLS3_Dnepr] Обнаружена цель id:50eades координаты X:7226320 Y:1592721 тип:SAM скорость:134
[SPRO_Omsk] В 16:05:12:873 Обнаружена цель id:d905a4s координаты 5369440 4146560 тип:SAM скорость:134
[КП от SPRO_Omsk] Обнаружена цель id:d905a4s координаты X:5369440 Y:4146560 тип:SAM скорость:134
[RLS3_Dnepr] В 16:05:26:338 Обнаружена цель id:9aeec1s с координатами 8211465 2837020 тип:SAM скорость:199
[35mБал.блок       0180c5b  13 Koord X: 8797724     Y: 4122816     Speed:8751     X: -5539    Y: -6776    Пропала[0m
[35mК.ракета       2f80b7r  23 Koord X: 9610900     Y: 4510640     Speed:642      X: -535     Y: -356     Пропала[0m
[КП от RLS3_Dnepr] Обнаружена цель id:9aeec1s координаты X:8211465 Y:2837020 тип:SAM скорость:199
К.ракета       9bc6a5r  13 Koord X: 7145000     Y: 5413000     Speed:556      X: -309     Y: -463     Ttl 189
Самолет        e68c3es  23 Koord X: 3409000     Y: 5400000     Speed:152      X: 117      Y: -98      Ttl 149
[RLS2_Daryal] В 16:06:11:306 Обнаружена цель id:9918acs с координатами 8821704 7208579 тип:SAM скорость:141
[КП от RLS2_Daryal] Обнаружена цель id:9918acs координаты X:8821704 Y:7208579 тип:SAM скорость:141
[35mБал.блок       556e2fb  14 Koord X: 7372951     Y: 1969660     Speed:8381     X: -6829    Y: 4860     Пропала[0m
[35mК.ракета       4370bfr   6 Koord X: 4176730     Y: 6701726     Speed:700      X: 390      Y: -582     Пропала[0m
К.ракета       116252r  14 Koord X: 10193000    Y: 2230000     Speed:913      X: -666     Y: 625      Ttl 143
К.ракета       a41ff7r   6 Koord X: 10454000    Y: 3689000     Speed:954      X: -104     Y: -949     Ttl 140
[35mСамолет        68994es  17 Koord X: 5953084     Y: 2221288     Speed:223      X: -29      Y: 222      Пропала[0m
Бал.блок       4547f3b  17 Koord X: 6814000     Y: 7625000     Speed:9020     X: 2177     Y: -8754    Ttl 257
[35mБал.блок       18a793b   2 Koord X: 9646371     Y: 2793887     Speed:8790     X: -747     Y: -8759    Пропала[0m
Самолет        1022afs   2 Koord X: 10708000    Y: 7891000     Speed:197      X: -18      Y: -197     Ttl  61
[SPRO_Omsk] В 16:06:41:623 Обнаружена цель id:6e86e9b координаты 5749823 5023970 тип:BB_BR скорость:8586
[SPRO_Omsk] Стрельба по цели id:6e86e9b тип:BB_BR. Осталось противоракет: 9
[КП от SPRO_Omsk] Обнаружена цель id:6e86e9b координаты X:5749823 Y:5023970 тип:BB_BR скорость:8586
[КП от SPRO_Omsk] Стрельба по цели id:6e86e9b тип:BB_BR AMMO:9
[31mБал.блок       6e86e9b  46 Koord X: 5755574     Y: 4998860     Speed:8586     X: 1917     Y: -8370    		Промах SPRO_Omsk[0m
[35mК.ракета       a9f5b4r  30 Koord X: 5888905     Y: 1211972     Speed:856      X: -565     Y: 644      Пропала[0m
Бал.блок       2b7b65b  30 Koord X: 11626000    Y: 5459000     Speed:8845     X: -467     Y: -8833    Ttl 286
[SPRO_Omsk] В 16:07:04:075 Обнаружена цель id:5e2c33s координаты 5952252 3686712 тип:SAM скорость:109
[35mСамолет        043a2es  36 Koord X: 8231831     Y: 2374621     Speed:181      X: -31      Y: 179      Пропала[0m
[ZRDN3_Mahachkala] В 16:07:06:194 Обнаружена цель id:1fe8e7b координаты 4193800 2794100 тип:BB_BR скорость:8057
[КП от SPRO_Omsk] Обнаружена цель id:5e2c33s координаты X:5952252 Y:3686712 тип:SAM скорость:109
[КП от ZRDN3_Mahachkala] Обнаружена цель id:1fe8e7b координаты X:4193800 Y:2794100 тип:BB_BR скорость:8057
Самолет        d0b119s  36 Koord X: 11568000    Y: 2518000     Speed:54       X: -54      Y: 10       Ttl  95
[SPRO_Omsk] ПРОМАХ по цели id:6e86e9b
[КП от SPRO_Omsk] ПРОМАХ по цели id:6e86e9b (BB_BR)
[RLS3_Dnepr] В 16:07:30:412 Обнаружена цель id:d8c6f4b с координатами 7634240 2482048 тип:BB_BR скорость:8494
[RLS3_Dnepr] Цель id:d8c6f4b движется в направлении СПРО
[ZRDN1_Orenburg] В 16:07:31:807 Обнаружена цель id:1fe8e7b координаты 4206968 2823516 тип:BB_BR скорость:8057
[КП от RLS3_Dnepr] Обнаружена цель id:d8c6f4b координаты X:7634240 Y:2482048 тип:BB_BR скорость:8494
[КП от RLS3_Dnepr] !!! цель движется в направлении СПРО id:d8c6f4b !!!
[КП от ZRDN1_Orenburg] Обнаружена цель id:1fe8e7b координаты X:4206968 Y:2823516 тип:BB_BR скорость:8057
[RLS2_Daryal] В 16:07:39:455 Обнаружена цель id:1022afs с координатами 10707892 7889818 тип:SAM скорость:197
[35mК.ракета       293698r  24 Koord X: 5363291     Y: 3347294     Speed:740      X: 57       Y: 738      Пропала[0m
[КП от RLS2_Daryal] Обнаружена цель id:1022afs координаты X:10707892 Y:7889818 тип:SAM скорость:197
К.ракета       35efb8r  24 Koord X: 5002000     Y: 4531000     Speed:343      X: 257      Y: -228     Ttl 130
[RLS3_Dnepr] В 16:07:49:010 Обнаружена цель id:a9f5b4r с координатами 5888905 1211972 тип:KR скорость:856
[КП от RLS3_Dnepr] Обнаружена цель id:a9f5b4r координаты X:5888905 Y:1211972 тип:KR скорость:856
[SPRO_Omsk] В 16:07:59:909 Обнаружена цель id:d33cbab координаты 5298056 2358498 тип:BB_BR скорость:9697
[SPRO_Omsk] Стрельба по цели id:d33cbab тип:BB_BR. Осталось противоракет: 8
[31mБал.блок       d33cbab  43 Koord X: 5277912     Y: 2391646     Speed:9697     X: -5036    Y: 8287     		Промах SPRO_Omsk[0m
[RLS3_Dnepr] В 16:08:06:308 Обнаружена цель id:9aeec1s с координатами 8208839 2841492 тип:SAM скорость:199
[КП от RLS3_Dnepr] Обнаружена цель id:9aeec1s координаты X:8208839 Y:2841492 тип:SAM скорость:199
[КП от SPRO_Omsk] Обнаружена цель id:d33cbab координаты X:5298056 Y:2358498 тип:BB_BR скорость:9697
[КП от SPRO_Omsk] Стрельба по цели id:d33cbab тип:BB_BR AMMO:8
[SPRO_Omsk] В 16:08:15:053 Обнаружена цель id:b41e30b координаты 6632741 3862049 тип:BB_BR скорость:8684
[SPRO_Omsk] Стрельба по цели id:b41e30b тип:BB_BR. Осталось противоракет: 7
[32mБал.блок       b41e30b  32 Koord X: 6623719     Y: 3876891     Speed:8684     X: -4511    Y: 7421     		Уничтожена SPRO_Omsk[0m
[КП от SPRO_Omsk] Обнаружена цель id:b41e30b координаты X:6632741 Y:3862049 тип:BB_BR скорость:8684
[КП от SPRO_Omsk] Стрельба по цели id:b41e30b тип:BB_BR AMMO:7
Бал.блок       dfc1cbb  32 Koord X: 5214000     Y: 6581000     Speed:9716     X: -1995    Y: -9509    Ttl 137
[35mСамолет        34c48ds  42 Koord X: 6783446     Y: 5794201     Speed:61       X: -22      Y: -57      Пропала[0m
Самолет        75403as  42 Koord X: 1562000     Y: 5002000     Speed:165      X: 151      Y: 68       Ttl  44
[RLS2_Daryal] В 16:08:34:075 Обнаружена цель id:9918acs с координатами 8821336 7205336 тип:SAM скорость:141
[КП от RLS2_Daryal] Обнаружена цель id:9918acs координаты X:8821336 Y:7205336 тип:SAM скорость:141
[SPRO_Omsk] ПРОМАХ по цели id:d33cbab
[КП от SPRO_Omsk] ПРОМАХ по цели id:d33cbab (BB_BR)
[SPRO_Omsk] Цель id:b41e30b УНИЧТОЖЕНА
[КП от SPRO_Omsk] >>> Цель id:b41e30b УНИЧТОЖЕНА (BB_BR) <<<
[RLS3_Dnepr] В 16:09:08:087 Обнаружена цель id:522a48r с координатами 6361960 2527210 тип:KR скорость:349
[КП от RLS3_Dnepr] Обнаружена цель id:522a48r координаты X:6361960 Y:2527210 тип:KR скорость:349
[35mСамолет        50eades  37 Koord X: 7231360     Y: 1595283     Speed:134      X: 120      Y: 61       Пропала[0m
К.ракета       b0421ar  37 Koord X: 7166000     Y: 2070000     Speed:874      X: -863     Y: 144      Ttl 119
[SPRO_Omsk] В 16:09:15:302 Обнаружена цель id:230c54s координаты 4929400 4595600 тип:SAM скорость:131
[КП от SPRO_Omsk] Обнаружена цель id:230c54s координаты X:4929400 Y:4595600 тип:SAM скорость:131
[RLS3_Dnepr] В 16:09:20:911 Обнаружена цель id:b60bf5s с координатами 6040600 2141648 тип:SAM скорость:71
[КП от RLS3_Dnepr] Обнаружена цель id:b60bf5s координаты X:6040600 Y:2141648 тип:SAM скорость:71
[35mСамолет        9aeec1s  28 Koord X: 8207223     Y: 2844244     Speed:199      X: -101     Y: 172      Пропала[0m
[SPRO_Omsk] В 16:09:30:241 Обнаружена цель id:35efb8r координаты 5005598 4527808 тип:KR скорость:343
К.ракета       44b909r  28 Koord X: 6065000     Y: 8077000     Speed:751      X: -747     Y: -86      Ttl 169
[КП от SPRO_Omsk] Обнаружена цель id:35efb8r координаты X:5005598 Y:4527808 тип:KR скорость:343
[RLS1_Voronezh] В 16:09:46:649 Обнаружена цель id:fe3c9bb с координатами 2206566 3187994 тип:BB_BR скорость:8661
[RLS1_Voronezh] Цель id:fe3c9bb движется в направлении СПРО
[КП от RLS1_Voronezh] Обнаружена цель id:fe3c9bb координаты X:2206566 Y:3187994 тип:BB_BR скорость:8661
[КП от RLS1_Voronezh] !!! цель движется в направлении СПРО id:fe3c9bb !!!
[35mСамолет        9918acs  34 Koord X: 8821080     Y: 7203080     Speed:141      X: -16      Y: -141     Пропала[0m
К.ракета       200eecr  34 Koord X: 7188000     Y: 1407000     Speed:264      X: -204     Y: 169      Ttl 200
[35mК.ракета       03183er  35 Koord X: 2226539     Y: 6861704     Speed:323      X: 111      Y: -304     Пропала[0m
Самолет        39daeds  35 Koord X: 5159000     Y: 7208000     Speed:177      X: 34       Y: -174     Ttl  11
[RLS2_Daryal] В 16:10:03:673 Обнаружена цель id:1022afs с координатами 10707478 7885287 тип:SAM скорость:197
[КП от RLS2_Daryal] Обнаружена цель id:1022afs координаты X:10707478 Y:7885287 тип:SAM скорость:197
[RLS3_Dnepr] В 16:10:12:335 Обнаружена цель id:b0421ar с координатами 7159959 2071008 тип:KR скорость:874
[КП от RLS3_Dnepr] Обнаружена цель id:b0421ar координаты X:7159959 Y:2071008 тип:KR скорость:874
[35mСамолет        085d27s  29 Koord X: 2817116     Y: 4972616     Speed:107      X: 19       Y: -106     Пропала[0m
[35mК.ракета       522a48r   4 Koord X: 6363368     Y: 2532618     Speed:349      X: 88       Y: 338      Пропала[0m
[SPRO_Omsk] В 16:10:21:835 Обнаружена цель id:706718s координаты 5261091 4531656 тип:SAM скорость:154
[КП от SPRO_Omsk] Обнаружена цель id:706718s координаты X:5261091 Y:4531656 тип:SAM скорость:154
К.ракета       bab56dr  29 Koord X: 7109000     Y: 2453000     Speed:754      X: 605      Y: 451      Ttl  97
Самолет        b889e7s   4 Koord X: 1866000     Y: 5100000     Speed:79       X: 8        Y: 79       Ttl 135
[SPRO_Omsk] В 16:10:39:759 Обнаружена цель id:d905a4s координаты 5365094 4152231 тип:SAM скорость:134
[КП от SPRO_Omsk] Обнаружена цель id:d905a4s координаты X:5365094 Y:4152231 тип:SAM скорость:134
[35mСамолет        39daeds  35 Koord X: 5159374     Y: 7206086     Speed:177      X: 34       Y: -174     Пропала[0m
[RLS3_Dnepr] В 16:11:06:996 Обнаружена цель id:200eecr с координатами 7186164 1408521 тип:KR скорость:264
[КП от RLS3_Dnepr] Обнаружена цель id:200eecr координаты X:7186164 Y:1408521 тип:KR скорость:264
Самолет        ede657s  35 Koord X: 7470000     Y: 7854000     Speed:78       X: 74       Y: -27      Ttl 110
[ZRDN1_Orenburg] В 16:11:19:470 Обнаружена цель id:1fe8e7b координаты 4332064 3102968 тип:BB_BR скорость:8057
[КП от ZRDN1_Orenburg] Обнаружена цель id:1fe8e7b координаты X:4332064 Y:3102968 тип:BB_BR скорость:8057
[35mК.ракета       533c8cr  27 Koord X: 9945208     Y: 6729380     Speed:374      X: -84      Y: -365     Пропала[0m
Бал.блок       37c1b0b  27 Koord X: 11075000    Y: 5357000     Speed:9696     X: -9654    Y: 912      Ttl  40
[35mСамолет        fe8e84s  45 Koord X: 7296890     Y: 5778733     Speed:190      X: 130      Y: -139     Пропала[0m
[35mБал.блок       fe3c9bb  15 Koord X: 2212854     Y: 3395786     Speed:8661     X: 262      Y: 8658     Пропала[0m
Самолет        60a0dbs  45 Koord X: 1469000     Y: 6133000     Speed:128      X: 18       Y: -127     Ttl 154
[RLS1_Voronezh] В 16:11:49:974 Обнаружена цель id:fe3c9bb с координатами 2212068 3369812 тип:BB_BR скорость:8661
[RLS1_Voronezh] Цель id:fe3c9bb движется в направлении СПРО
Самолет        9d586cs  15 Koord X: 11047000    Y: 7040000     Speed:69       X: -29      Y: -63      Ttl 141
[КП от RLS1_Voronezh] Обнаружена цель id:fe3c9bb координаты X:2212068 Y:3369812 тип:BB_BR скорость:8661
[КП от RLS1_Voronezh] !!! цель движется в направлении СПРО id:fe3c9bb !!!
[35mСамолет        230c54s  26 Koord X: 4930020     Y: 4599630     Speed:131      X: 20       Y: 130      Пропала[0m
[35mСамолет        590ba8s  50 Koord X: 6812231     Y: 6411467     Speed:217      X: -79      Y: -203     Пропала[0m
[35mСамолет        706718s  19 Koord X: 5263231     Y: 4533896     Speed:154      X: 107      Y: 112      Пропала[0m
Самолет        14462bs  26 Koord X: 7132000     Y: 1127000     Speed:167      X: 39       Y: 163      Ttl 122
Бал.блок       c2ebd4b  50 Koord X: 1423000     Y: 6915000     Speed:9793     X: 1003     Y: -9742    Ttl  78
Самолет        f0765es  19 Koord X: 5397000     Y: 6849000     Speed:241      X: -163     Y: -178     Ttl 125
[SPRO_Omsk] В 16:12:10:083 Обнаружена цель id:5063e8b координаты 6127750 3880500 тип:BB_BR скорость:9777
[SPRO_Omsk] Стрельба по цели id:5063e8b тип:BB_BR. Осталось противоракет: 6
[КП от SPRO_Omsk] Обнаружена цель id:5063e8b координаты X:6127750 Y:3880500 тип:BB_BR скорость:9777
[КП от SPRO_Omsk] Стрельба по цели id:5063e8b тип:BB_BR AMMO:6
[32mБал.блок       5063e8b   1 Koord X: 6109423     Y: 3903402     Speed:9777     X: -6109    Y: 7634     		Уничтожена SPRO_Omsk[0m
Самолет        d42dd0s   1 Koord X: 3874000     Y: 3068000     Speed:80       X: 11       Y: 80       Ttl 104
[RLS3_Dnepr] В 16:12:32:810 Обнаружена цель id:bab56dr с координатами 7119890 2461118 тип:KR скорость:754
[КП от RLS3_Dnepr] Обнаружена цель id:bab56dr координаты X:7119890 Y:2461118 тип:KR скорость:754
[35mСамолет        1022afs   2 Koord X: 10706902    Y: 7878983     Speed:197      X: -18      Y: -197     Пропала[0m
[SPRO_Omsk] Цель id:5063e8b УНИЧТОЖЕНА
[КП от SPRO_Omsk] >>> Цель id:5063e8b УНИЧТОЖЕНА (BB_BR) <<<
[ZRDN1_Orenburg] В 16:12:55:957 Обнаружена цель id:1fe8e7b координаты 4381444 3213278 тип:BB_BR скорость:8057
[КП от ZRDN1_Orenburg] Обнаружена цель id:1fe8e7b координаты X:4381444 Y:3213278 тип:BB_BR скорость:8057
[35mСамолет        75403as  42 Koord X: 1568644     Y: 5004992     Speed:165      X: 151      Y: 68       Пропала[0m
[35mБал.блок       6e86e9b  46 Koord X: 5874428     Y: 4479920     Speed:8586     X: 1917     Y: -8370    Пропала[0m
[RLS3_Dnepr] В 16:12:56:918 Обнаружена цель id:200eecr с координатами 7182696 1411394 тип:KR скорость:264
[35mК.ракета       929670r  47 Koord X: 2758400     Y: 4879800     Speed:289      X: 124      Y: -262     Пропала[0m
К.ракета       64bdf2r   2 Koord X: 5412000     Y: 4446000     Speed:909      X: -165     Y: 894      Ttl  10
Бал.блок       298856b  42 Koord X: 2326000     Y: 5615000     Speed:9689     X: 3782     Y: -8921    Ttl  37
Самолет        597560s  46 Koord X: 3338000     Y: 3700000     Speed:90       X: 41       Y: 81       Ttl  12
Бал.блок       4b631cb  47 Koord X: 5546000     Y: 4304000     Speed:9714     X: 3516     Y: 9056     Ttl 127
[35mСамолет        d905a4s  20 Koord X: 5362798     Y: 4155227     Speed:134      X: -82      Y: 107      Пропала[0m
[КП от RLS3_Dnepr] Обнаружена цель id:200eecr координаты X:7182696 Y:1411394 тип:KR скорость:264
[SPRO_Omsk] В 16:13:09:846 Обнаружена цель id:1fe8e7b координаты 4391320 3235340 тип:BB_BR скорость:8057
[SPRO_Omsk] Стрельба по цели id:1fe8e7b тип:BB_BR. Осталось противоракет: 5
[КП от SPRO_Omsk] Обнаружена цель id:1fe8e7b координаты X:4391320 Y:3235340 тип:BB_BR скорость:8057
[КП от SPRO_Omsk] Стрельба по цели id:1fe8e7b тип:BB_BR AMMO:5
Самолет        777cacs  20 Koord X: 7578000     Y: 3494000     Speed:146      X: 98       Y: 109      Ttl  88
[RLS3_Dnepr] В 16:13:12:427 Обнаружена цель id:b0421ar с координатами 7134069 2075328 тип:KR скорость:874
[КП от RLS3_Dnepr] Обнаружена цель id:b0421ar координаты X:7134069 Y:2075328 тип:KR скорость:874
[32mБал.блок       1fe8e7b  44 Koord X: 4401196     Y: 3257402     Speed:8057     X: 3292     Y: 7354     		Уничтожена SPRO_Omsk[0m
[RLS2_Daryal] В 16:13:15:260 Обнаружена цель id:1022afs с координатами 10706902 7878983 тип:SAM скорость:197
[КП от RLS2_Daryal] Обнаружена цель id:1022afs координаты X:10706902 Y:7878983 тип:SAM скорость:197
[35mБал.блок       d8c6f4b  16 Koord X: 7359130     Y: 2921126     Speed:8494     X: -4510    Y: 7198     Пропала[0m
[ZRDN2_Volgograd] В 16:13:19:614 Обнаружена цель id:d42dd0s координаты 3874077 3068560 тип:SAM скорость:80
[ZRDN2_Volgograd] Стрельба по цели id:d42dd0s тип:SAM. Осталось ракет: 19
[35mБал.блок       2dc981b  38 Koord X: 6565340     Y: 6025970     Speed:8818     X: 1226     Y: 8733     Пропала[0m
[КП от ZRDN2_Volgograd] Обнаружена цель id:d42dd0s координаты X:3874077 Y:3068560 тип:SAM скорость:80
[КП от ZRDN2_Volgograd] Стрельба по цели id:d42dd0s тип:SAM AMMO:19
К.ракета       9b2c9er  44 Koord X: 2063000     Y: 4255000     Speed:985      X: 738      Y: 653      Ttl  63
[32mСамолет        d42dd0s   1 Koord X: 3874099     Y: 3068720     Speed:80       X: 11       Y: 80       		Уничтожена ZRDN2_Volgograd[0m
Самолет        d90d0es  16 Koord X: 7073000     Y: 6204000     Speed:105      X: 72       Y: -77      Ttl 196
[SPRO_Omsk] В 16:13:25:655 Обнаружена цель id:d33cbab координаты 5021076 2814283 тип:BB_BR скорость:9697
[SPRO_Omsk] Стрельба по цели id:d33cbab тип:BB_BR. Осталось противоракет: 4
[КП от SPRO_Omsk] Обнаружена цель id:d33cbab координаты X:5021076 Y:2814283 тип:BB_BR скорость:9697
[КП от SPRO_Omsk] Стрельба по цели id:d33cbab тип:BB_BR AMMO:4
Бал.блок       e5185bb  38 Koord X: 7502000     Y: 6850000     Speed:9317     X: 1940     Y: -9113    Ttl 129
[32mБал.блок       d33cbab  43 Koord X: 5011004     Y: 2830857     Speed:9697     X: -5036    Y: 8287     		Уничтожена SPRO_Omsk[0m
Бал.блок       bb352ab   1 Koord X: 5242000     Y: 6541000     Speed:8708     X: -3904    Y: -7784    Ttl 266
[35mБал.блок       b746f3b  25 Koord X: 7754682     Y: 3869682     Speed:8465     X: -3137    Y: 7863     Пропала[0m
К.ракета       6a0581r  43 Koord X: 7203000     Y: 2424000     Speed:951      X: -897     Y: 318      Ttl 139
Бал.блок       296712b  25 Koord X: 5231000     Y: 2813000     Speed:8307     X: -8108    Y: 1811     Ttl  33
[35mСамолет        b60bf5s   7 Koord X: 6041750     Y: 2144730     Speed:71       X: 25       Y: 67       Пропала[0m
[SPRO_Omsk] В 16:13:48:343 Обнаружена цель id:6e86e9b координаты 5874428 4479920 тип:BB_BR скорость:8586
[SPRO_Omsk] Стрельба по цели id:6e86e9b тип:BB_BR. Осталось противоракет: 3
[КП от SPRO_Omsk] Обнаружена цель id:6e86e9b координаты X:5874428 Y:4479920 тип:BB_BR скорость:8586
[КП от SPRO_Omsk] Стрельба по цели id:6e86e9b тип:BB_BR AMMO:3
[SPRO_Omsk] Цель id:1fe8e7b УНИЧТОЖЕНА
[КП от SPRO_Omsk] >>> Цель id:1fe8e7b УНИЧТОЖЕНА (BB_BR) <<<
Бал.блок       022e49b   7 Koord X: 5305000     Y: 6904000     Speed:8080     X: -7301    Y: -3463    Ttl 240
[35mК.ракета       64bdf2r   2 Koord X: 5410350     Y: 4454940     Speed:909      X: -165     Y: 894      Пропала[0m
[ZRDN2_Volgograd] Цель id:d42dd0s УНИЧТОЖЕНА
[КП от ZRDN2_Volgograd] >>> Цель id:d42dd0s УНИЧТОЖЕНА (SAM) <<<
К.ракета       ccc872r   2 Koord X: 2622000     Y: 7436000     Speed:638      X: 280      Y: -574     Ttl  88
[SPRO_Omsk] Цель id:6e86e9b УНИЧТОЖЕНА
[SPRO_Omsk] В 16:14:17:459 Обнаружена цель id:5e2c33s координаты 5949906 3679536 тип:SAM скорость:109
[SPRO_Omsk] Цель id:d33cbab УНИЧТОЖЕНА
[КП от SPRO_Omsk] >>> Цель id:6e86e9b УНИЧТОЖЕНА (BB_BR) <<<
[КП от SPRO_Omsk] Обнаружена цель id:5e2c33s координаты X:5949906 Y:3679536 тип:SAM скорость:109
[RLS3_Dnepr] В 16:14:19:100 Обнаружена цель id:14462bs с координатами 7132624 1129608 тип:SAM скорость:167
[КП от RLS3_Dnepr] Обнаружена цель id:14462bs координаты X:7132624 Y:1129608 тип:SAM скорость:167
[КП от SPRO_Omsk] >>> Цель id:d33cbab УНИЧТОЖЕНА (BB_BR) <<<
[35mСамолет        597560s  46 Koord X: 3338492     Y: 3700972     Speed:90       X: 41       Y: 81       Пропала[0m
Бал.блок       bfdfb0b  46 Koord X: 6308000     Y: 3842000     Speed:8146     X: 3472     Y: -7370    Ttl 117
[35mК.ракета       03d5ebr   8 Koord X: 9766400     Y: 6136400     Speed:691      X: -138     Y: -678     Пропала[0m
[RLS3_Dnepr] В 16:15:03:450 Обнаружена цель id:b0421ar с координатами 7120261 2077632 тип:KR скорость:874
К.ракета       ab18ecr   8 Koord X: 7763000     Y: 2424000     Speed:485      X: 53       Y: 483      Ttl 123
[КП от RLS3_Dnepr] Обнаружена цель id:b0421ar координаты X:7120261 Y:2077632 тип:KR скорость:874
[RLS2_Daryal] В 16:15:19:281 Обнаружена цель id:9d586cs с координатами 11046159 7038173 тип:SAM скорость:69
[КП от RLS2_Daryal] Обнаружена цель id:9d586cs координаты X:11046159 Y:7038173 тип:SAM скорость:69
[SPRO_Omsk] В 16:15:32:486 Обнаружена цель id:296712b координаты 5109380 2840165 тип:BB_BR скорость:8307
[SPRO_Omsk] Стрельба по цели id:296712b тип:BB_BR. Осталось противоракет: 2
[31mБал.блок       296712b  25 Koord X: 5093164     Y: 2843787     Speed:8307     X: -8108    Y: 1811     		Промах SPRO_Omsk[0m
[КП от SPRO_Omsk] Обнаружена цель id:296712b координаты X:5109380 Y:2840165 тип:BB_BR скорость:8307
[КП от SPRO_Omsk] Стрельба по цели id:296712b тип:BB_BR AMMO:2
[35mБал.блок       37c1b0b  27 Koord X: 10688840    Y: 5393480     Speed:9696     X: -9654    Y: 912      Пропала[0m
[SPRO_Omsk] В 16:15:52:818 Обнаружена цель id:35efb8r координаты 5021275 4513900 тип:KR скорость:343
К.ракета       b69c00r  27 Koord X: 5102000     Y: 1992000     Speed:922      X: 434      Y: 814      Ttl 111
[КП от SPRO_Omsk] Обнаружена цель id:35efb8r координаты X:5021275 Y:4513900 тип:KR скорость:343
[SPRO_Omsk] ПРОМАХ по цели id:296712b
[КП от SPRO_Omsk] ПРОМАХ по цели id:296712b (BB_BR)
[35mК.ракета       e430ebr   3 Koord X: 6091192     Y: 7947520     Speed:589      X: -403     Y: -430     Пропала[0m
[RLS3_Dnepr] В 16:16:32:282 Обнаружена цель id:bab56dr с координатами 7142880 2478256 тип:KR скорость:754
Самолет        a01117s   3 Koord X: 6120000     Y: 5580000     Speed:121      X: 77       Y: -94      Ttl 140
[КП от RLS3_Dnepr] Обнаружена цель id:bab56dr координаты X:7142880 Y:2478256 тип:KR скорость:754
[RLS3_Dnepr] В 16:16:49:527 Обнаружена цель id:200eecr с координатами 7174944 1417816 тип:KR скорость:264
[КП от RLS3_Dnepr] Обнаружена цель id:200eecr координаты X:7174944 Y:1417816 тип:KR скорость:264
[35mБал.блок       e47a61b  31 Koord X: 4252736     Y: 1789072     Speed:8844     X: -4272    Y: -7744    Пропала[0m
[35mСамолет        d0b119s  36 Koord X: 11562870    Y: 2518950     Speed:54       X: -54      Y: 10       Пропала[0m
[35mБал.блок       298856b  42 Koord X: 2465934     Y: 5284923     Speed:9689     X: 3782     Y: -8921    Пропала[0m
Самолет        591366s  31 Koord X: 7104000     Y: 1402000     Speed:238      X: -207     Y: 119      Ttl  20
Бал.блок       baef75b  36 Koord X: 11395000    Y: 7005000     Speed:8588     X: -8278    Y: -2290    Ttl 227
Самолет        3d1a7as  42 Koord X: 7375000     Y: 3777000     Speed:129      X: 4        Y: 129      Ttl 140
[35mБал.блок       296712b  25 Koord X: 4963436     Y: 2872763     Speed:8307     X: -8108    Y: 1811     Пропала[0m
[RLS3_Dnepr] В 16:17:10:287 Обнаружена цель id:14462bs с координатами 7133755 1134335 тип:SAM скорость:167
[КП от RLS3_Dnepr] Обнаружена цель id:14462bs координаты X:7133755 Y:1134335 тип:SAM скорость:167
К.ракета       37f4fbr  25 Koord X: 5516000     Y: 3754000     Speed:820      X: 110      Y: 813      Ttl 151
[SPRO_Omsk] В 16:17:20:201 Обнаружена цель id:4b631cb координаты 5676092 4639072 тип:BB_BR скорость:9714
[SPRO_Omsk] Стрельба по цели id:4b631cb тип:BB_BR. Осталось противоракет: 1
[КП от SPRO_Omsk] Обнаружена цель id:4b631cb координаты X:5676092 Y:4639072 тип:BB_BR скорость:9714
[RLS2_Daryal] В 16:17:21:758 Обнаружена цель id:9d586cs с координатами 11045579 7036913 тип:SAM скорость:69
[КП от SPRO_Omsk] Стрельба по цели id:4b631cb тип:BB_BR AMMO:1
[КП от RLS2_Daryal] Обнаружена цель id:9d586cs координаты X:11045579 Y:7036913 тип:SAM скорость:69
[32mБал.блок       4b631cb  47 Koord X: 5690156     Y: 4675296     Speed:9714     X: 3516     Y: 9056     		Уничтожена SPRO_Omsk[0m
Самолет        1e9e6cs  47 Koord X: 2008000     Y: 7246000     Speed:57       X: 2        Y: -57      Ttl 148
[SPRO_Omsk] В 16:17:37:722 Обнаружена цель id:bfdfb0b координаты 6405216 3635640 тип:BB_BR скорость:8146
[SPRO_Omsk] Стрельба по цели id:bfdfb0b тип:BB_BR. Осталось противоракет: 0
[SPRO_Omsk] Боекомплект исчерпан! Переход в режим обнаружения
[КП от SPRO_Omsk] Обнаружена цель id:bfdfb0b координаты X:6405216 Y:3635640 тип:BB_BR скорость:8146
[32mБал.блок       bfdfb0b  46 Koord X: 6412160     Y: 3620900     Speed:8146     X: 3472     Y: -7370    		Уничтожена SPRO_Omsk[0m
[КП от SPRO_Omsk] Стрельба по цели id:bfdfb0b тип:BB_BR AMMO:0
[КП] !!! SPRO_Omsk: боекомплект исчерпан! !!!
К.ракета       062ec2r  46 Koord X: 5500000     Y: 7192000     Speed:814      X: 329      Y: -745     Ttl  72
[SPRO_Omsk] В 16:18:02:581 Обнаружена цель id:5e2c33s координаты 5948648 3675688 тип:SAM скорость:109
[SPRO_Omsk] Цель id:4b631cb УНИЧТОЖЕНА
[КП от SPRO_Omsk] Обнаружена цель id:5e2c33s координаты X:5948648 Y:3675688 тип:SAM скорость:109
[КП от SPRO_Omsk] >>> Цель id:4b631cb УНИЧТОЖЕНА (BB_BR) <<<
[RLS3_Dnepr] В 16:18:09:735 Обнаружена цель id:ab18ecr с координатами 7764378 2436558 тип:KR скорость:485
[КП от RLS3_Dnepr] Обнаружена цель id:ab18ecr координаты X:7764378 Y:2436558 тип:KR скорость:485
[SPRO_Omsk] Цель id:bfdfb0b УНИЧТОЖЕНА
[КП от SPRO_Omsk] >>> Цель id:bfdfb0b УНИЧТОЖЕНА (BB_BR) <<<
[35mСамолет        e8f80bs  41 Koord X: 10162160    Y: 3960490     Speed:184      X: -48      Y: 178      Пропала[0m
Бал.блок       94073db  41 Koord X: 9508000     Y: 5036000     Speed:8190     X: -7828    Y: -2411    Ttl  86
[SPRO_Omsk] В 16:18:50:808 Обнаружена цель id:a1f89cb координаты 6739391 4408516 тип:BB_BR скорость:8388
[35mБал.блок       2267ddb   5 Koord X: 9673481     Y: 2238602     Speed:9359     X: -3011    Y: -8862    Пропала[0m
[КП от SPRO_Omsk] Обнаружена цель id:a1f89cb координаты X:6739391 Y:4408516 тип:BB_BR скорость:8388
[35mБал.блок       fd8ff2b  33 Koord X: 8384490     Y: 3786125     Speed:9827     X: 9230     Y: 3375     Пропала[0m
Самолет        e08196s   5 Koord X: 9078000     Y: 1461000     Speed:73       X: -62      Y: 40       Ttl  94
[35mБал.блок       b4f1aeb   9 Koord X: 10246268    Y: 3236896     Speed:8229     X: -2819    Y: 7732     Пропала[0m
К.ракета       c4793cr  33 Koord X: 9029000     Y: 2800000     Speed:268      X: -137     Y: 231      Ttl  60
Бал.блок       774043b   9 Koord X: 9946000     Y: 6185000     Speed:9593     X: -848     Y: -9556    Ttl 194
[35mСамолет        591366s  31 Koord X: 7099860     Y: 1404380     Speed:238      X: -207     Y: 119      Пропала[0m
К.ракета       6aa1cfr  31 Koord X: 5235000     Y: 4445000     Speed:554      X: -182     Y: 524      Ttl 137
[SPRO_Omsk] В 16:19:41:634 Обнаружена цель id:5e2c33s координаты 5948036 3673816 тип:SAM скорость:109
[КП от SPRO_Omsk] Обнаружена цель id:5e2c33s координаты X:5948036 Y:3673816 тип:SAM скорость:109
[SPRO_Omsk] Автопополнение боекомплекта: 10
[КП] SPRO_Omsk: боекомплект пополнен AMMO:10
[35mК.ракета       9b2c9er  44 Koord X: 2109494     Y: 4296139     Speed:985      X: 738      Y: 653      Пропала[0m
[35mБал.блок       ac751fb  12 Koord X: 2939752     Y: 4002624     Speed:9042     X: 439      Y: -9032    Пропала[0m
К.ракета       5bcc16r  44 Koord X: 2424000     Y: 5502000     Speed:645      X: 600      Y: -239     Ttl 110
[RLS2_Daryal] В 16:20:03:433 Обнаружена цель id:9d586cs с координатами 11044825 7035275 тип:SAM скорость:69
К.ракета       bf5116r  12 Koord X: 6631000     Y: 3518000     Speed:257      X: -230     Y: 116      Ttl 161
[КП от RLS2_Daryal] Обнаружена цель id:9d586cs координаты X:11044825 Y:7035275 тип:SAM скорость:69
[RLS3_Dnepr] В 16:20:10:440 Обнаружена цель id:bab56dr с координатами 7164055 2494041 тип:KR скорость:754
[КП от RLS3_Dnepr] Обнаружена цель id:bab56dr координаты X:7164055 Y:2494041 тип:KR скорость:754
[35mК.ракета       6df3aar  49 Koord X: 3645437     Y: 6389869     Speed:275      X: 93       Y: -259     Пропала[0m
[35mБал.блок       c2ebd4b  50 Koord X: 1501234     Y: 6155124     Speed:9793     X: 1003     Y: -9742    Пропала[0m
Бал.блок       ec2bc9b  49 Koord X: 9634000     Y: 2584000     Speed:9121     X: -970     Y: 9070     Ttl 286
К.ракета       85c4a8r  50 Koord X: 1547000     Y: 5090000     Speed:273      X: 81       Y: -261     Ttl  65
[35mК.ракета       bab56dr  29 Koord X: 7167685     Y: 2496747     Speed:754      X: 605      Y: 451      Пропала[0m
[RLS3_Dnepr] В 16:20:27:259 Обнаружена цель id:200eecr с координатами 7167804 1423731 тип:KR скорость:264
Бал.блок       1193fcb  29 Koord X: 7064000     Y: 1365000     Speed:8477     X: 7307     Y: 4299     Ttl 115
[SPRO_Omsk] В 16:20:36:148 Обнаружена цель id:6aa1cfr координаты 5232998 4450764 тип:KR скорость:554
[КП от RLS3_Dnepr] Обнаружена цель id:200eecr координаты X:7167804 Y:1423731 тип:KR скорость:264
[КП от SPRO_Omsk] Обнаружена цель id:6aa1cfr координаты X:5232998 Y:4450764 тип:KR скорость:554
[RLS3_Dnepr] В 16:20:42:400 Обнаружена цель id:b69c00r с координатами 5121096 2027816 тип:KR скорость:922
[КП от RLS3_Dnepr] Обнаружена цель id:b69c00r координаты X:5121096 Y:2027816 тип:KR скорость:922
[35mК.ракета       a41ff7r   6 Koord X: 10439440    Y: 3556140     Speed:954      X: -104     Y: -949     Пропала[0m
Самолет        b64e61s   6 Koord X: 9641000     Y: 4622000     Speed:230      X: -179     Y: 146      Ttl  81
[SPRO_Omsk] В 16:20:54:276 Обнаружена цель id:37f4fbr координаты 5519630 3780829 тип:KR скорость:820
[КП от SPRO_Omsk] Обнаружена цель id:37f4fbr координаты X:5519630 Y:3780829 тип:KR скорость:820
[35mК.ракета       116252r  14 Koord X: 10097762    Y: 2319375     Speed:913      X: -666     Y: 625      Пропала[0m
[35mСамолет        e68c3es  23 Koord X: 3426433     Y: 5385398     Speed:152      X: 117      Y: -98      Пропала[0m
[RLS3_Dnepr] В 16:21:01:527 Обнаружена цель id:14462bs с координатами 7135237 1140529 тип:SAM скорость:167
К.ракета       ffab96r  14 Koord X: 2138000     Y: 1352000     Speed:697      X: 549      Y: 431      Ttl  69
К.ракета       30d129r  23 Koord X: 7383000     Y: 7763000     Speed:722      X: -258     Y: -675     Ttl  28
[35mК.ракета       35efb8r  24 Koord X: 5035410     Y: 4501360     Speed:343      X: 257      Y: -228     Пропала[0m
[КП от RLS3_Dnepr] Обнаружена цель id:14462bs координаты X:7135237 Y:1140529 тип:SAM скорость:167
Бал.блок       b89454b  24 Koord X: 5604000     Y: 3658000     Speed:9116     X: 8546     Y: -3175    Ttl 303
[SPRO_Omsk] В 16:21:15:973 Обнаружена цель id:35efb8r координаты 5034896 4501816 тип:KR скорость:343
[КП от SPRO_Omsk] Обнаружена цель id:35efb8r координаты X:5034896 Y:4501816 тип:KR скорость:343
[RLS3_Dnepr] В 16:21:21:136 Обнаружена цель id:b0421ar с координатами 7066755 2086560 тип:KR скорость:874
[35mК.ракета       b0421ar  37 Koord X: 7063303     Y: 2087136     Speed:874      X: -863     Y: 144      Пропала[0m
[КП от RLS3_Dnepr] Обнаружена цель id:b0421ar координаты X:7066755 Y:2086560 тип:KR скорость:874
Бал.блок       3cbb9cb  37 Koord X: 7200000     Y: 2469000     Speed:9177     X: -3459    Y: 8501     Ttl 104
[35mСамолет        5e2c33s  48 Koord X: 5947322     Y: 3671632     Speed:109      X: -34      Y: -104     Пропала[0m
К.ракета       d3ff90r  48 Koord X: 5626000     Y: 4636000     Speed:720      X: 440      Y: -571     Ttl 134
[RLS2_Daryal] В 16:22:06:708 Обнаружена цель id:9d586cs с координатами 11044216 7033952 тип:SAM скорость:69
[КП от RLS2_Daryal] Обнаружена цель id:9d586cs координаты X:11044216 Y:7033952 тип:SAM скорость:69
[SPRO_Omsk] В 16:22:08:621 Обнаружена цель id:5e2c33s координаты 5947322 3671632 тип:SAM скорость:109
[КП от SPRO_Omsk] Обнаружена цель id:5e2c33s координаты X:5947322 Y:3671632 тип:SAM скорость:109
[35mСамолет        777cacs  20 Koord X: 7586624     Y: 3503592     Speed:146      X: 98       Y: 109      Пропала[0m
[RLS3_Dnepr] В 16:22:17:185 Обнаружена цель id:1193fcb с координатами 7166298 1425186 тип:BB_BR скорость:8477
[КП от RLS3_Dnepr] Обнаружена цель id:1193fcb координаты X:7166298 Y:1425186 тип:BB_BR скорость:8477
К.ракета       977e6br  20 Koord X: 11646000    Y: 6908000     Speed:785      X: -81      Y: -781     Ttl  35
[35mБал.блок       dfc1cbb  32 Koord X: 4940685     Y: 5278267     Speed:9716     X: -1995    Y: -9509    Пропала[0m
[35mК.ракета       3118f0r  22 Koord X: 10389212    Y: 2101147     Speed:351      X: -4       Y: 351      Пропала[0m
Бал.блок       21de6ab  32 Koord X: 7901000     Y: 4749000     Speed:8276     X: -5331    Y: 6331     Ttl 174
[35mСамолет        ede657s  35 Koord X: 7478140     Y: 7851030     Speed:78       X: 74       Y: -27      Пропала[0m
К.ракета       cf8181r  22 Koord X: 6397000     Y: 5399000     Speed:650      X: -101     Y: -643     Ttl 145
[RLS3_Dnepr] В 16:22:30:928 Обнаружена цель id:6a0581r с координатами 7126755 2451030 тип:KR скорость:951
К.ракета       a06200r  35 Koord X: 11466000    Y: 4748000     Speed:287      X: -102     Y: 269      Ttl 128
[35mК.ракета       aa9d23r  39 Koord X: 10266452    Y: 3563266     Speed:534      X: -158     Y: 511      Пропала[0m
Бал.блок       7f7c11b  39 Koord X: 10470000    Y: 3902000     Speed:8457     X: -6367    Y: -5567    Ttl  63
[RLS1_Voronezh] В 16:22:38:287 Обнаружена цель id:ffab96r с координатами 2145137 1357603 тип:KR скорость:697
[КП от RLS1_Voronezh] Обнаружена цель id:ffab96r координаты X:2145137 Y:1357603 тип:KR скорость:697
[КП от RLS3_Dnepr] Обнаружена цель id:6a0581r координаты X:7126755 Y:2451030 тип:KR скорость:951
[SPRO_Omsk] В 16:22:58:294 Обнаружена цель id:6aa1cfr координаты 5228630 4463340 тип:KR скорость:554
[35mБал.блок       45397cb  21 Koord X: 4042368     Y: 6448036     Speed:8667     X: 6136     Y: 6122     Пропала[0m
[35mК.ракета       ccc872r   2 Koord X: 2646640     Y: 7385488     Speed:638      X: 280      Y: -574     Пропала[0m
Бал.блок       06a04fb  21 Koord X: 4013000     Y: 1298000     Speed:9447     X: 3044     Y: 8944     Ttl 264
[КП от SPRO_Omsk] Обнаружена цель id:6aa1cfr координаты X:5228630 Y:4463340 тип:KR скорость:554
Бал.блок       6d05b4b   2 Koord X: 3237000     Y: 4598000     Speed:8862     X: 1285     Y: -8769    Ttl 213
[RLS3_Dnepr] В 16:23:24:374 Обнаружена цель id:3cbb9cb с координатами 7141197 2613517 тип:BB_BR скорость:9177
[RLS3_Dnepr] Цель id:3cbb9cb движется в направлении СПРО
[КП от RLS3_Dnepr] Обнаружена цель id:3cbb9cb координаты X:7141197 Y:2613517 тип:BB_BR скорость:9177
[КП от RLS3_Dnepr] !!! цель движется в направлении СПРО id:3cbb9cb !!!
[35mБал.блок       a1f89cb  10 Koord X: 6296470     Y: 4369720     Speed:8388     X: -8357    Y: -732     Пропала[0m
[35mК.ракета       30d129r  23 Koord X: 7375776     Y: 7744100     Speed:722      X: -258     Y: -675     Пропала[0m
Самолет        acda82s  10 Koord X: 9569000     Y: 6737000     Speed:182      X: -101     Y: -152     Ttl 149
[SPRO_Omsk] В 16:23:50:743 Обнаружена цель id:b89454b координаты 5809104 3581800 тип:BB_BR скорость:9116
[SPRO_Omsk] Стрельба по цели id:b89454b тип:BB_BR. Осталось противоракет: 9
Бал.блок       f688b7b  23 Koord X: 10488000    Y: 3477000     Speed:8336     X: -6667    Y: 5005     Ttl 267
[КП от SPRO_Omsk] Обнаружена цель id:b89454b координаты X:5809104 Y:3581800 тип:BB_BR скорость:9116
[31mБал.блок       b89454b  24 Koord X: 5834742     Y: 3572275     Speed:9116     X: 8546     Y: -3175    		Промах SPRO_Omsk[0m
[КП от SPRO_Omsk] Стрельба по цели id:b89454b тип:BB_BR AMMO:9
[35mСамолет        b889e7s   4 Koord X: 1867080     Y: 5110665     Speed:79       X: 8        Y: 79       Пропала[0m
[35mБал.блок       a432f3b  11 Koord X: 8709900     Y: 4001064     Speed:9188     X: -8350    Y: -3836    Пропала[0m
[RLS1_Voronezh] В 16:24:15:090 Обнаружена цель id:06a04fb с координатами 4034308 1360608 тип:BB_BR скорость:9447
[RLS1_Voronezh] Цель id:06a04fb движется в направлении СПРО
[КП от RLS1_Voronezh] Обнаружена цель id:06a04fb координаты X:4034308 Y:1360608 тип:BB_BR скорость:9447
Самолет        0c4b97s   4 Koord X: 7124000     Y: 5432000     Speed:143      X: 111      Y: -91      Ttl 171
[КП от RLS1_Voronezh] !!! цель движется в направлении СПРО id:06a04fb !!!
[RLS2_Daryal] В 16:24:16:112 Обнаружена цель id:9d586cs с координатами 11043607 7032629 тип:SAM скорость:69
[SPRO_Omsk] В 16:24:16:129 Обнаружена цель id:bf5116r координаты 6622030 3522524 тип:KR скорость:257
Самолет        c06a0es  11 Koord X: 9114000     Y: 3245000     Speed:147      X: -130     Y: 70       Ttl 131
[КП от RLS2_Daryal] Обнаружена цель id:9d586cs координаты X:11043607 Y:7032629 тип:SAM скорость:69
[КП от SPRO_Omsk] Обнаружена цель id:bf5116r координаты X:6622030 Y:3522524 тип:KR скорость:257
[RLS3_Dnepr] В 16:24:21:928 Обнаружена цель id:6a0581r с координатами 7110609 2456754 тип:KR скорость:951
[КП от RLS3_Dnepr] Обнаружена цель id:6a0581r координаты X:7110609 Y:2456754 тип:KR скорость:951
[RLS1_Voronezh] В 16:24:29:873 Обнаружена цель id:ffab96r с координатами 2155568 1365792 тип:KR скорость:697
[SPRO_Omsk] В 16:24:30:311 Обнаружена цель id:37f4fbr координаты 5523700 3810910 тип:KR скорость:820
[35mСамолет        14462bs  26 Koord X: 7136758     Y: 1146886     Speed:167      X: 39       Y: 163      Пропала[0m
[SPRO_Omsk] ПРОМАХ по цели id:b89454b
Самолет        8bd0abs  26 Koord X: 5475000     Y: 2560000     Speed:105      X: 42       Y: 97       Ttl 208
[КП от RLS1_Voronezh] Обнаружена цель id:ffab96r координаты X:2155568 Y:1365792 тип:KR скорость:697
[КП от SPRO_Omsk] Обнаружена цель id:37f4fbr координаты X:5523700 Y:3810910 тип:KR скорость:820
[КП от SPRO_Omsk] ПРОМАХ по цели id:b89454b (BB_BR)
[35mК.ракета       9bc6a5r  13 Koord X: 7086599     Y: 5325493     Speed:556      X: -309     Y: -463     Пропала[0m
[35mСамолет        f0765es  19 Koord X: 5376625     Y: 6826750     Speed:241      X: -163     Y: -178     Пропала[0m
[35mК.ракета       c4793cr  33 Koord X: 9020780     Y: 2813860     Speed:268      X: -137     Y: 231      Пропала[0m
[35mК.ракета       062ec2r  46 Koord X: 5523688     Y: 7138360     Speed:814      X: 329      Y: -745     Пропала[0m
К.ракета       7af2c4r  13 Koord X: 7664000     Y: 1585000     Speed:868      X: -436     Y: 751      Ttl  42
Самолет        556164s  19 Koord X: 7234000     Y: 1307000     Speed:161      X: 128      Y: 99       Ttl 184
К.ракета       1a111ar  33 Koord X: 3702000     Y: 2816000     Speed:759      X: 313      Y: 692      Ttl  92
Бал.блок       7dd347b  46 Koord X: 6870000     Y: 1163000     Speed:8055     X: -5748    Y: 5644     Ttl  45
[RLS3_Dnepr] В 16:25:16:232 Обнаружена цель id:ab18ecr с координатами 7768194 2471334 тип:KR скорость:485
[КП от RLS3_Dnepr] Обнаружена цель id:ab18ecr координаты X:7768194 Y:2471334 тип:KR скорость:485
[RLS3_Dnepr] В 16:25:30:886 Обнаружена цель id:e08196s с координатами 9074032 1463560 тип:SAM скорость:73
[КП от RLS3_Dnepr] Обнаружена цель id:e08196s координаты X:9074032 Y:1463560 тип:SAM скорость:73
[35mК.ракета       977e6br  20 Koord X: 11643165    Y: 6880665     Speed:785      X: -81      Y: -781     Пропала[0m
К.ракета       f348c3r  20 Koord X: 10511000    Y: 3304000     Speed:493      X: -140     Y: 473      Ttl 107
[SPRO_Omsk] В 16:25:58:160 Обнаружена цель id:d3ff90r координаты 5644040 4612589 тип:KR скорость:720
[КП от SPRO_Omsk] Обнаружена цель id:d3ff90r координаты X:5644040 Y:4612589 тип:KR скорость:720
[35mСамолет        9d586cs  15 Koord X: 11042911    Y: 7031117     Speed:69       X: -29      Y: -63      Пропала[0m
[ZRDN3_Mahachkala] В 16:26:11:431 Обнаружена цель id:1a111ar координаты 3704504 2821536 тип:KR скорость:759
[ZRDN3_Mahachkala] Стрельба по цели id:1a111ar тип:KR. Осталось ракет: 15
[КП от ZRDN3_Mahachkala] Обнаружена цель id:1a111ar координаты X:3704504 Y:2821536 тип:KR скорость:759
[КП от ZRDN3_Mahachkala] Стрельба по цели id:1a111ar тип:KR AMMO:15
Самолет        188c3cs  15 Koord X: 2004000     Y: 6927000     Speed:72       X: 38       Y: -62      Ttl  49
[32mК.ракета       1a111ar  33 Koord X: 3705756     Y: 2824304     Speed:759      X: 313      Y: 692      		Уничтожена ZRDN3_Mahachkala[0m
Самолет        6c25eds  33 Koord X: 5263000     Y: 4620000     Speed:213      X: -103     Y: 187      Ttl 119
[ZRDN2_Volgograd] В 16:26:26:221 Обнаружена цель id:1a111ar координаты 3705443 2823612 тип:KR скорость:759
[ZRDN2_Volgograd] Стрельба по цели id:1a111ar тип:KR. Осталось ракет: 18
[КП от ZRDN2_Volgograd] Обнаружена цель id:1a111ar координаты X:3705443 Y:2823612 тип:KR скорость:759
[КП от ZRDN2_Volgograd] Стрельба по цели id:1a111ar тип:KR AMMO:18
[RLS3_Dnepr] В 16:26:27:370 Обнаружена цель id:7dd347b с координатами 6806772 1225084 тип:BB_BR скорость:8055
[RLS3_Dnepr] Цель id:7dd347b движется в направлении СПРО
[35mБал.блок       e5185bb  38 Koord X: 7752260     Y: 5674423     Speed:9317     X: 1940     Y: -9113    Пропала[0m
[RLS1_Voronezh] В 16:26:34:741 Обнаружена цель id:ffab96r с координатами 2167097 1374843 тип:KR скорость:697
[35mК.ракета       44b909r  28 Koord X: 5938757     Y: 8062466     Speed:751      X: -747     Y: -86      Пропала[0m
К.ракета       e4d207r  38 Koord X: 1408000     Y: 2104000     Speed:833      X: 386      Y: 739      Ttl  32
[КП от RLS1_Voronezh] Обнаружена цель id:ffab96r координаты X:2167097 Y:1374843 тип:KR скорость:697
[КП от RLS3_Dnepr] Обнаружена цель id:7dd347b координаты X:6806772 Y:1225084 тип:BB_BR скорость:8055
[КП от RLS3_Dnepr] !!! цель движется в направлении СПРО id:7dd347b !!!
Бал.блок       32b1e1b  28 Koord X: 8891000     Y: 7977000     Speed:9550     X: -2604    Y: -9189    Ttl  85
[35mК.ракета       85c4a8r  50 Koord X: 1552265     Y: 5073035     Speed:273      X: 81       Y: -261     Пропала[0m
[RLS3_Dnepr] В 16:26:48:579 Обнаружена цель id:6a0581r с координатами 7089081 2464386 тип:KR скорость:951
[КП от RLS3_Dnepr] Обнаружена цель id:6a0581r координаты X:7089081 Y:2464386 тип:KR скорость:951
[ZRDN3_Mahachkala] Цель id:1a111ar УНИЧТОЖЕНА
[КП от ZRDN3_Mahachkala] >>> Цель id:1a111ar УНИЧТОЖЕНА (KR) <<<
Самолет        aa1403s  50 Koord X: 6866000     Y: 3108000     Speed:140      X: 26       Y: 138      Ttl 173
[SPRO_Omsk] В 16:26:56:362 Обнаружена цель id:b89454b координаты 6065484 3486550 тип:BB_BR скорость:9116
[SPRO_Omsk] Стрельба по цели id:b89454b тип:BB_BR. Осталось противоракет: 8
[31mБал.блок       b89454b  24 Koord X: 6091122     Y: 3477025     Speed:9116     X: 8546     Y: -3175    		Промах SPRO_Omsk[0m
[35mК.ракета       b69c00r  27 Koord X: 5150174     Y: 2082354     Speed:922      X: 434      Y: 814      Пропала[0m
[КП от SPRO_Omsk] Обнаружена цель id:b89454b координаты X:6065484 Y:3486550 тип:BB_BR скорость:9116
[КП от SPRO_Omsk] Стрельба по цели id:b89454b тип:BB_BR AMMO:8
Самолет        aee9cbs  27 Koord X: 6400000     Y: 3056000     Speed:128      X: -127     Y: 22       Ttl  80
[ZRDN2_Volgograd] Цель id:1a111ar УНИЧТОЖЕНА
[КП от ZRDN2_Volgograd] >>> Цель id:1a111ar УНИЧТОЖЕНА (KR) <<<
[35mБал.блок       94073db  41 Koord X: 8834792     Y: 4828654     Speed:8190     X: -7828    Y: -2411    Пропала[0m
[SPRO_Omsk] В 16:27:23:460 Обнаружена цель id:8bd0abs координаты 5475924 2562134 тип:SAM скорость:105
[КП от SPRO_Omsk] Обнаружена цель id:8bd0abs координаты X:5475924 Y:2562134 тип:SAM скорость:105
Самолет        208c58s  41 Koord X: 3359000     Y: 2002000     Speed:156      X: 146      Y: 57       Ttl  39
[35mК.ракета       ab18ecr   8 Koord X: 7769519     Y: 2483409     Speed:485      X: 53       Y: 483      Пропала[0m
[35mСамолет        60a0dbs  45 Koord X: 1471772     Y: 6113442     Speed:128      X: 18       Y: -127     Пропала[0m
К.ракета       05881dr   8 Koord X: 6815000     Y: 8059000     Speed:849      X: 81       Y: -846     Ttl 207
[SPRO_Omsk] В 16:27:36:443 Обнаружена цель id:6aa1cfr координаты 5220258 4487444 тип:KR скорость:554
[КП от SPRO_Omsk] Обнаружена цель id:6aa1cfr координаты X:5220258 Y:4487444 тип:KR скорость:554
Самолет        44af2fs  45 Koord X: 3368000     Y: 5716000     Speed:73       X: 59       Y: -44      Ttl 175
[SPRO_Omsk] ПРОМАХ по цели id:b89454b
[КП от SPRO_Omsk] ПРОМАХ по цели id:b89454b (BB_BR)
[RLS3_Dnepr] В 16:27:42:772 Обнаружена цель id:ab18ecr с координатами 7769466 2482926 тип:KR скорость:485
[КП от RLS3_Dnepr] Обнаружена цель id:ab18ecr координаты X:7769466 Y:2482926 тип:KR скорость:485
[35mК.ракета       6a0581r  43 Koord X: 7078317     Y: 2468202     Speed:951      X: -897     Y: 318      Пропала[0m
Бал.блок       8a4a42b  43 Koord X: 8078000     Y: 2998000     Speed:9371     X: -7745    Y: 5277     Ttl  76
[SPRO_Omsk] В 16:27:52:089 Обнаружена цель id:37f4fbr координаты 5527220 3836926 тип:KR скорость:820
[КП от SPRO_Omsk] Обнаружена цель id:37f4fbr координаты X:5527220 Y:3836926 тип:KR скорость:820
[RLS3_Dnepr] В 16:27:59:680 Обнаружена цель id:7af2c4r с координатами 7653100 1603775 тип:KR скорость:868
[35mК.ракета       ffab96r  14 Koord X: 2175881     Y: 1381739     Speed:697      X: 549      Y: 431      Пропала[0m
Бал.блок       268873b  14 Koord X: 10116000    Y: 4704000     Speed:8533     X: -6730    Y: 5247     Ttl  52
[КП от RLS3_Dnepr] Обнаружена цель id:7af2c4r координаты X:7653100 Y:1603775 тип:KR скорость:868
[RLS1_Voronezh] В 16:28:12:876 Обнаружена цель id:06a04fb с координатами 4153024 1709424 тип:BB_BR скорость:9447
[RLS1_Voronezh] Цель id:06a04fb движется в направлении СПРО
[КП от RLS1_Voronezh] Обнаружена цель id:06a04fb координаты X:4153024 Y:1709424 тип:BB_BR скорость:9447
[КП от RLS1_Voronezh] !!! цель движется в направлении СПРО id:06a04fb !!!
[RLS3_Dnepr] В 16:28:19:756 Обнаружена цель id:e08196s с координатами 9072482 1464560 тип:SAM скорость:73
[КП от RLS3_Dnepr] Обнаружена цель id:e08196s координаты X:9072482 Y:1464560 тип:SAM скорость:73
[35mСамолет        e08196s   5 Koord X: 9072172     Y: 1464760     Speed:73       X: -62      Y: 40       Пропала[0m
К.ракета       3c21car   5 Koord X: 10265000    Y: 5484000     Speed:655      X: -177     Y: -631     Ttl  87
[SPRO_Omsk] В 16:28:42:160 Обнаружена цель id:d3ff90r координаты 5655480 4597743 тип:KR скорость:720
[КП от SPRO_Omsk] Обнаружена цель id:d3ff90r координаты X:5655480 Y:4597743 тип:KR скорость:720
[35mСамолет        b64e61s   6 Koord X: 9626501     Y: 4633826     Speed:230      X: -179     Y: 146      Пропала[0m
[35mБал.блок       7f7c11b  39 Koord X: 10068879    Y: 3551279     Speed:8457     X: -6367    Y: -5567    Пропала[0m
Бал.блок       341aacb   6 Koord X: 7679000     Y: 5649000     Speed:9296     X: -6132    Y: -6988    Ttl 307
Бал.блок       c22b7eb  39 Koord X: 9652000     Y: 2005000     Speed:8983     X: -1156    Y: 8909     Ttl 241
[RLS3_Dnepr] В 16:29:11:444 Обнаружена цель id:1193fcb с координатами 7670481 1721817 тип:BB_BR скорость:8477
[КП от RLS3_Dnepr] Обнаружена цель id:1193fcb координаты X:7670481 Y:1721817 тип:BB_BR скорость:8477
[35mК.ракета       7af2c4r  13 Koord X: 7645688     Y: 1616542     Speed:868      X: -436     Y: 751      Пропала[0m
Бал.блок       7ba9b3b  13 Koord X: 3597000     Y: 3155000     Speed:9764     X: 889      Y: 9724     Ttl  65
[RLS3_Dnepr] В 16:29:29:313 Обнаружена цель id:200eecr с координатами 7149444 1438941 тип:KR скорость:264
[SPRO_Omsk] В 16:29:37:539 Обнаружена цель id:b89454b координаты 6296226 3400825 тип:BB_BR скорость:9116
[SPRO_Omsk] Стрельба по цели id:b89454b тип:BB_BR. Осталось противоракет: 7
[35mБал.блок       7dd347b  46 Koord X: 6611340     Y: 1416980     Speed:8055     X: -5748    Y: 5644     Пропала[0m
[КП от RLS3_Dnepr] Обнаружена цель id:200eecr координаты X:7149444 Y:1438941 тип:KR скорость:264
[КП от SPRO_Omsk] Обнаружена цель id:b89454b координаты X:6296226 Y:3400825 тип:BB_BR скорость:9116
[RLS1_Voronezh] В 16:29:39:181 Обнаружена цель id:e4d207r с координатами 1418036 2123214 тип:KR скорость:833
[КП от SPRO_Omsk] Стрельба по цели id:b89454b тип:BB_BR AMMO:7
[КП от RLS1_Voronezh] Обнаружена цель id:e4d207r координаты X:1418036 Y:2123214 тип:KR скорость:833
[32mБал.блок       b89454b  24 Koord X: 6321864     Y: 3391300     Speed:9116     X: 8546     Y: -3175    		Уничтожена SPRO_Omsk[0m
К.ракета       db105cr  46 Koord X: 5750000     Y: 7214000     Speed:373      X: 276      Y: -252     Ttl 146
[RLS3_Dnepr] В 16:29:45:167 Обнаружена цель id:556164s с координатами 7239504 1311257 тип:SAM скорость:161
[КП от RLS3_Dnepr] Обнаружена цель id:556164s координаты X:7239504 Y:1311257 тип:SAM скорость:161
Бал.блок       535c45b  24 Koord X: 6753000     Y: 1541000     Speed:8370     X: 4893     Y: 6792     Ttl  41
[35mК.ракета       e4d207r  38 Koord X: 1420352     Y: 2127648     Speed:833      X: 386      Y: 739      Пропала[0m
[SPRO_Omsk] В 16:29:57:968 Обнаружена цель id:bf5116r координаты 6609150 3529020 тип:KR скорость:257
[RLS1_Voronezh] В 16:29:59:671 Обнаружена цель id:208c58s с координатами 3362212 2003254 тип:SAM скорость:156
Бал.блок       81bd61b  38 Koord X: 5484000     Y: 4524000     Speed:9997     X: 78       Y: -9997    Ttl 151
[КП от RLS1_Voronezh] Обнаружена цель id:208c58s координаты X:3362212 Y:2003254 тип:SAM скорость:156
[КП от SPRO_Omsk] Обнаружена цель id:bf5116r координаты X:6609150 Y:3529020 тип:KR скорость:257
[35mК.ракета       200eecr  34 Koord X: 7147200     Y: 1440800     Speed:264      X: -204     Y: 169      Пропала[0m
[35mБал.блок       844d17b  18 Koord X: 9508030     Y: 4440698     Speed:9373     X: -6235    Y: 6999     Пропала[0m
Самолет        b62967s  34 Koord X: 6194000     Y: 3671000     Speed:97       X: 17       Y: -96      Ttl 118
[SPRO_Omsk] В 16:30:24:774 Обнаружена цель id:8bd0abs координаты 5477184 2565044 тип:SAM скорость:105
[КП от SPRO_Omsk] Обнаружена цель id:8bd0abs координаты X:5477184 Y:2565044 тип:SAM скорость:105
[SPRO_Omsk] Цель id:b89454b УНИЧТОЖЕНА
К.ракета       8634fer  18 Koord X: 9262000     Y: 1679000     Speed:950      X: -397     Y: 864      Ttl  78
[КП от SPRO_Omsk] >>> Цель id:b89454b УНИЧТОЖЕНА (BB_BR) <<<
[SPRO_Omsk] В 16:30:39:248 Обнаружена цель id:37f4fbr координаты 5530300 3859690 тип:KR скорость:820
[КП от SPRO_Omsk] Обнаружена цель id:37f4fbr координаты X:5530300 Y:3859690 тип:KR скорость:820
[RLS3_Dnepr] В 16:30:42:301 Обнаружена цель id:8a4a42b с координатами 7884375 3129925 тип:BB_BR скорость:9371
[RLS3_Dnepr] Цель id:8a4a42b движется в направлении СПРО
[КП от RLS3_Dnepr] Обнаружена цель id:8a4a42b координаты X:7884375 Y:3129925 тип:BB_BR скорость:9371
[КП от RLS3_Dnepr] !!! цель движется в направлении СПРО id:8a4a42b !!!
[35mСамолет        a01117s   3 Koord X: 6130780     Y: 5566840     Speed:121      X: 77       Y: -94      Пропала[0m
Самолет        b745aes   3 Koord X: 6023000     Y: 5203000     Speed:177      X: -49      Y: 171      Ttl  67
[ZRDN2_Volgograd] В 16:30:51:021 Обнаружена цель id:7ba9b3b координаты 3606779 3261964 тип:BB_BR скорость:9764
[КП от ZRDN2_Volgograd] Обнаружена цель id:7ba9b3b координаты X:3606779 Y:3261964 тип:BB_BR скорость:9764
[RLS3_Dnepr] В 16:30:59:377 Обнаружена цель id:c22b7eb с координатами 9634660 2138635 тип:BB_BR скорость:8983
[RLS3_Dnepr] Цель id:c22b7eb движется в направлении СПРО
[35mК.ракета       5bcc16r  44 Koord X: 2490000     Y: 5475710     Speed:645      X: 600      Y: -239     Пропала[0m
[КП от RLS3_Dnepr] Обнаружена цель id:c22b7eb координаты X:9634660 Y:2138635 тип:BB_BR скорость:8983
[КП от RLS3_Dnepr] !!! цель движется в направлении СПРО id:c22b7eb !!!
[35mСамолет        3d1a7as  42 Koord X: 7375560     Y: 3795060     Speed:129      X: 4        Y: 129      Пропала[0m
К.ракета       21e732r  44 Koord X: 6364000     Y: 4700000     Speed:872      X: -544     Y: -682     Ttl  67
Самолет        231110s  42 Koord X: 1758000     Y: 4642000     Speed:96       X: 2        Y: 96       Ttl 127
[35mСамолет        188c3cs  15 Koord X: 2005862     Y: 6923962     Speed:72       X: 38       Y: -62      Пропала[0m
[35mСамолет        208c58s  41 Koord X: 3364694     Y: 2004223     Speed:156      X: 146      Y: 57       Пропала[0m
Самолет        8c2c9cs  15 Koord X: 9911000     Y: 3126000     Speed:110      X: -15      Y: 109      Ttl 207
К.ракета       5ee154r  41 Koord X: 7478000     Y: 5165000     Speed:681      X: 597      Y: 329      Ttl  87
[RLS3_Dnepr] В 16:31:51:386 Обнаружена цель id:1193fcb с координатами 7860463 1833591 тип:BB_BR скорость:8477
[КП от RLS3_Dnepr] Обнаружена цель id:1193fcb координаты X:7860463 Y:1833591 тип:BB_BR скорость:8477
[35mБал.блок       3cbb9cb  37 Koord X: 6840264     Y: 3353104     Speed:9177     X: -3459    Y: 8501     Пропала[0m
[SPRO_Omsk] В 16:32:04:849 Обнаружена цель id:d3ff90r координаты 5670000 4578900 тип:KR скорость:720
[35mБал.блок       1193fcb  29 Koord X: 7904305     Y: 1859385     Speed:8477     X: 7307     Y: 4299     Пропала[0m
Самолет        84ba1fs  37 Koord X: 4133000     Y: 6314000     Speed:182      X: 65       Y: -171     Ttl  99
[КП от SPRO_Omsk] Обнаружена цель id:d3ff90r координаты X:5670000 Y:4578900 тип:KR скорость:720
[RLS3_Dnepr] В 16:32:10:995 Обнаружена цель id:535c45b с координатами 6845967 1670048 тип:BB_BR скорость:8370
[RLS3_Dnepr] Цель id:535c45b движется в направлении СПРО
[КП от RLS3_Dnepr] Обнаружена цель id:535c45b координаты X:6845967 Y:1670048 тип:BB_BR скорость:8370
[КП от RLS3_Dnepr] !!! цель движется в направлении СПРО id:535c45b !!!
Самолет        f3b9c6s  29 Koord X: 5658000     Y: 2945000     Speed:148      X: 4        Y: 148      Ttl  16
[RLS2_Daryal] В 16:32:24:289 Обнаружена цель id:32b1e1b с координатами 8758196 7508361 тип:BB_BR скорость:9550
[RLS2_Daryal] Цель id:32b1e1b движется в направлении СПРО
[КП от RLS2_Daryal] Обнаружена цель id:32b1e1b координаты X:8758196 Y:7508361 тип:BB_BR скорость:9550
[КП от RLS2_Daryal] !!! цель движется в направлении СПРО id:32b1e1b !!!
[SPRO_Omsk] В 16:32:26:896 Обнаружена цель id:b745aes координаты 6022412 5205052 тип:SAM скорость:177
[КП от SPRO_Omsk] Обнаружена цель id:b745aes координаты X:6022412 Y:5205052 тип:SAM скорость:177
[35mК.ракета       37f4fbr  25 Koord X: 5532610     Y: 3876763     Speed:820      X: 110      Y: 813      Пропала[0m
[RLS3_Dnepr] В 16:32:31:166 Обнаружена цель id:556164s с координатами 7242960 1313930 тип:SAM скорость:161
[35mСамолет        1e9e6cs  47 Koord X: 2008296     Y: 7237564     Speed:57       X: 2        Y: -57      Пропала[0m
Самолет        51970es  25 Koord X: 9437000     Y: 3232000     Speed:50       X: -38      Y: 34       Ttl 164
К.ракета       eb0573r  47 Koord X: 1614000     Y: 3811000     Speed:291      X: 278      Y: -89      Ttl  87
[КП от RLS3_Dnepr] Обнаружена цель id:556164s координаты X:7242960 Y:1313930 тип:SAM скорость:161
[35mБал.блок       4547f3b  17 Koord X: 7373489     Y: 5375222     Speed:9020     X: 2177     Y: -8754    Пропала[0m
Бал.блок       43dc81b  17 Koord X: 2732000     Y: 4124000     Speed:9896     X: 5788     Y: 8028     Ttl  58
[35mК.ракета       6aa1cfr  31 Koord X: 5210066     Y: 4516788     Speed:554      X: -182     Y: 524      Пропала[0m
Самолет        a1c1bbs  31 Koord X: 10344000    Y: 6870000     Speed:153      X: -31      Y: -150     Ttl 143
[SPRO_Omsk] В 16:33:20:137 Обнаружена цель id:bf5116r координаты 6601560 3532848 тип:KR скорость:257
[КП от SPRO_Omsk] Обнаружена цель id:bf5116r координаты X:6601560 Y:3532848 тип:KR скорость:257
[35mБал.блок       268873b  14 Koord X: 9766040     Y: 4976844     Speed:8533     X: -6730    Y: 5247     Пропала[0m
[35mСамолет        d90d0es  16 Koord X: 7087112     Y: 6188908     Speed:105      X: 72       Y: -77      Пропала[0m
[RLS3_Dnepr] В 16:33:27:452 Обнаружена цель id:8a4a42b с координатами 7683005 3267127 тип:BB_BR скорость:9371
[RLS3_Dnepr] Цель id:8a4a42b движется в направлении СПРО
Самолет        5dd9a1s  14 Koord X: 9179000     Y: 4989000     Speed:87       X: -46      Y: 75       Ttl 116
Самолет        78d3c2s  16 Koord X: 8945000     Y: 3629000     Speed:237      X: -154     Y: 181      Ttl 158
[КП от RLS3_Dnepr] Обнаружена цель id:8a4a42b координаты X:7683005 Y:3267127 тип:BB_BR скорость:9371
[КП от RLS3_Dnepr] !!! цель движется в направлении СПРО id:8a4a42b !!!
[35mБал.блок       f2722cb  40 Koord X: 4784300     Y: 5080700     Speed:9005     X: 7161     Y: -5461    Пропала[0m
[35mСамолет        f3b9c6s  29 Koord X: 5658064     Y: 2947368     Speed:148      X: 4        Y: 148      Пропала[0m
[RLS1_Voronezh] В 16:33:47:005 Обнаружена цель id:eb0573r с координатами 1616502 3810199 тип:KR скорость:291
Самолет        c829fes  40 Koord X: 5851000     Y: 5503000     Speed:100      X: -94      Y: -36      Ttl  12
[КП от RLS1_Voronezh] Обнаружена цель id:eb0573r координаты X:1616502 Y:3810199 тип:KR скорость:291
Самолет        9a317ds  29 Koord X: 7048000     Y: 1196000     Speed:89       X: -71      Y: 55       Ttl 121
[35mБал.блок       535c45b  24 Koord X: 6953613     Y: 1819472     Speed:8370     X: 4893     Y: 6792     Пропала[0m
Бал.блок       8e685bb  24 Koord X: 6562000     Y: 4529000     Speed:8898     X: 4641     Y: 7592     Ttl 156
[RLS3_Dnepr] В 16:34:20:171 Обнаружена цель id:8634fer с координатами 9248105 1709240 тип:KR скорость:950
[КП от RLS3_Dnepr] Обнаружена цель id:8634fer координаты X:9248105 Y:1709240 тип:KR скорость:950
[RLS3_Dnepr] В 16:34:36:115 Обнаружена цель id:556164s с координатами 7245648 1316009 тип:SAM скорость:161
[КП от RLS3_Dnepr] Обнаружена цель id:556164s координаты X:7245648 Y:1316009 тип:SAM скорость:161
[SPRO_Omsk] В 16:34:44:541 Обнаружена цель id:bf5116r координаты 6598110 3534588 тип:KR скорость:257
[КП от SPRO_Omsk] Обнаружена цель id:bf5116r координаты X:6598110 Y:3534588 тип:KR скорость:257
[35mСамолет        c829fes  40 Koord X: 5849872     Y: 5502568     Speed:100      X: -94      Y: -36      Пропала[0m
[SPRO_Omsk] В 16:35:02:988 Обнаружена цель id:aee9cbs координаты 6390602 3057628 тип:SAM скорость:128
К.ракета       56a966r  40 Koord X: 5986000     Y: 5949000     Speed:295      X: -230     Y: -186     Ttl 119
[35mК.ракета       d3ff90r  48 Koord X: 5684960     Y: 4559486     Speed:720      X: 440      Y: -571     Пропала[0m
[КП от SPRO_Omsk] Обнаружена цель id:aee9cbs координаты X:6390602 Y:3057628 тип:SAM скорость:128
Самолет        aeed99s  48 Koord X: 10856000    Y: 7834000     Speed:235      X: -11      Y: -235     Ttl 135
[35mСамолет        aee9cbs  27 Koord X: 6389840     Y: 3057760     Speed:128      X: -127     Y: 22       Пропала[0m
Самолет        258852s  27 Koord X: 3371000     Y: 5796000     Speed:204      X: 5        Y: -204     Ttl  62
[35mБал.блок       32b1e1b  28 Koord X: 8669660     Y: 7195935     Speed:9550     X: -2604    Y: -9189    Пропала[0m
[SPRO_Omsk] В 16:35:25:739 Обнаружена цель id:8bd0abs координаты 5479284 2569894 тип:SAM скорость:105
[КП от SPRO_Omsk] Обнаружена цель id:8bd0abs координаты X:5479284 Y:2569894 тип:SAM скорость:105
Бал.блок       0e0486b  28 Koord X: 4063000     Y: 3285000     Speed:8028     X: 1239     Y: 7932     Ttl 148
[35mК.ракета       a06200r  35 Koord X: 11452944    Y: 4782432     Speed:287      X: -102     Y: 269      Пропала[0m
[35mБал.блок       8a4a42b  43 Koord X: 7489380     Y: 3399052     Speed:9371     X: -7745    Y: 5277     Пропала[0m
[RLS3_Dnepr] В 16:35:30:640 Обнаружена цель id:8a4a42b с координатами 7512615 3383221 тип:BB_BR скорость:9371
[RLS3_Dnepr] Цель id:8a4a42b движется в направлении СПРО
К.ракета       fe46e6r  35 Koord X: 2011000     Y: 4022000     Speed:448      X: 408      Y: 187      Ttl 126
Самолет        49e217s  43 Koord X: 9708000     Y: 5224000     Speed:242      X: -128     Y: 206      Ttl 181
[КП от RLS3_Dnepr] Обнаружена цель id:8a4a42b координаты X:7512615 Y:3383221 тип:BB_BR скорость:9371
[КП от RLS3_Dnepr] !!! цель движется в направлении СПРО id:8a4a42b !!!
[RLS1_Voronezh] В 16:35:49:906 Обнаружена цель id:eb0573r с координатами 1622062 3808419 тип:KR скорость:291
[КП от RLS1_Voronezh] Обнаружена цель id:eb0573r координаты X:1622062 Y:3808419 тип:KR скорость:291
[35mБал.блок       7ba9b3b  13 Koord X: 3654785     Y: 3787060     Speed:9764     X: 889      Y: 9724     Пропала[0m
[35mБал.блок       2b7b65b  30 Koord X: 11492438    Y: 2932762     Speed:8845     X: -467     Y: -8833    Пропала[0m
К.ракета       e10fd3r  13 Koord X: 4099000     Y: 4388000     Speed:566      X: 502      Y: 263      Ttl 177
Самолет        2f5606s  30 Koord X: 4173000     Y: 3675000     Speed:116      X: 92       Y: 72       Ttl 181
[RLS2_Daryal] В 16:36:07:271 Обнаружена цель id:32b1e1b с координатами 8669660 7195935 тип:BB_BR скорость:9550
[RLS2_Daryal] Цель id:32b1e1b движется в направлении СПРО
[КП от RLS2_Daryal] Обнаружена цель id:32b1e1b координаты X:8669660 Y:7195935 тип:BB_BR скорость:9550
[КП от RLS2_Daryal] !!! цель движется в направлении СПРО id:32b1e1b !!!
[35mК.ракета       bf5116r  12 Koord X: 6593970     Y: 3536676     Speed:257      X: -230     Y: 116      Пропала[0m
Самолет        700a48s  12 Koord X: 5931000     Y: 5715000     Speed:128      X: 35       Y: -124     Ttl 152
[SPRO_Omsk] В 16:36:20:129 Обнаружена цель id:8e685bb координаты 6650179 4673248 тип:BB_BR скорость:8898
[SPRO_Omsk] Стрельба по цели id:8e685bb тип:BB_BR. Осталось противоракет: 6
[КП от SPRO_Omsk] Обнаружена цель id:8e685bb координаты X:6650179 Y:4673248 тип:BB_BR скорость:8898
[КП от SPRO_Omsk] Стрельба по цели id:8e685bb тип:BB_BR AMMO:6
[32mБал.блок       8e685bb  24 Koord X: 6668743     Y: 4703616     Speed:8898     X: 4641     Y: 7592     		Уничтожена SPRO_Omsk[0m
Самолет        72dab7s  24 Koord X: 9001000     Y: 5328000     Speed:156      X: -43      Y: 150      Ttl 123
[35mК.ракета       f348c3r  20 Koord X: 10496020    Y: 3354611     Speed:493      X: -140     Y: 473      Пропала[0m
К.ракета       a9c504r  20 Koord X: 2537000     Y: 5343000     Speed:822      X: 684      Y: 457      Ttl 206
[SPRO_Omsk] Цель id:8e685bb УНИЧТОЖЕНА
[КП от SPRO_Omsk] >>> Цель id:8e685bb УНИЧТОЖЕНА (BB_BR) <<<
[ZRDN1_Orenburg] В 16:37:09:689 Обнаружена цель id:0e0486b координаты 4079107 3388116 тип:BB_BR скорость:8028
[35mК.ракета       cf8181r  22 Koord X: 6382355     Y: 5305765     Speed:650      X: -101     Y: -643     Пропала[0m
[КП от ZRDN1_Orenburg] Обнаружена цель id:0e0486b координаты X:4079107 Y:3388116 тип:BB_BR скорость:8028
[35mК.ракета       3c21car   5 Koord X: 10249601    Y: 5429103     Speed:655      X: -177     Y: -631     Пропала[0m
Бал.блок       421482b  22 Koord X: 4423000     Y: 5240000     Speed:8096     X: 6441     Y: -4906    Ttl 182
[SPRO_Omsk] В 16:37:16:748 Обнаружена цель id:b62967s координаты 6195105 3664760 тип:SAM скорость:97
[КП от SPRO_Omsk] Обнаружена цель id:b62967s координаты X:6195105 Y:3664760 тип:SAM скорость:97
Самолет        1ba869s   5 Koord X: 7863000     Y: 5013000     Speed:198      X: -182     Y: 80       Ttl 192
[RLS1_Voronezh] В 16:37:26:169 Обнаружена цель id:eb0573r с координатами 1626232 3807084 тип:KR скорость:291
[КП от RLS1_Voronezh] Обнаружена цель id:eb0573r координаты X:1626232 Y:3807084 тип:KR скорость:291
[ZRDN1_Orenburg] В 16:37:28:216 Обнаружена цель id:2f5606s координаты 4173920 3675720 тип:SAM скорость:116
[ZRDN1_Orenburg] Стрельба по цели id:2f5606s тип:SAM. Осталось ракет: 12
[35mСамолет        b745aes   3 Koord X: 6019717     Y: 5214457     Speed:177      X: -49      Y: 171      Пропала[0m
[35mСамолет        c06a0es  11 Koord X: 9096970     Y: 3254170     Speed:147      X: -130     Y: 70       Пропала[0m
[SPRO_Omsk] В 16:37:32:760 Обнаружена цель id:0e0486b координаты 4085302 3427776 тип:BB_BR скорость:8028
[SPRO_Omsk] Стрельба по цели id:0e0486b тип:BB_BR. Осталось противоракет: 5
[32mБал.блок       0e0486b  28 Koord X: 4087780     Y: 3443640     Speed:8028     X: 1239     Y: 7932     		Уничтожена SPRO_Omsk[0m
[32mСамолет        2f5606s  30 Koord X: 4174288     Y: 3676008     Speed:116      X: 92       Y: 72       		Уничтожена ZRDN1_Orenburg[0m
[RLS3_Dnepr] В 16:37:35:450 Обнаружена цель id:8634fer с координатами 9235004 1737752 тип:KR скорость:950
[RLS2_Daryal] В 16:37:37:420 Обнаружена цель id:aeed99s с координатами 10855769 7829065 тип:SAM скорость:235
Бал.блок       dedc20b   3 Koord X: 9397000     Y: 2423000     Speed:8586     X: -1832    Y: 8389     Ttl 227
Бал.блок       20f39cb  11 Koord X: 6903000     Y: 6863000     Speed:8236     X: -5394    Y: -6225    Ttl  30
[КП от RLS2_Daryal] Обнаружена цель id:aeed99s координаты X:10855769 Y:7829065 тип:SAM скорость:235
[КП от RLS3_Dnepr] Обнаружена цель id:8634fer координаты X:9235004 Y:1737752 тип:KR скорость:950
[КП от SPRO_Omsk] Обнаружена цель id:0e0486b координаты X:4085302 Y:3427776 тип:BB_BR скорость:8028
Самолет        924805s  28 Koord X: 7229000     Y: 4256000     Speed:89       X: -5       Y: -89      Ttl 192
[КП от SPRO_Omsk] Стрельба по цели id:0e0486b тип:BB_BR AMMO:5
Самолет        4da9ffs  30 Koord X: 2405000     Y: 4129000     Speed:160      X: 45       Y: 154      Ttl 162
[КП от ZRDN1_Orenburg] Обнаружена цель id:2f5606s координаты X:4173920 Y:3675720 тип:SAM скорость:116
[КП от ZRDN1_Orenburg] Стрельба по цели id:2f5606s тип:SAM AMMO:12
[SPRO_Omsk] В 16:37:51:336 Обнаружена цель id:6c25eds координаты 5251773 4640383 тип:SAM скорость:213
[КП от SPRO_Omsk] Обнаружена цель id:6c25eds координаты X:5251773 Y:4640383 тип:SAM скорость:213
[RLS3_Dnepr] В 16:37:54:461 Обнаружена цель id:556164s с координатами 7249872 1319276 тип:SAM скорость:161
[КП от RLS3_Dnepr] Обнаружена цель id:556164s координаты X:7249872 Y:1319276 тип:SAM скорость:161
[35mК.ракета       21e732r  44 Koord X: 6327552     Y: 4654306     Speed:872      X: -544     Y: -682     Пропала[0m
Самолет        1897a6s  44 Koord X: 4892000     Y: 3802000     Speed:65       X: 63       Y: -16      Ttl  93
[ZRDN1_Orenburg] Цель id:2f5606s УНИЧТОЖЕНА
[КП от ZRDN1_Orenburg] >>> Цель id:2f5606s УНИЧТОЖЕНА (SAM) <<<
[35mБал.блок       022e49b   7 Koord X: 3552760     Y: 6072880     Speed:8080     X: -7301    Y: -3463    Пропала[0m
[SPRO_Omsk] В 16:38:14:128 Обнаружена цель id:2f5606s координаты 4174288 3676008 тип:SAM скорость:116
[КП от SPRO_Omsk] Обнаружена цель id:2f5606s координаты X:4174288 Y:3676008 тип:SAM скорость:116
[ZRDN2_Volgograd] В 16:38:16:331 Обнаружена цель id:6d05b4b координаты 3423325 3326495 тип:BB_BR скорость:8862
[КП от ZRDN2_Volgograd] Обнаружена цель id:6d05b4b координаты X:3423325 Y:3326495 тип:BB_BR скорость:8862
[SPRO_Omsk] Цель id:0e0486b УНИЧТОЖЕНА
[RLS3_Dnepr] В 16:38:17:468 Обнаружена цель id:9a317ds с координатами 7045231 1198145 тип:SAM скорость:89
[КП от RLS3_Dnepr] Обнаружена цель id:9a317ds координаты X:7045231 Y:1198145 тип:SAM скорость:89
[КП от SPRO_Omsk] >>> Цель id:0e0486b УНИЧТОЖЕНА (BB_BR) <<<
Бал.блок       b752c2b   7 Koord X: 3069000     Y: 1054000     Speed:8967     X: 4706     Y: 7634     Ttl  29
[35mК.ракета       8634fer  18 Koord X: 9231034     Y: 1746392     Speed:950      X: -397     Y: 864      Пропала[0m
Бал.блок       66b29eb  18 Koord X: 8520000     Y: 4905000     Speed:9600     X: -8702    Y: 4056     Ttl  24
[SPRO_Omsk] В 16:38:33:938 Обнаружена цель id:81bd61b координаты 5490240 3724240 тип:BB_BR скорость:9997
[35mСамолет        6c25eds  33 Koord X: 5250743     Y: 4642253     Speed:213      X: -103     Y: 187      Пропала[0m
[SPRO_Omsk] Стрельба по цели id:81bd61b тип:BB_BR. Осталось противоракет: 4
[32mБал.блок       81bd61b  38 Koord X: 5490474     Y: 3694249     Speed:9997     X: 78       Y: -9997    		Уничтожена SPRO_Omsk[0m
[35mБал.блок       774043b   9 Koord X: 9781488     Y: 4331136     Speed:9593     X: -848     Y: -9556    Пропала[0m
[КП] !!! SPRO_Omsk НЕ ОТВЕЧАЕТ! Связь потеряна !!!
[35mБал.блок       43dc81b  17 Koord X: 3067704     Y: 4589624     Speed:9896     X: 5788     Y: 8028     Пропала[0m
[КП от SPRO_Omsk] Обнаружена цель id:81bd61b координаты X:5490240 Y:3724240 тип:BB_BR скорость:9997
Бал.блок       64f629b  33 Koord X: 10221000    Y: 4595000     Speed:8253     X: -2665    Y: -7811    Ttl 208
[КП от SPRO_Omsk] Стрельба по цели id:81bd61b тип:BB_BR AMMO:4
К.ракета       501d45r  38 Koord X: 6421000     Y: 4759000     Speed:491      X: 102      Y: 481      Ttl 195
К.ракета       099a64r   9 Koord X: 8040000     Y: 3649000     Speed:678      X: -482     Y: -478     Ttl  55
К.ракета       04046cr  17 Koord X: 1461000     Y: 5825000     Speed:766      X: 461      Y: -612     Ttl 133
[SPRO_Omsk] В 16:38:49:121 Обнаружена цель id:8bd0abs координаты 5480754 2573289 тип:SAM скорость:105
[КП от SPRO_Omsk] Обнаружена цель id:8bd0abs координаты X:5480754 Y:2573289 тип:SAM скорость:105
[35mСамолет        acda82s  10 Koord X: 9553951     Y: 6714352     Speed:182      X: -101     Y: -152     Пропала[0m
[КП] SPRO_Omsk работоспособность восстановлена
Самолет        473e3cs  10 Koord X: 2541000     Y: 5684000     Speed:210      X: 193      Y: -85      Ttl 205
[SPRO_Omsk] Цель id:81bd61b УНИЧТОЖЕНА
[КП от SPRO_Omsk] >>> Цель id:81bd61b УНИЧТОЖЕНА (BB_BR) <<<
[RLS1_Voronezh] В 16:39:34:301 Обнаружена цель id:b752c2b с координатами 3106648 1115072 тип:BB_BR скорость:8967
[RLS1_Voronezh] Цель id:b752c2b движется в направлении СПРО
[КП от RLS1_Voronezh] Обнаружена цель id:b752c2b координаты X:3106648 Y:1115072 тип:BB_BR скорость:8967
[КП от RLS1_Voronezh] !!! цель движется в направлении СПРО id:b752c2b !!!
[SPRO_Omsk] В 16:39:42:571 Обнаружена цель id:bb352ab координаты 4250384 4563864 тип:BB_BR скорость:8708
[RLS2_Daryal] В 16:39:42:679 Обнаружена цель id:aeed99s с координатами 10855549 7824365 тип:SAM скорость:235
[SPRO_Omsk] Стрельба по цели id:bb352ab тип:BB_BR. Осталось противоракет: 3
[КП от RLS2_Daryal] Обнаружена цель id:aeed99s координаты X:10855549 Y:7824365 тип:SAM скорость:235
[КП от SPRO_Omsk] Обнаружена цель id:bb352ab координаты X:4250384 Y:4563864 тип:BB_BR скорость:8708
[КП от SPRO_Omsk] Стрельба по цели id:bb352ab тип:BB_BR AMMO:3
[31mБал.блок       bb352ab   1 Koord X: 4238672     Y: 4540512     Speed:8708     X: -3904    Y: -7784    		Промах SPRO_Omsk[0m
[35mБал.блок       baef75b  36 Koord X: 9515894     Y: 6485170     Speed:8588     X: -8278    Y: -2290    Пропала[0m
[35mБал.блок       21de6ab  32 Koord X: 6973406     Y: 5850594     Speed:8276     X: -5331    Y: 6331     Пропала[0m
К.ракета       23887fr  36 Koord X: 5037000     Y: 2833000     Speed:996      X: 406      Y: 910      Ttl 167
Самолет        0233d5s  32 Koord X: 4495000     Y: 5522000     Speed:114      X: 49       Y: -104     Ttl  47
[35mК.ракета       5ee154r  41 Koord X: 7529939     Y: 5193623     Speed:681      X: 597      Y: 329      Пропала[0m
[SPRO_Omsk] ПРОМАХ по цели id:bb352ab
[КП от SPRO_Omsk] ПРОМАХ по цели id:bb352ab (BB_BR)
К.ракета       06cf33r  41 Koord X: 3736000     Y: 4446000     Speed:965      X: 953      Y: -157     Ttl 178
[35mБал.блок       bb352ab   1 Koord X: 4203536     Y: 4470456     Speed:8708     X: -3904    Y: -7784    Пропала[0m
[SPRO_Omsk] В 16:40:40:997 Обнаружена цель id:b62967s координаты 6195666 3661592 тип:SAM скорость:97
[КП от SPRO_Omsk] Обнаружена цель id:b62967s координаты X:6195666 Y:3661592 тип:SAM скорость:97
Самолет        56d6dfs   1 Koord X: 6542000     Y: 6682000     Speed:59       X: -9       Y: -59      Ttl  98
[35mБал.блок       20f39cb  11 Koord X: 6741180     Y: 6676250     Speed:8236     X: -5394    Y: -6225    Пропала[0m
К.ракета       de506dr  11 Koord X: 10214000    Y: 4225000     Speed:615      X: -234     Y: 569      Ttl 190
[35mБал.блок       66b29eb  18 Koord X: 8311152     Y: 5002344     Speed:9600     X: -8702    Y: 4056     Пропала[0m
[SPRO_Omsk] В 16:40:55:295 Обнаружена цель id:1897a6s координаты 4893575 3801600 тип:SAM скорость:65
[КП от SPRO_Omsk] Обнаружена цель id:1897a6s координаты X:4893575 Y:3801600 тип:SAM скорость:65
Бал.блок       9247f7b  18 Koord X: 10018000    Y: 5066000     Speed:9002     X: -7511    Y: -4963    Ttl 274
[ZRDN1_Orenburg] В 16:41:12:872 Обнаружена цель id:06a04fb координаты 4545700 2863200 тип:BB_BR скорость:9447
[SPRO_Omsk] В 16:41:13:164 Обнаружена цель id:501d45r координаты 6423142 4769101 тип:KR скорость:491
[КП от SPRO_Omsk] Обнаружена цель id:501d45r координаты X:6423142 Y:4769101 тип:KR скорость:491
[КП от ZRDN1_Orenburg] Обнаружена цель id:06a04fb координаты X:4545700 Y:2863200 тип:BB_BR скорость:9447
[35mБал.блок       b752c2b   7 Koord X: 3205474     Y: 1275386     Speed:8967     X: 4706     Y: 7634     Пропала[0m
Бал.блок       71ddf5b   7 Koord X: 7431000     Y: 4402000     Speed:8988     X: 8576     Y: 2693     Ttl  47
[35mК.ракета       eb0573r  47 Koord X: 1638186     Y: 3803257     Speed:291      X: 278      Y: -89      Пропала[0m
[RLS3_Dnepr] В 16:41:30:594 Обнаружена цель id:556164s с координатами 7254224 1322642 тип:SAM скорость:161
К.ракета       1bccaer  47 Koord X: 3961000     Y: 1502000     Speed:493      X: 191      Y: 455      Ttl 125
[SPRO_Omsk] В 16:41:35:044 Обнаружена цель id:8bd0abs координаты 5481804 2575714 тип:SAM скорость:105
[КП от RLS3_Dnepr] Обнаружена цель id:556164s координаты X:7254224 Y:1322642 тип:SAM скорость:161
[КП от SPRO_Omsk] Обнаружена цель id:8bd0abs координаты X:5481804 Y:2575714 тип:SAM скорость:105
[35mСамолет        0c4b97s   4 Koord X: 7142981     Y: 5416439     Speed:143      X: 111      Y: -91      Пропала[0m
[35mСамолет        258852s  27 Koord X: 3371310     Y: 5783352     Speed:204      X: 5        Y: -204     Пропала[0m
[RLS2_Daryal] В 16:41:45:756 Обнаружена цель id:aeed99s с координатами 10855329 7819665 тип:SAM скорость:235
[RLS3_Dnepr] В 16:41:46:091 Обнаружена цель id:9a317ds с координатами 7042746 1200070 тип:SAM скорость:89
Самолет        7cc4d3s   4 Koord X: 6284000     Y: 3615000     Speed:62       X: 59       Y: 22       Ttl 184
[КП от RLS2_Daryal] Обнаружена цель id:aeed99s координаты X:10855329 Y:7819665 тип:SAM скорость:235
[КП от RLS3_Dnepr] Обнаружена цель id:9a317ds координаты X:7042746 Y:1200070 тип:SAM скорость:89
К.ракета       36c1e3r  27 Koord X: 5973000     Y: 4526000     Speed:924      X: 437      Y: 815      Ttl 120
[RLS1_Voronezh] В 16:42:07:506 Обнаружена цель id:b752c2b с координатами 3205474 1275386 тип:BB_BR скорость:8967
[RLS1_Voronezh] Цель id:b752c2b движется в направлении СПРО
[35mСамолет        84ba1fs  37 Koord X: 4139435     Y: 6297071     Speed:182      X: 65       Y: -171     Пропала[0m
[КП от RLS1_Voronezh] Обнаружена цель id:b752c2b координаты X:3205474 Y:1275386 тип:BB_BR скорость:8967
[КП от RLS1_Voronezh] !!! цель движется в направлении СПРО id:b752c2b !!!
Бал.блок       fb13adb  37 Koord X: 10330000    Y: 4529000     Speed:8258     X: -6846    Y: -4619    Ttl 292
[35mСамолет        b62967s  34 Koord X: 6196006     Y: 3659672     Speed:97       X: 17       Y: -96      Пропала[0m
К.ракета       4dfb81r  34 Koord X: 9432000     Y: 6355000     Speed:382      X: -52      Y: -379     Ttl 193
[SPRO_Omsk] В 16:42:30:732 Обнаружена цель id:06a04fb координаты 4582228 2970528 тип:BB_BR скорость:9447
[SPRO_Omsk] Стрельба по цели id:06a04fb тип:BB_BR. Осталось противоракет: 2
[32mБал.блок       06a04fb  21 Koord X: 4594404     Y: 3006304     Speed:9447     X: 3044     Y: 8944     		Уничтожена SPRO_Omsk[0m
[КП от SPRO_Omsk] Обнаружена цель id:06a04fb координаты X:4582228 Y:2970528 тип:BB_BR скорость:9447
[КП от SPRO_Omsk] Стрельба по цели id:06a04fb тип:BB_BR AMMO:2
Бал.блок       0bd9dab  21 Koord X: 2228000     Y: 3335000     Speed:9259     X: 7248     Y: 5763     Ttl 264
[SPRO_Omsk] В 16:42:48:508 Обнаружена цель id:421482b координаты 4751491 4989794 тип:BB_BR скорость:8096
[SPRO_Omsk] Стрельба по цели id:421482b тип:BB_BR. Осталось противоракет: 1
[32mБал.блок       421482b  22 Koord X: 4764373     Y: 4979982     Speed:8096     X: 6441     Y: -4906    		Уничтожена SPRO_Omsk[0m
[КП от SPRO_Omsk] Обнаружена цель id:421482b координаты X:4751491 Y:4989794 тип:BB_BR скорость:8096
[КП от SPRO_Omsk] Стрельба по цели id:421482b тип:BB_BR AMMO:1
[ZRDN3_Mahachkala] В 16:42:52:988 Обнаружена цель id:6d05b4b координаты 3482435 2923121 тип:BB_BR скорость:8862
[КП от ZRDN3_Mahachkala] Обнаружена цель id:6d05b4b координаты X:3482435 Y:2923121 тип:BB_BR скорость:8862
К.ракета       b3b99ar  22 Koord X: 4853000     Y: 3877000     Speed:722      X: 81       Y: -718     Ttl  82
[RLS1_Voronezh] В 16:43:03:152 Обнаружена цель id:1bccaer с координатами 3963101 1507005 тип:KR скорость:493
[КП от RLS1_Voronezh] Обнаружена цель id:1bccaer координаты X:3963101 Y:1507005 тип:KR скорость:493
[SPRO_Omsk] Цель id:06a04fb УНИЧТОЖЕНА
[КП от SPRO_Omsk] >>> Цель id:06a04fb УНИЧТОЖЕНА (BB_BR) <<<
[RLS3_Dnepr] В 16:43:20:801 Обнаружена цель id:556164s с координатами 7256528 1324424 тип:SAM скорость:161
[КП от RLS3_Dnepr] Обнаружена цель id:556164s координаты X:7256528 Y:1324424 тип:SAM скорость:161
[ZRDN1_Orenburg] В 16:43:22:318 Обнаружена цель id:06a04fb координаты 4594404 3006304 тип:BB_BR скорость:9447
[КП от ZRDN1_Orenburg] Обнаружена цель id:06a04fb координаты X:4594404 Y:3006304 тип:BB_BR скорость:9447
[SPRO_Omsk] Цель id:421482b УНИЧТОЖЕНА
[КП от SPRO_Omsk] >>> Цель id:421482b УНИЧТОЖЕНА (BB_BR) <<<
[35mСамолет        556164s  19 Koord X: 7257552     Y: 1325216     Speed:161      X: 128      Y: 99       Пропала[0m
[SPRO_Omsk] В 16:43:47:477 Обнаружена цель id:36c1e3r координаты 5979992 4539040 тип:KR скорость:924
[КП от SPRO_Omsk] Обнаружена цель id:36c1e3r координаты X:5979992 Y:4539040 тип:KR скорость:924
Самолет        3d6401s  19 Koord X: 3963000     Y: 7475000     Speed:127      X: 66       Y: -109     Ttl 110
[SPRO_Omsk] В 16:44:02:732 Обнаружена цель id:e10fd3r координаты 4136650 4407725 тип:KR скорость:566
[КП от SPRO_Omsk] Обнаружена цель id:e10fd3r координаты X:4136650 Y:4407725 тип:KR скорость:566
[35mСамолет        231110s  42 Koord X: 1758254     Y: 4654192     Speed:96       X: 2        Y: 96       Пропала[0m
Бал.блок       ec57a8b  42 Koord X: 11330000    Y: 7684000     Speed:9219     X: -8       Y: -9219    Ttl 167
[35mК.ракета       099a64r   9 Koord X: 8013490     Y: 3622710     Speed:678      X: -482     Y: -478     Пропала[0m
[SPRO_Omsk] В 16:44:20:963 Обнаружена цель id:8bd0abs координаты 5482980 2578430 тип:SAM скорость:105
[КП от SPRO_Omsk] Обнаружена цель id:8bd0abs координаты X:5482980 Y:2578430 тип:SAM скорость:105
Самолет        b2d0bbs   9 Koord X: 7669000     Y: 4505000     Speed:160      X: -30      Y: 158      Ttl  84
[ZRDN2_Volgograd] В 16:44:27:684 Обнаружена цель id:6d05b4b координаты 3501710 2791586 тип:BB_BR скорость:8862
[35mСамолет        aa1403s  50 Koord X: 6870498     Y: 3131874     Speed:140      X: 26       Y: 138      Пропала[0m
[35mК.ракета       db105cr  46 Koord X: 5790296     Y: 7177208     Speed:373      X: 276      Y: -252     Пропала[0m
Самолет        59454bs  50 Koord X: 7630000     Y: 6923000     Speed:94       X: 53       Y: -78      Ttl  85
[КП от ZRDN2_Volgograd] Обнаружена цель id:6d05b4b координаты X:3501710 Y:2791586 тип:BB_BR скорость:8862
Бал.блок       aceff3b  46 Koord X: 5756000     Y: 976000      Speed:9860     X: -2976    Y: 9401     Ttl  19
[RLS3_Dnepr] В 16:44:43:931 Обнаружена цель id:9a317ds с координатами 7040687 1201665 тип:SAM скорость:89
[КП от RLS3_Dnepr] Обнаружена цель id:9a317ds координаты X:7040687 Y:1201665 тип:SAM скорость:89
[35mБал.блок       6d05b4b   2 Koord X: 3510705     Y: 2730203     Speed:8862     X: 1285     Y: -8769    Пропала[0m
Бал.блок       800ea1b   2 Koord X: 5655000     Y: 3688000     Speed:8920     X: -5309    Y: -7169    Ttl  72
[35mСамолет        0233d5s  32 Koord X: 4497303     Y: 5517112     Speed:114      X: 49       Y: -104     Пропала[0m
Бал.блок       0c7e70b  32 Koord X: 4413000     Y: 4107000     Speed:8416     X: 2601     Y: 8005     Ttl 160
[SPRO_Omsk] В 16:45:11:543 Обнаружена цель id:b3b99ar координаты 4854539 3863358 тип:KR скорость:722
[КП от SPRO_Omsk] Обнаружена цель id:b3b99ar координаты X:4854539 Y:3863358 тип:KR скорость:722
[35mСамолет        5dd9a1s  14 Koord X: 9173664     Y: 4997700     Speed:87       X: -46      Y: 75       Пропала[0m
Самолет        2b78f4s  14 Koord X: 7661000     Y: 4617000     Speed:216      X: -5       Y: -216     Ttl  82
[35mСамолет        44af2fs  45 Koord X: 3378325     Y: 5708300     Speed:73       X: 59       Y: -44      Пропала[0m
Самолет        b17f8bs  45 Koord X: 8245000     Y: 7568000     Speed:94       X: -29      Y: -90      Ttl  86
[35mСамолет        8bd0abs  26 Koord X: 5483736     Y: 2580176     Speed:105      X: 42       Y: 97       Пропала[0m
К.ракета       afe8dcr  26 Koord X: 6345000     Y: 8001000     Speed:464      X: -112     Y: -451     Ttl 145
[RLS1_Voronezh] В 16:45:57:299 Обнаружена цель id:1bccaer с координатами 3968831 1520655 тип:KR скорость:493
[КП от RLS1_Voronezh] Обнаружена цель id:1bccaer координаты X:3968831 Y:1520655 тип:KR скорость:493
[SPRO_Omsk] В 16:46:03:104 Обнаружена цель id:341aacb координаты 6673352 4502968 тип:BB_BR скорость:9296
[SPRO_Omsk] Стрельба по цели id:341aacb тип:BB_BR. Осталось противоракет: 0
[SPRO_Omsk] Боекомплект исчерпан! Переход в режим обнаружения
[32mБал.блок       341aacb   6 Koord X: 6654956     Y: 4482004     Speed:9296     X: -6132    Y: -6988    		Уничтожена SPRO_Omsk[0m
[35mБал.блок       71ddf5b   7 Koord X: 7834072     Y: 4528571     Speed:8988     X: 8576     Y: 2693     Пропала[0m
[35mСамолет        9a317ds  29 Koord X: 7039409     Y: 1202655     Speed:89       X: -71      Y: 55       Пропала[0m
[КП от SPRO_Omsk] Обнаружена цель id:341aacb координаты X:6673352 Y:4502968 тип:BB_BR скорость:9296
[КП от SPRO_Omsk] Стрельба по цели id:341aacb тип:BB_BR AMMO:0
[КП] !!! SPRO_Omsk: боекомплект исчерпан! !!!
Бал.блок       d51d9fb   6 Koord X: 7367000     Y: 3967000     Speed:8599     X: -5371    Y: -6716    Ttl 303
К.ракета       9b2344r   7 Koord X: 6492000     Y: 7592000     Speed:862      X: 262      Y: -822     Ttl 203
[RLS2_Daryal] В 16:46:13:272 Обнаружена цель id:ec57a8b с координатами 11329872 7536496 тип:BB_BR скорость:9219
[RLS2_Daryal] Цель id:ec57a8b движется в направлении СПРО
[КП от RLS2_Daryal] Обнаружена цель id:ec57a8b координаты X:11329872 Y:7536496 тип:BB_BR скорость:9219
[КП от RLS2_Daryal] !!! цель движется в направлении СПРО id:ec57a8b !!!
К.ракета       02f01dr  29 Koord X: 7470000     Y: 7787000     Speed:736      X: 720      Y: -157     Ttl 195
[SPRO_Omsk] В 16:46:27:339 Обнаружена цель id:7cc4d3s координаты 6286478 3615924 тип:SAM скорость:62
[35mБал.блок       aceff3b  46 Koord X: 5699456     Y: 1154619     Speed:9860     X: -2976    Y: 9401     Пропала[0m
[КП от SPRO_Omsk] Обнаружена цель id:7cc4d3s координаты X:6286478 Y:3615924 тип:SAM скорость:62
К.ракета       98250er  46 Koord X: 6281000     Y: 2241000     Speed:336      X: -217     Y: 257      Ttl  54
[SPRO_Omsk] В 16:46:46:027 Обнаружена цель id:800ea1b координаты 5575365 3580465 тип:BB_BR скорость:8920
[КП от SPRO_Omsk] Обнаружена цель id:800ea1b координаты X:5575365 Y:3580465 тип:BB_BR скорость:8920
[SPRO_Omsk] Цель id:341aacb УНИЧТОЖЕНА
[КП от SPRO_Omsk] >>> Цель id:341aacb УНИЧТОЖЕНА (BB_BR) <<<
[RLS3_Dnepr] В 16:46:50:386 Обнаружена цель id:aceff3b с координатами 5702432 1145218 тип:BB_BR скорость:9860
[RLS3_Dnepr] Цель id:aceff3b движется в направлении СПРО
[КП от RLS3_Dnepr] Обнаружена цель id:aceff3b координаты X:5702432 Y:1145218 тип:BB_BR скорость:9860
[КП от RLS3_Dnepr] !!! цель движется в направлении СПРО id:aceff3b !!!
[35mК.ракета       56a966r  40 Koord X: 5958630     Y: 5926866     Speed:295      X: -230     Y: -186     Пропала[0m
Самолет        d8cb28s  40 Koord X: 3851000     Y: 4564000     Speed:154      X: 128      Y: -87      Ttl 133
[35mСамолет        1897a6s  44 Koord X: 4897859     Y: 3800512     Speed:65       X: 63       Y: -16      Пропала[0m
[35mСамолет        a1c1bbs  31 Koord X: 10339567    Y: 6848550     Speed:153      X: -31      Y: -150     Пропала[0m
К.ракета       dc4bb1r  44 Koord X: 11226000    Y: 5153000     Speed:617      X: -263     Y: -559     Ttl  78
[SPRO_Omsk] В 16:47:39:624 Обнаружена цель id:e10fd3r координаты 4154220 4416930 тип:KR скорость:566
[КП от SPRO_Omsk] Обнаружена цель id:e10fd3r координаты X:4154220 Y:4416930 тип:KR скорость:566
К.ракета       974fbdr  31 Koord X: 5583000     Y: 3548000     Speed:950      X: -247     Y: 918      Ttl 122
[RLS2_Daryal] В 16:47:42:350 Обнаружена цель id:ec57a8b с координатами 11329760 7407430 тип:BB_BR скорость:9219
[RLS2_Daryal] Цель id:ec57a8b движется в направлении СПРО
[КП от RLS2_Daryal] Обнаружена цель id:ec57a8b координаты X:11329760 Y:7407430 тип:BB_BR скорость:9219
[КП от RLS2_Daryal] !!! цель движется в направлении СПРО id:ec57a8b !!!
[SPRO_Omsk] В 16:47:54:270 Обнаружена цель id:b3b99ar координаты 4856726 3843972 тип:KR скорость:722
[КП от SPRO_Omsk] Обнаружена цель id:b3b99ar координаты X:4856726 Y:3843972 тип:KR скорость:722
[RLS2_Daryal] В 16:47:57:515 Обнаружена цель id:b17f8bs с координатами 8244362 7566020 тип:SAM скорость:94
[RLS1_Voronezh] В 16:48:02:410 Обнаружена цель id:1bccaer с координатами 3972651 1529755 тип:KR скорость:493
[КП от RLS1_Voronezh] Обнаружена цель id:1bccaer координаты X:3972651 Y:1529755 тип:KR скорость:493
[КП от RLS2_Daryal] Обнаружена цель id:b17f8bs координаты X:8244362 Y:7566020 тип:SAM скорость:94
[RLS3_Dnepr] В 16:48:14:471 Обнаружена цель id:98250er с координатами 6278396 2244084 тип:KR скорость:336
[КП от RLS3_Dnepr] Обнаружена цель id:98250er координаты X:6278396 Y:2244084 тип:KR скорость:336
[RLS2_Daryal] В 16:48:16:384 Обнаружена цель id:aeed99s с координатами 10854625 7804625 тип:SAM скорость:235
[КП от RLS2_Daryal] Обнаружена цель id:aeed99s координаты X:10854625 Y:7804625 тип:SAM скорость:235
[35mК.ракета       fe46e6r  35 Koord X: 2062408     Y: 4045562     Speed:448      X: 408      Y: 187      Пропала[0m
Самолет        40d79fs  35 Koord X: 1441000     Y: 2819000     Speed:71       X: 2        Y: 71       Ttl 114
[35mК.ракета       05881dr   8 Koord X: 6831767     Y: 7883878     Speed:849      X: 81       Y: -846     Пропала[0m
[SPRO_Omsk] Автопополнение боекомплекта: 10
Бал.блок       246e8db   8 Koord X: 10212000    Y: 5946000     Speed:8261     X: -2872    Y: -7746    Ttl 179
[КП] SPRO_Omsk: боекомплект пополнен AMMO:10
[35mСамолет        aeed99s  48 Koord X: 10854515    Y: 7802275     Speed:235      X: -11      Y: -235     Пропала[0m
Самолет        9c8cb8s  48 Koord X: 8594000     Y: 3631000     Speed:244      X: -62      Y: -237     Ttl 117
[35mСамолет        72dab7s  24 Koord X: 8995711     Y: 5346450     Speed:156      X: -43      Y: 150      Пропала[0m
Самолет        e076des  24 Koord X: 1974000     Y: 6145000     Speed:99       X: 66       Y: -75      Ttl  41
[35mСамолет        51970es  25 Koord X: 9430768     Y: 3237576     Speed:50       X: -38      Y: 34       Пропала[0m
[35mБал.блок       ec2bc9b  49 Koord X: 9356580     Y: 5178020     Speed:9121     X: -970     Y: 9070     Пропала[0m
К.ракета       9ce7cbr  25 Koord X: 8235000     Y: 2478000     Speed:999      X: -805     Y: 593      Ttl  20
Бал.блок       d39e72b  49 Koord X: 4053000     Y: 2308000     Speed:8792     X: 4349     Y: 7642     Ttl 173
[35mСамолет        78d3c2s  16 Koord X: 8920668     Y: 3657598     Speed:237      X: -154     Y: 181      Пропала[0m
[SPRO_Omsk] В 16:49:28:946 Обнаружена цель id:974fbdr координаты 5579542 3560852 тип:KR скорость:950
Самолет        7f2f0cs  16 Koord X: 4156000     Y: 6934000     Speed:181      X: 137      Y: -119     Ttl  25
[RLS1_Voronezh] В 16:49:37:106 Обнаружена цель id:1bccaer с координатами 3975516 1536580 тип:KR скорость:493
[КП от RLS1_Voronezh] Обнаружена цель id:1bccaer координаты X:3975516 Y:1536580 тип:KR скорость:493
[КП от SPRO_Omsk] Обнаружена цель id:974fbdr координаты X:5579542 Y:3560852 тип:KR скорость:950
[SPRO_Omsk] В 16:49:45:305 Обнаружена цель id:36c1e3r координаты 6006212 4587940 тип:KR скорость:924
[КП от SPRO_Omsk] Обнаружена цель id:36c1e3r координаты X:6006212 Y:4587940 тип:KR скорость:924
[SPRO_Omsk] В 16:50:01:616 Обнаружена цель id:501d45r координаты 6432220 4811910 тип:KR скорость:491
[КП от SPRO_Omsk] Обнаружена цель id:501d45r координаты X:6432220 Y:4811910 тип:KR скорость:491
[ZRDN3_Mahachkala] В 16:50:11:622 Обнаружена цель id:d39e72b координаты 4079094 2353852 тип:BB_BR скорость:8792
[КП от ZRDN3_Mahachkala] Обнаружена цель id:d39e72b координаты X:4079094 Y:2353852 тип:BB_BR скорость:8792
[SPRO_Omsk] В 16:50:21:853 Обнаружена цель id:0c7e70b координаты 4540449 4499245 тип:BB_BR скорость:8416
[SPRO_Omsk] Стрельба по цели id:0c7e70b тип:BB_BR. Осталось противоракет: 9
[КП от SPRO_Omsk] Обнаружена цель id:0c7e70b координаты X:4540449 Y:4499245 тип:BB_BR скорость:8416
[КП от SPRO_Omsk] Стрельба по цели id:0c7e70b тип:BB_BR AMMO:9
[31mБал.блок       0c7e70b  32 Koord X: 4550853     Y: 4531265     Speed:8416     X: 2601     Y: 8005     		Промах SPRO_Omsk[0m
[35mСамолет        56d6dfs   1 Koord X: 6541118     Y: 6676218     Speed:59       X: -9       Y: -59      Пропала[0m
Бал.блок       e6e22fb   1 Koord X: 5030000     Y: 3908000     Speed:9448     X: 2082     Y: -9216    Ttl  36
[КП] !!! SPRO_Omsk НЕ ОТВЕЧАЕТ! Связь потеряна !!!
[SPRO_Omsk] В 16:50:42:680 Обнаружена цель id:23887fr координаты 5078412 2925820 тип:KR скорость:996
[КП от SPRO_Omsk] Обнаружена цель id:23887fr координаты X:5078412 Y:2925820 тип:KR скорость:996
[RLS3_Dnepr] В 16:50:54:861 Обнаружена цель id:9ce7cbr с координатами 8224535 2485709 тип:KR скорость:999
[КП от RLS3_Dnepr] Обнаружена цель id:9ce7cbr координаты X:8224535 Y:2485709 тип:KR скорость:999
[35mБал.блок       f688b7b  23 Koord X: 8707911     Y: 4813335     Speed:8336     X: -6667    Y: 5005     Пропала[0m
[SPRO_Omsk] ПРОМАХ по цели id:0c7e70b
К.ракета       dcd287r  23 Koord X: 7440000     Y: 2371000     Speed:947      X: -134     Y: 938      Ttl  30
[RLS1_Voronezh] В 16:51:04:579 Обнаружена цель id:1bccaer с координатами 3978381 1543405 тип:KR скорость:493
[КП] SPRO_Omsk работоспособность восстановлена
[35mК.ракета       b3b99ar  22 Koord X: 4859642     Y: 3818124     Speed:722      X: 81       Y: -718     Пропала[0m
[КП от RLS1_Voronezh] Обнаружена цель id:1bccaer координаты X:3978381 Y:1543405 тип:KR скорость:493
[КП от SPRO_Omsk] ПРОМАХ по цели id:0c7e70b (BB_BR)
К.ракета       77a8a6r  22 Koord X: 6721000     Y: 5589000     Speed:478      X: 97       Y: -469     Ttl 162
[35mК.ракета       9ce7cbr  25 Koord X: 8218900     Y: 2489860     Speed:999      X: -805     Y: 593      Пропала[0m
Бал.блок       b863dab  25 Koord X: 1331000     Y: 7058000     Speed:9566     X: 7242     Y: -6251    Ttl 202
[RLS1_Voronezh] В 16:51:25:590 Обнаружена цель id:40d79fs с координатами 1441050 2820775 тип:SAM скорость:71
[КП от RLS1_Voronezh] Обнаружена цель id:40d79fs координаты X:1441050 Y:2820775 тип:SAM скорость:71
[RLS2_Daryal] В 16:51:38:795 Обнаружена цель id:ec57a8b с координатами 11329448 7047889 тип:BB_BR скорость:9219
[RLS2_Daryal] Цель id:ec57a8b движется в направлении СПРО
[КП от RLS2_Daryal] Обнаружена цель id:ec57a8b координаты X:11329448 Y:7047889 тип:BB_BR скорость:9219
[SPRO_Omsk] В 16:51:40:714 Обнаружена цель id:e10fd3r координаты 4174300 4427450 тип:KR скорость:566
[КП от RLS2_Daryal] !!! цель движется в направлении СПРО id:ec57a8b !!!
[КП от SPRO_Omsk] Обнаружена цель id:e10fd3r координаты X:4174300 Y:4427450 тип:KR скорость:566
[ZRDN3_Mahachkala] В 16:51:44:254 Обнаружена цель id:d39e72b координаты 4144329 2468482 тип:BB_BR скорость:8792
[35mСамолет        700a48s  12 Koord X: 5936320     Y: 5696152     Speed:128      X: 35       Y: -124     Пропала[0m
[КП от ZRDN3_Mahachkala] Обнаружена цель id:d39e72b координаты X:4144329 Y:2468482 тип:BB_BR скорость:8792
Самолет        9d65f7s  12 Koord X: 3207000     Y: 5240000     Speed:233      X: 81       Y: -219     Ttl  80
[RLS2_Daryal] В 16:51:53:327 Обнаружена цель id:b17f8bs с координатами 8243231 7562510 тип:SAM скорость:94
[КП от RLS2_Daryal] Обнаружена цель id:b17f8bs координаты X:8243231 Y:7562510 тип:SAM скорость:94
[SPRO_Omsk] В 16:51:55:712 Обнаружена цель id:7cc4d3s координаты 6289782 3617156 тип:SAM скорость:62
[КП от SPRO_Omsk] Обнаружена цель id:7cc4d3s координаты X:6289782 Y:3617156 тип:SAM скорость:62
[35mСамолет        7f2f0cs  16 Koord X: 4159425     Y: 6931025     Speed:181      X: 137      Y: -119     Пропала[0m
[35mК.ракета       98250er  46 Koord X: 6269282     Y: 2254878     Speed:336      X: -217     Y: 257      Пропала[0m
[35mБал.блок       800ea1b   2 Koord X: 5272752     Y: 3171832     Speed:8920     X: -5309    Y: -7169    Пропала[0m
Самолет        b58259s  16 Koord X: 7398000     Y: 1247000     Speed:96       X: 52       Y: 81       Ttl 136
[35mК.ракета       04046cr  17 Koord X: 1522313     Y: 5743604     Speed:766      X: 461      Y: -612     Пропала[0m
Бал.блок       09e2c8b  46 Koord X: 6218000     Y: 4639000     Speed:8804     X: -584     Y: -8785    Ttl 158
[SPRO_Omsk] В 16:52:13:386 Обнаружена цель id:800ea1b координаты 5288679 3193339 тип:BB_BR скорость:8920
[SPRO_Omsk] Стрельба по цели id:800ea1b тип:BB_BR. Осталось противоракет: 8
Бал.блок       857825b   2 Koord X: 4551000     Y: 6976000     Speed:8660     X: 3011     Y: -8120    Ttl 236
[КП от SPRO_Omsk] Обнаружена цель id:800ea1b координаты X:5288679 Y:3193339 тип:BB_BR скорость:8920
[КП от SPRO_Omsk] Стрельба по цели id:800ea1b тип:BB_BR AMMO:8
Бал.блок       015dbdb  17 Koord X: 8787000     Y: 6414000     Speed:8698     X: -4909    Y: -7181    Ttl 247
[35mСамолет        8c2c9cs  15 Koord X: 9907895     Y: 3148563     Speed:110      X: -15      Y: 109      Пропала[0m
[RLS3_Dnepr] В 16:52:28:012 Обнаружена цель id:98250er с координатами 6269282 2254878 тип:KR скорость:336
Самолет        5228dbs  15 Koord X: 7326000     Y: 3755000     Speed:118      X: 116      Y: 26       Ttl 196
[КП от RLS3_Dnepr] Обнаружена цель id:98250er координаты X:6269282 Y:2254878 тип:KR скорость:336
[SPRO_Omsk] В 16:52:38:541 Обнаружена цель id:e6e22fb координаты 5061230 3769760 тип:BB_BR скорость:9448
[SPRO_Omsk] Стрельба по цели id:e6e22fb тип:BB_BR. Осталось противоракет: 7
[31mБал.блок       e6e22fb   1 Koord X: 5069558     Y: 3732896     Speed:9448     X: 2082     Y: -9216    		Промах SPRO_Omsk[0m
[КП от SPRO_Omsk] Обнаружена цель id:e6e22fb координаты X:5061230 Y:3769760 тип:BB_BR скорость:9448
[КП от SPRO_Omsk] Стрельба по цели id:e6e22fb тип:BB_BR AMMO:7
[35mСамолет        b2d0bbs   9 Koord X: 7666480     Y: 4518272     Speed:160      X: -30      Y: 158      Пропала[0m
[SPRO_Omsk] Цель id:800ea1b УНИЧТОЖЕНА
Бал.блок       bb5c7cb   9 Koord X: 6560000     Y: 7041000     Speed:8790     X: 1894     Y: -8584    Ttl 269
[КП от SPRO_Omsk] >>> Цель id:800ea1b УНИЧТОЖЕНА (BB_BR) <<<
[35mСамолет        59454bs  50 Koord X: 7634505     Y: 6916370     Speed:94       X: 53       Y: -78      Пропала[0m
[ZRDN3_Mahachkala] В 16:53:14:772 Обнаружена цель id:d39e72b координаты 4205215 2575470 тип:BB_BR скорость:8792
[КП от ZRDN3_Mahachkala] Обнаружена цель id:d39e72b координаты X:4205215 Y:2575470 тип:BB_BR скорость:8792
[SPRO_Omsk] ПРОМАХ по цели id:e6e22fb
Самолет        b9261fs  50 Koord X: 5631000     Y: 5704000     Speed:124      X: 97       Y: -78      Ttl 186
[КП от SPRO_Omsk] ПРОМАХ по цели id:e6e22fb (BB_BR)
[35mСамолет        e076des  24 Koord X: 1976706     Y: 6141925     Speed:99       X: 66       Y: -75      Пропала[0m
[RLS3_Dnepr] В 16:53:25:434 Обнаружена цель id:dcd287r с координатами 7437454 2388822 тип:KR скорость:947
[КП от RLS3_Dnepr] Обнаружена цель id:dcd287r координаты X:7437454 Y:2388822 тип:KR скорость:947
Самолет        d2f142s  24 Koord X: 11132000    Y: 2597000     Speed:164      X: -55      Y: 155      Ttl  34
[SPRO_Omsk] В 16:53:35:012 Обнаружена цель id:09e2c8b координаты 6212744 4559935 тип:BB_BR скорость:8804
[SPRO_Omsk] Стрельба по цели id:09e2c8b тип:BB_BR. Осталось противоракет: 6
[35mБал.блок       c22b7eb  39 Koord X: 9373404     Y: 4152069     Speed:8983     X: -1156    Y: 8909     Пропала[0m
[32mБал.блок       09e2c8b  46 Koord X: 6210992     Y: 4533580     Speed:8804     X: -584     Y: -8785    		Уничтожена SPRO_Omsk[0m
[35mСамолет        2b78f4s  14 Koord X: 7660590     Y: 4599288     Speed:216      X: -5       Y: -216     Пропала[0m
[КП от SPRO_Omsk] Обнаружена цель id:09e2c8b координаты X:6212744 Y:4559935 тип:BB_BR скорость:8804
[КП от SPRO_Omsk] Стрельба по цели id:09e2c8b тип:BB_BR AMMO:6
К.ракета       655649r  39 Koord X: 5377000     Y: 5777000     Speed:841      X: -839     Y: -71      Ttl  14
Бал.блок       b7ceb2b  46 Koord X: 9380000     Y: 3472000     Speed:9670     X: -9443    Y: 2087     Ttl  73
Самолет        efd42es  14 Koord X: 3829000     Y: 4480000     Speed:183      X: 39       Y: 179      Ttl 156
[RLS3_Dnepr] В 16:53:47:530 Обнаружена цель id:b58259s с координатами 7398572 1247891 тип:SAM скорость:96
[КП от RLS3_Dnepr] Обнаружена цель id:b58259s координаты X:7398572 Y:1247891 тип:SAM скорость:96
[35mК.ракета       36c1e3r  27 Koord X: 6025440     Y: 4623800     Speed:924      X: 437      Y: 815      Пропала[0m
[35mСамолет        49e217s  43 Koord X: 9684832     Y: 5261286     Speed:242      X: -128     Y: 206      Пропала[0m
[35mК.ракета       e10fd3r  13 Koord X: 4187854     Y: 4434551     Speed:566      X: 502      Y: 263      Пропала[0m
Самолет        5280bes  27 Koord X: 2450000     Y: 4883000     Speed:61       X: 57       Y: 24       Ttl  85
К.ракета       63aac8r  43 Koord X: 1474000     Y: 6990000     Speed:478      X: 246      Y: -411     Ttl  82
[SPRO_Omsk] Цель id:09e2c8b УНИЧТОЖЕНА
Самолет        fa2335s  13 Koord X: 6338000     Y: 5723000     Speed:234      X: 12       Y: -234     Ttl 152
[КП от SPRO_Omsk] >>> Цель id:09e2c8b УНИЧТОЖЕНА (BB_BR) <<<
[35mК.ракета       dcd287r  23 Koord X: 7435980     Y: 2399140     Speed:947      X: -134     Y: 938      Пропала[0m
[35mСамолет        4da9ffs  30 Koord X: 2412290     Y: 4153948     Speed:160      X: 45       Y: 154      Пропала[0m
[35mСамолет        b17f8bs  45 Koord X: 8242506     Y: 7560260     Speed:94       X: -29      Y: -90      Пропала[0m
[35mК.ракета       1bccaer  47 Koord X: 3984875     Y: 1558875     Speed:493      X: 191      Y: 455      Пропала[0m
Самолет        c1e5e5s  23 Koord X: 2965000     Y: 7539000     Speed:192      X: 11       Y: -192     Ttl  88
Бал.блок       2af034b  30 Koord X: 10421000    Y: 1914000     Speed:8925     X: -4013    Y: 7973     Ttl  60
К.ракета       9cef94r  45 Koord X: 2948000     Y: 5454000     Speed:502      X: 387      Y: -321     Ttl  73
Бал.блок       212902b  47 Koord X: 5999000     Y: 4819000     Speed:9303     X: 5457     Y: -7535    Ttl 205
[35mБал.блок       e6e22fb   1 Koord X: 5104952     Y: 3576224     Speed:9448     X: 2082     Y: -9216    Пропала[0m
[SPRO_Omsk] В 16:54:26:489 Обнаружена цель id:974fbdr координаты 5567439 3605834 тип:KR скорость:950
[КП от SPRO_Omsk] Обнаружена цель id:974fbdr координаты X:5567439 Y:3605834 тип:KR скорость:950
Самолет        65523es   1 Koord X: 7418000     Y: 7901000     Speed:77       X: -18      Y: -75      Ttl  80
[RLS2_Daryal] В 16:54:41:369 Обнаружена цель id:b17f8bs с координатами 8242506 7560260 тип:SAM скорость:94
[КП от RLS2_Daryal] Обнаружена цель id:b17f8bs координаты X:8242506 Y:7560260 тип:SAM скорость:94
[ZRDN3_Mahachkala] В 16:54:44:082 Обнаружена цель id:d39e72b координаты 4266101 2682458 тип:BB_BR скорость:8792
[КП от ZRDN3_Mahachkala] Обнаружена цель id:d39e72b координаты X:4266101 Y:2682458 тип:BB_BR скорость:8792
[SPRO_Omsk] В 16:54:46:779 Обнаружена цель id:36c1e3r координаты 6025440 4623800 тип:KR скорость:924
[КП от SPRO_Omsk] Обнаружена цель id:36c1e3r координаты X:6025440 Y:4623800 тип:KR скорость:924
[35mСамолет        3d6401s  19 Koord X: 3970260     Y: 7463010     Speed:127      X: 66       Y: -109     Пропала[0m
[SPRO_Omsk] В 16:55:00:125 Обнаружена цель id:0c7e70b координаты 4660095 4867475 тип:BB_BR скорость:8416
[SPRO_Omsk] Стрельба по цели id:0c7e70b тип:BB_BR. Осталось противоракет: 5
[32mБал.блок       0c7e70b  32 Koord X: 4665297     Y: 4883485     Speed:8416     X: 2601     Y: 8005     		Уничтожена SPRO_Omsk[0m
Самолет        077805s  19 Koord X: 5777000     Y: 4164000     Speed:192      X: -30      Y: 190      Ttl  52
Бал.блок       b990d8b  32 Koord X: 2207000     Y: 6313000     Speed:9605     X: 1857     Y: -9424    Ttl 273
[35mК.ракета       655649r  39 Koord X: 5365254     Y: 5776006     Speed:841      X: -839     Y: -71      Пропала[0m
[КП от SPRO_Omsk] Обнаружена цель id:0c7e70b координаты X:4660095 Y:4867475 тип:BB_BR скорость:8416
[КП от SPRO_Omsk] Стрельба по цели id:0c7e70b тип:BB_BR AMMO:5
Бал.блок       f0ce5eb  39 Koord X: 8437000     Y: 4066000     Speed:8626     X: -6025    Y: 6174     Ttl 141
[SPRO_Omsk] В 16:55:19:131 Обнаружена цель id:23887fr координаты 5096276 2965860 тип:KR скорость:996
[КП от SPRO_Omsk] Обнаружена цель id:23887fr координаты X:5096276 Y:2965860 тип:KR скорость:996
[35mК.ракета       dc4bb1r  44 Koord X: 11205486    Y: 5109398     Speed:617      X: -263     Y: -559     Пропала[0m
Самолет        b0318cs  44 Koord X: 4519000     Y: 6283000     Speed:208      X: 91       Y: -188     Ttl  63
[SPRO_Omsk] Цель id:0c7e70b УНИЧТОЖЕНА
[КП от SPRO_Omsk] >>> Цель id:0c7e70b УНИЧТОЖЕНА (BB_BR) <<<
[ZRDN1_Orenburg] В 16:56:00:671 Обнаружена цель id:d39e72b координаты 4322638 2781804 тип:BB_BR скорость:8792
[КП от ZRDN1_Orenburg] Обнаружена цель id:d39e72b координаты X:4322638 Y:2781804 тип:BB_BR скорость:8792
[SPRO_Omsk] В 16:56:10:721 Обнаружена цель id:077805s координаты 5776790 4165330 тип:SAM скорость:192
[КП от SPRO_Omsk] Обнаружена цель id:077805s координаты X:5776790 Y:4165330 тип:SAM скорость:192
[35mСамолет        1ba869s   5 Koord X: 7828056     Y: 5028360     Speed:198      X: -182     Y: 80       Пропала[0m
[35mСамолет        d2f142s  24 Koord X: 11130130    Y: 2602270     Speed:164      X: -55      Y: 155      Пропала[0m
Бал.блок       ab02f9b   5 Koord X: 7516000     Y: 3885000     Speed:8187     X: 5319     Y: 6225     Ttl 103
Самолет        be9d4es  24 Koord X: 3758000     Y: 1320000     Speed:122      X: 3        Y: 122      Ttl 176
[35mК.ракета       23887fr  36 Koord X: 5104802     Y: 2984970     Speed:996      X: 406      Y: 910      Пропала[0m
[SPRO_Omsk] В 16:57:05:440 Обнаружена цель id:974fbdr координаты 5561017 3629702 тип:KR скорость:950
Самолет        c70326s  36 Koord X: 5244000     Y: 4322000     Speed:104      X: -12      Y: 104      Ttl 194
[КП от SPRO_Omsk] Обнаружена цель id:974fbdr координаты X:5561017 Y:3629702 тип:KR скорость:950
[35mСамолет        924805s  28 Koord X: 7228040     Y: 4238912     Speed:89       X: -5       Y: -89      Пропала[0m
Бал.блок       ed5a6bb  28 Koord X: 3721000     Y: 7624000     Speed:8164     X: 7568     Y: -3064    Ttl 210
[SPRO_Omsk] В 16:57:24:035 Обнаружена цель id:501d45r координаты 6439462 4846061 тип:KR скорость:491
[КП от SPRO_Omsk] Обнаружена цель id:501d45r координаты X:6439462 Y:4846061 тип:KR скорость:491
[SPRO_Omsk] В 16:57:46:780 Обнаружена цель id:212902b координаты 6162710 4592950 тип:BB_BR скорость:9303
[SPRO_Omsk] Стрельба по цели id:212902b тип:BB_BR. Осталось противоракет: 4
[КП от SPRO_Omsk] Обнаружена цель id:212902b координаты X:6162710 Y:4592950 тип:BB_BR скорость:9303
[КП от SPRO_Omsk] Стрельба по цели id:212902b тип:BB_BR AMMO:4
[35mК.ракета       a9c504r  20 Koord X: 2677904     Y: 5437142     Speed:822      X: 684      Y: 457      Пропала[0m
[32mБал.блок       212902b  47 Koord X: 6184538     Y: 4562810     Speed:9303     X: 5457     Y: -7535    		Уничтожена SPRO_Omsk[0m
К.ракета       f0fd3ar  20 Koord X: 10192000    Y: 5866000     Speed:740      X: -549     Y: -497     Ttl 205
К.ракета       247d7er  47 Koord X: 4986000     Y: 6842000     Speed:256      X: 199      Y: -162     Ttl  88
[SPRO_Omsk] В 16:58:01:802 Обнаружена цель id:23887fr координаты 5104802 2984970 тип:KR скорость:996
[RLS1_Voronezh] В 16:58:09:366 Обнаружена цель id:40d79fs с координатами 1441184 2825532 тип:SAM скорость:71
[КП от RLS1_Voronezh] Обнаружена цель id:40d79fs координаты X:1441184 Y:2825532 тип:SAM скорость:71
[КП от SPRO_Omsk] Обнаружена цель id:23887fr координаты X:5104802 Y:2984970 тип:KR скорость:996
[SPRO_Omsk] Цель id:212902b УНИЧТОЖЕНА
[КП от SPRO_Omsk] >>> Цель id:212902b УНИЧТОЖЕНА (BB_BR) <<<
[35mК.ракета       501d45r  38 Koord X: 6440890     Y: 4852795     Speed:491      X: 102      Y: 481      Пропала[0m
[35mК.ракета       06cf33r  41 Koord X: 3905634     Y: 4418054     Speed:965      X: 953      Y: -157     Пропала[0m
Самолет        a1e06fs  38 Koord X: 7061000     Y: 1398000     Speed:161      X: 92       Y: 133      Ttl 104
К.ракета       82d8b9r  41 Koord X: 8991000     Y: 6021000     Speed:979      X: -67      Y: -977     Ttl 152
[RLS3_Dnepr] В 16:58:48:188 Обнаружена цель id:b58259s с координатами 7401120 1251860 тип:SAM скорость:96
[КП от RLS3_Dnepr] Обнаружена цель id:b58259s координаты X:7401120 Y:1251860 тип:SAM скорость:96
[SPRO_Omsk] В 16:58:59:141 Обнаружена цель id:077805s координаты 5775950 4170650 тип:SAM скорость:192
[КП от SPRO_Omsk] Обнаружена цель id:077805s координаты X:5775950 Y:4170650 тип:SAM скорость:192
[ZRDN1_Orenburg] В 16:59:11:522 Обнаружена цель id:d39e72b координаты 4461806 3026348 тип:BB_BR скорость:8792
[КП от ZRDN1_Orenburg] Обнаружена цель id:d39e72b координаты X:4461806 Y:3026348 тип:BB_BR скорость:8792
[SPRO_Omsk] В 16:59:15:391 Обнаружена цель id:c70326s координаты 5243784 4323872 тип:SAM скорость:104
[КП от SPRO_Omsk] Обнаружена цель id:c70326s координаты X:5243784 Y:4323872 тип:SAM скорость:104
[35mБал.блок       64f629b  33 Koord X: 9666680     Y: 2970312     Speed:8253     X: -2665    Y: -7811    Пропала[0m
[RLS1_Voronezh] В 16:59:47:118 Обнаружена цель id:be9d4es с координатами 3758069 1322806 тип:SAM скорость:122
[КП от RLS1_Voronezh] Обнаружена цель id:be9d4es координаты X:3758069 Y:1322806 тип:SAM скорость:122
К.ракета       e152a6r  33 Koord X: 7796000     Y: 4947000     Speed:566      X: -88      Y: 560      Ttl 193
[35mСамолет        473e3cs  10 Koord X: 2580565     Y: 5666575     Speed:210      X: 193      Y: -85      Пропала[0m
Самолет        a9c2d1s  10 Koord X: 11145000    Y: 7077000     Speed:231      X: -152     Y: -175     Ttl  69
[35mСамолет        9d65f7s  12 Koord X: 3213480     Y: 5222480     Speed:233      X: 81       Y: -219     Пропала[0m
[35mК.ракета       974fbdr  31 Koord X: 5552866     Y: 3659996     Speed:950      X: -247     Y: 918      Пропала[0m
[35mСамолет        40d79fs  35 Koord X: 1441228     Y: 2827094     Speed:71       X: 2        Y: 71       Пропала[0m
[35mК.ракета       de506dr  11 Koord X: 10169540    Y: 4333110     Speed:615      X: -234     Y: 569      Пропала[0m
К.ракета       f0eca8r  12 Koord X: 5471000     Y: 4395000     Speed:549      X: 11       Y: -549     Ttl  76
Бал.блок       dd61a1b  31 Koord X: 2420000     Y: 4188000     Speed:9586     X: 5656     Y: 7740     Ttl 160
Бал.блок       aed3f1b  35 Koord X: 6026000     Y: 4951000     Speed:9408     X: 2699     Y: -9013    Ttl 118
[RLS3_Dnepr] В 17:00:09:167 Обнаружена цель id:b58259s с координатами 7401900 1253075 тип:SAM скорость:96
[SPRO_Omsk] В 17:00:09:168 Обнаружена цель id:d39e72b координаты 4505296 3102768 тип:BB_BR скорость:8792
[SPRO_Omsk] Стрельба по цели id:d39e72b тип:BB_BR. Осталось противоракет: 3
[32mБал.блок       d39e72b  49 Koord X: 4513994     Y: 3118052     Speed:8792     X: 4349     Y: 7642     		Уничтожена SPRO_Omsk[0m
[КП от RLS3_Dnepr] Обнаружена цель id:b58259s координаты X:7401900 Y:1253075 тип:SAM скорость:96
[КП от SPRO_Omsk] Обнаружена цель id:d39e72b координаты X:4505296 Y:3102768 тип:BB_BR скорость:8792
[КП от SPRO_Omsk] Стрельба по цели id:d39e72b тип:BB_BR AMMO:3
К.ракета       d40a69r  11 Koord X: 5304000     Y: 2341000     Speed:659      X: -121     Y: 648      Ttl  73
К.ракета       689fd9r  49 Koord X: 6465000     Y: 6466000     Speed:410      X: 32       Y: -409     Ttl 162
[35mСамолет        077805s  19 Koord X: 5775440     Y: 4173880     Speed:192      X: -30      Y: 190      Пропала[0m
[35mБал.блок       2af034b  30 Koord X: 10180220    Y: 2392380     Speed:8925     X: -4013    Y: 7973     Пропала[0m
[35mСамолет        7cc4d3s   4 Koord X: 6294856     Y: 3619048     Speed:62       X: 59       Y: 22       Пропала[0m
Самолет        adea91s  19 Koord X: 8843000     Y: 3391000     Speed:53       X: -40      Y: 36       Ttl 124
Бал.блок       4b27d7b  30 Koord X: 6512000     Y: 4123000     Speed:9768     X: 5973     Y: 7730     Ttl 201
К.ракета       53ad06r   4 Koord X: 5181000     Y: 2315000     Speed:693      X: 188      Y: 668      Ttl 204
[35mК.ракета       afe8dcr  26 Koord X: 6328760     Y: 7935605     Speed:464      X: -112     Y: -451     Пропала[0m
Бал.блок       8f507bb  26 Koord X: 5845000     Y: 2761000     Speed:8925     X: -8284    Y: 3323     Ttl 142
[35mБал.блок       dedc20b   3 Koord X: 8981136     Y: 4327303     Speed:8586     X: -1832    Y: 8389     Пропала[0m
[35mСамолет        d8cb28s  40 Koord X: 3868024     Y: 4552429     Speed:154      X: 128      Y: -87      Пропала[0m
К.ракета       d84d52r   3 Koord X: 7852000     Y: 2459000     Speed:415      X: -177     Y: 376      Ttl 209
К.ракета       68c0f5r  40 Koord X: 4326000     Y: 7103000     Speed:512      X: 283      Y: -427     Ttl  88
[SPRO_Omsk] Цель id:d39e72b УНИЧТОЖЕНА
[35mСамолет        9c8cb8s  48 Koord X: 8586746     Y: 3603271     Speed:244      X: -62      Y: -237     Пропала[0m
[КП от SPRO_Omsk] >>> Цель id:d39e72b УНИЧТОЖЕНА (BB_BR) <<<
К.ракета       212baar  48 Koord X: 4036000     Y: 5603000     Speed:755      X: 190      Y: -731     Ttl 138
[RLS3_Dnepr] В 17:01:05:630 Обнаружена цель id:a1e06fs с координатами 7063024 1400926 тип:SAM скорость:161
[35mБал.блок       b7ceb2b  46 Koord X: 8690661     Y: 3624351     Speed:9670     X: -9443    Y: 2087     Пропала[0m
[КП от RLS3_Dnepr] Обнаружена цель id:a1e06fs координаты X:7063024 Y:1400926 тип:SAM скорость:161
[35mБал.блок       ec57a8b  42 Koord X: 11328664    Y: 6144427     Speed:9219     X: -8       Y: -9219    Пропала[0m
[RLS1_Voronezh] В 17:01:12:002 Обнаружена цель id:be9d4es с координатами 3758114 1324636 тип:SAM скорость:122
Бал.блок       081fe9b  46 Koord X: 11190000    Y: 3834000     Speed:8495     X: -856     Y: 8452     Ttl  37
[КП от RLS1_Voronezh] Обнаружена цель id:be9d4es координаты X:3758114 Y:1324636 тип:SAM скорость:122
К.ракета       8d7276r  42 Koord X: 7153000     Y: 2689000     Speed:970      X: -361     Y: 901      Ttl 187
[35mК.ракета       9cef94r  45 Koord X: 2976251     Y: 5430567     Speed:502      X: 387      Y: -321     Пропала[0m
[SPRO_Omsk] В 17:01:44:334 Обнаружена цель id:aed3f1b координаты 6058388 4842844 тип:BB_BR скорость:9408
[SPRO_Omsk] Стрельба по цели id:aed3f1b тип:BB_BR. Осталось противоракет: 2
[КП от SPRO_Omsk] Обнаружена цель id:aed3f1b координаты X:6058388 Y:4842844 тип:BB_BR скорость:9408
[КП от SPRO_Omsk] Стрельба по цели id:aed3f1b тип:BB_BR AMMO:2
[32mБал.блок       aed3f1b  35 Koord X: 6066485     Y: 4815805     Speed:9408     X: 2699     Y: -9013    		Уничтожена SPRO_Omsk[0m
Бал.блок       bec8b6b  45 Koord X: 6869000     Y: 5363000     Speed:8084     X: -2267    Y: -7760    Ttl 254
Бал.блок       36f8e4b  35 Koord X: 9471000     Y: 7733000     Speed:9304     X: -5327    Y: -7629    Ttl 305
[35mК.ракета       4dfb81r  34 Koord X: 9421964     Y: 6281853     Speed:382      X: -52      Y: -379     Пропала[0m
[35mСамолет        b0318cs  44 Koord X: 4524733     Y: 6271156     Speed:208      X: 91       Y: -188     Пропала[0m
[SPRO_Omsk] В 17:02:01:777 Обнаружена цель id:4b27d7b координаты 6583676 4215760 тип:BB_BR скорость:9768
[SPRO_Omsk] Стрельба по цели id:4b27d7b тип:BB_BR. Осталось противоракет: 1
[32mБал.блок       4b27d7b  30 Koord X: 6601595     Y: 4238950     Speed:9768     X: 5973     Y: 7730     		Уничтожена SPRO_Omsk[0m
Бал.блок       d2703eb  34 Koord X: 6086000     Y: 4176000     Speed:8028     X: -7913    Y: 1359     Ttl 219
Самолет        0f16fes  44 Koord X: 1444000     Y: 4048000     Speed:226      X: 72       Y: 215      Ttl 187
[КП от SPRO_Omsk] Обнаружена цель id:4b27d7b координаты X:6583676 Y:4215760 тип:BB_BR скорость:9768
[КП от SPRO_Omsk] Стрельба по цели id:4b27d7b тип:BB_BR AMMO:1
Самолет        b66dbbs  30 Koord X: 7379000     Y: 4434000     Speed:74       X: -31      Y: -68      Ttl 144
[SPRO_Omsk] В 17:02:23:010 Обнаружена цель id:8f507bb координаты 5737308 2804199 тип:BB_BR скорость:8925
[SPRO_Omsk] Стрельба по цели id:8f507bb тип:BB_BR. Осталось противоракет: 0
[SPRO_Omsk] Боекомплект исчерпан! Переход в режим обнаружения
[КП от SPRO_Omsk] Обнаружена цель id:8f507bb координаты X:5737308 Y:2804199 тип:BB_BR скорость:8925
[КП от SPRO_Omsk] Стрельба по цели id:8f507bb тип:BB_BR AMMO:0
[SPRO_Omsk] Цель id:aed3f1b УНИЧТОЖЕНА
[КП] !!! SPRO_Omsk: боекомплект исчерпан! !!!
[КП от SPRO_Omsk] >>> Цель id:aed3f1b УНИЧТОЖЕНА (BB_BR) <<<
[31mБал.блок       8f507bb  26 Koord X: 5712456     Y: 2814168     Speed:8925     X: -8284    Y: 3323     		Промах SPRO_Omsk[0m
[35mК.ракета       63aac8r  43 Koord X: 1494172     Y: 6956298     Speed:478      X: 246      Y: -411     Пропала[0m
Самолет        7f26b9s  43 Koord X: 9953000     Y: 2183000     Speed:237      X: -131     Y: 198      Ttl  85
[35mСамолет        65523es   1 Koord X: 7416560     Y: 7895000     Speed:77       X: -18      Y: -75      Пропала[0m
[RLS3_Dnepr] В 17:02:44:959 Обнаружена цель id:d84d52r с координатами 7849522 2464264 тип:KR скорость:415
Бал.блок       b22d82b   1 Koord X: 4413000     Y: 1983000     Speed:9942     X: 6767     Y: 7284     Ttl  25
[КП от RLS3_Dnepr] Обнаружена цель id:d84d52r координаты X:7849522 Y:2464264 тип:KR скорость:415
[35mСамолет        5280bes  27 Koord X: 2454845     Y: 4885040     Speed:61       X: 57       Y: 24       Пропала[0m
[SPRO_Omsk] Цель id:4b27d7b УНИЧТОЖЕНА
[КП от SPRO_Omsk] >>> Цель id:4b27d7b УНИЧТОЖЕНА (BB_BR) <<<
К.ракета       aacf6er  27 Koord X: 10901000    Y: 2564000     Speed:875      X: -670     Y: 564      Ttl 154
[RLS1_Voronezh] В 17:02:58:883 Обнаружена цель id:be9d4es с координатами 3758159 1326466 тип:SAM скорость:122
[SPRO_Omsk] ПРОМАХ по цели id:8f507bb
[КП от RLS1_Voronezh] Обнаружена цель id:be9d4es координаты X:3758159 Y:1326466 тип:SAM скорость:122
[КП от SPRO_Omsk] ПРОМАХ по цели id:8f507bb (BB_BR)
[35mСамолет        c1e5e5s  23 Koord X: 2965968     Y: 7522104     Speed:192      X: 11       Y: -192     Пропала[0m
[RLS2_Daryal] В 17:03:23:296 Обнаружена цель id:a9c2d1s с координатами 11140592 7071925 тип:SAM скорость:231
[КП от RLS2_Daryal] Обнаружена цель id:a9c2d1s координаты X:11140592 Y:7071925 тип:SAM скорость:231
К.ракета       1b1820r  23 Koord X: 11185000    Y: 4667000     Speed:485      X: -38      Y: -484     Ttl 110
[SPRO_Omsk] В 17:03:52:965 Обнаружена цель id:d2703eb координаты 5983131 4193667 тип:BB_BR скорость:8028
[КП от SPRO_Omsk] Обнаружена цель id:d2703eb координаты X:5983131 Y:4193667 тип:BB_BR скорость:8028
[RLS3_Dnepr] В 17:04:06:503 Обнаружена цель id:8d7276r с координатами 7144697 2709723 тип:KR скорость:970
[SPRO_Omsk] В 17:04:09:310 Обнаружена цель id:c70326s координаты 5243220 4328760 тип:SAM скорость:104
[КП от RLS3_Dnepr] Обнаружена цель id:8d7276r координаты X:7144697 Y:2709723 тип:KR скорость:970
[КП от SPRO_Omsk] Обнаружена цель id:c70326s координаты X:5243220 Y:4328760 тип:SAM скорость:104
[RLS1_Voronezh] В 17:04:17:613 Обнаружена цель id:be9d4es с координатами 3758204 1328296 тип:SAM скорость:122
[КП от RLS1_Voronezh] Обнаружена цель id:be9d4es координаты X:3758204 Y:1328296 тип:SAM скорость:122
[RLS3_Dnepr] В 17:04:22:245 Обнаружена цель id:a1e06fs с координатами 7065876 1405049 тип:SAM скорость:161
[КП от RLS3_Dnepr] Обнаружена цель id:a1e06fs координаты X:7065876 Y:1405049 тип:SAM скорость:161
[SPRO_Omsk] Автопополнение боекомплекта: 10
[КП] SPRO_Omsk: боекомплект пополнен AMMO:10
[RLS2_Daryal] В 17:04:53:620 Обнаружена цель id:a9c2d1s с координатами 11138464 7069475 тип:SAM скорость:231
[КП от RLS2_Daryal] Обнаружена цель id:a9c2d1s координаты X:11138464 Y:7069475 тип:SAM скорость:231
[35mБал.блок       081fe9b  46 Koord X: 11158328    Y: 4146724     Speed:8495     X: -856     Y: 8452     Пропала[0m
Бал.блок       0b8e9db  46 Koord X: 8222000     Y: 3778000     Speed:9983     X: -9825    Y: 1774     Ttl  60
[RLS3_Dnepr] В 17:05:14:753 Обнаружена цель id:d84d52r с координатами 7844920 2474040 тип:KR скорость:415
[35mБал.блок       b22d82b   1 Koord X: 4582175     Y: 2165100     Speed:9942     X: 6767     Y: 7284     Пропала[0m
[КП от RLS3_Dnepr] Обнаружена цель id:d84d52r координаты X:7844920 Y:2474040 тип:KR скорость:415
К.ракета       167f57r   1 Koord X: 8712000     Y: 5279000     Speed:972      X: -391     Y: -890     Ttl  48
[SPRO_Omsk] В 17:05:36:920 Обнаружена цель id:d51d9fb координаты 6362623 2711108 тип:BB_BR скорость:8599
[SPRO_Omsk] Стрельба по цели id:d51d9fb тип:BB_BR. Осталось противоракет: 9
[32mБал.блок       d51d9fb   6 Koord X: 6346510     Y: 2690960     Speed:8599     X: -5371    Y: -6716    		Уничтожена SPRO_Omsk[0m
[КП от SPRO_Omsk] Обнаружена цель id:d51d9fb координаты X:6362623 Y:2711108 тип:BB_BR скорость:8599
[КП от SPRO_Omsk] Стрельба по цели id:d51d9fb тип:BB_BR AMMO:9
К.ракета       29437er   6 Koord X: 3091000     Y: 4659000     Speed:775      X: 285      Y: 721      Ttl 194
[SPRO_Omsk] В 17:06:00:395 Обнаружена цель id:53ad06r координаты 5190212 2347732 тип:KR скорость:693
[35mСамолет        b58259s  16 Koord X: 7405072     Y: 1258016     Speed:96       X: 52       Y: 81       Пропала[0m
[35mК.ракета       02f01dr  29 Koord X: 7610400     Y: 7756385     Speed:736      X: 720      Y: -157     Пропала[0m
[КП от SPRO_Omsk] Обнаружена цель id:53ad06r координаты X:5190212 Y:2347732 тип:KR скорость:693
Самолет        feee3bs  16 Koord X: 1740000     Y: 4400000     Speed:210      X: 45       Y: 206      Ttl 172
К.ракета       17ac51r  29 Koord X: 8410000     Y: 7977000     Speed:276      X: -142     Y: -237     Ttl  54
[SPRO_Omsk] Цель id:d51d9fb УНИЧТОЖЕНА
[КП от SPRO_Omsk] >>> Цель id:d51d9fb УНИЧТОЖЕНА (BB_BR) <<<
[RLS2_Daryal] В 17:06:20:560 Обнаружена цель id:36f8e4b с координатами 9257920 7427840 тип:BB_BR скорость:9304
[RLS2_Daryal] Цель id:36f8e4b движется в направлении СПРО
[КП от RLS2_Daryal] Обнаружена цель id:36f8e4b координаты X:9257920 Y:7427840 тип:BB_BR скорость:9304
[КП от RLS2_Daryal] !!! цель движется в направлении СПРО id:36f8e4b !!!
[RLS3_Dnepr] В 17:06:47:071 Обнаружена цель id:a1e06fs с координатами 7068084 1408241 тип:SAM скорость:161
[КП от RLS3_Dnepr] Обнаружена цель id:a1e06fs координаты X:7068084 Y:1408241 тип:SAM скорость:161
[35mК.ракета       9b2344r   7 Koord X: 6545186     Y: 7425134     Speed:862      X: 262      Y: -822     Пропала[0m
[35mБал.блок       246e8db   8 Koord X: 9697912     Y: 4559466     Speed:8261     X: -2872    Y: -7746    Пропала[0m
[35mК.ракета       247d7er  47 Koord X: 5003512     Y: 6827744     Speed:256      X: 199      Y: -162     Пропала[0m
[SPRO_Omsk] В 17:06:57:387 Обнаружена цель id:d2703eb координаты 5745741 4234437 тип:BB_BR скорость:8028
[SPRO_Omsk] Стрельба по цели id:d2703eb тип:BB_BR. Осталось противоракет: 8
Самолет        1bf57bs   7 Koord X: 6493000     Y: 2254000     Speed:213      X: 93       Y: 192      Ttl  92
К.ракета       e8a113r   8 Koord X: 11301000    Y: 2937000     Speed:951      X: -16      Y: 951      Ttl 111
[КП от SPRO_Omsk] Обнаружена цель id:d2703eb координаты X:5745741 Y:4234437 тип:BB_BR скорость:8028
[КП от SPRO_Omsk] Стрельба по цели id:d2703eb тип:BB_BR AMMO:8
[31mБал.блок       d2703eb  34 Koord X: 5714089     Y: 4239873     Speed:8028     X: -7913    Y: 1359     		Промах SPRO_Omsk[0m
[RLS1_Voronezh] В 17:07:01:442 Обнаружена цель id:be9d4es с координатами 3758285 1331590 тип:SAM скорость:122
К.ракета       b1c9f5r  47 Koord X: 3335000     Y: 5578000     Speed:260      X: 137      Y: -222     Ttl 135
[35mСамолет        a9c2d1s  10 Koord X: 11134512    Y: 7064925     Speed:231      X: -152     Y: -175     Пропала[0m
К.ракета       18d0fdr  10 Koord X: 9975000     Y: 5595000     Speed:317      X: -308     Y: -79      Ttl  70
[КП от RLS1_Voronezh] Обнаружена цель id:be9d4es координаты X:3758285 Y:1331590 тип:SAM скорость:122
[SPRO_Omsk] В 17:07:13:090 Обнаружена цель id:c70326s координаты 5242848 4331984 тип:SAM скорость:104
[КП от SPRO_Omsk] Обнаружена цель id:c70326s координаты X:5242848 Y:4331984 тип:SAM скорость:104
[35mБал.блок       ab02f9b   5 Koord X: 8063857     Y: 4526175     Speed:8187     X: 5319     Y: 6225     Пропала[0m
[SPRO_Omsk] В 17:07:31:888 Обнаружена цель id:8f507bb координаты 5314824 2973672 тип:BB_BR скорость:8925
[SPRO_Omsk] Стрельба по цели id:8f507bb тип:BB_BR. Осталось противоракет: 7
Бал.блок       c4ed24b   5 Koord X: 1599000     Y: 5514000     Speed:8546     X: 6034     Y: -6053    Ttl  40
[SPRO_Omsk] ПРОМАХ по цели id:d2703eb
[31mБал.блок       8f507bb  26 Koord X: 5289972     Y: 2983641     Speed:8925     X: -8284    Y: 3323     		Промах SPRO_Omsk[0m
[КП от SPRO_Omsk] Обнаружена цель id:8f507bb координаты X:5314824 Y:2973672 тип:BB_BR скорость:8925
[КП от SPRO_Omsk] Стрельба по цели id:8f507bb тип:BB_BR AMMO:7
[35mК.ракета       d40a69r  11 Koord X: 5295167     Y: 2388304     Speed:659      X: -121     Y: 648      Пропала[0m
[КП от SPRO_Omsk] ПРОМАХ по цели id:d2703eb (BB_BR)
Бал.блок       767543b  11 Koord X: 4571000     Y: 7522000     Speed:9723     X: 7668     Y: -5979    Ttl  48
[35mК.ракета       77a8a6r  22 Koord X: 6736714     Y: 5513022     Speed:478      X: 97       Y: -469     Пропала[0m
[35mК.ракета       f0eca8r  12 Koord X: 5471836     Y: 4353276     Speed:549      X: 11       Y: -549     Пропала[0m
К.ракета       4d8f61r  22 Koord X: 4139000     Y: 3621000     Speed:394      X: 315      Y: 238      Ttl  46
[RLS2_Daryal] В 17:07:58:553 Обнаружена цель id:17ac51r с координатами 8408154 7973919 тип:KR скорость:276
[КП от RLS2_Daryal] Обнаружена цель id:17ac51r координаты X:8408154 Y:7973919 тип:KR скорость:276
[RLS1_Voronezh] В 17:08:01:160 Обнаружена цель id:0f16fes с координатами 1447816 4059395 тип:SAM скорость:226
Бал.блок       09337cb  12 Koord X: 5649000     Y: 1104000     Speed:9967     X: 1349     Y: 9876     Ttl  83
[КП от RLS1_Voronezh] Обнаружена цель id:0f16fes координаты X:1447816 Y:4059395 тип:SAM скорость:226
[SPRO_Omsk] ПРОМАХ по цели id:8f507bb
[КП от SPRO_Omsk] ПРОМАХ по цели id:8f507bb (BB_BR)
[RLS3_Dnepr] В 17:08:16:866 Обнаружена цель id:8d7276r с координатами 7129535 2747565 тип:KR скорость:970
[КП от RLS3_Dnepr] Обнаружена цель id:8d7276r координаты X:7129535 Y:2747565 тип:KR скорость:970
[RLS3_Dnepr] В 17:08:32:401 Обнаружена цель id:a1e06fs с координатами 7069740 1410635 тип:SAM скорость:161
[КП от RLS3_Dnepr] Обнаружена цель id:a1e06fs координаты X:7069740 Y:1410635 тип:SAM скорость:161
[35mБал.блок       9247f7b  18 Koord X: 7959986     Y: 3706138     Speed:9002     X: -7511    Y: -4963    Пропала[0m
Бал.блок       31b52cb  18 Koord X: 2937000     Y: 4244000     Speed:9939     X: 89       Y: 9939     Ttl 153
[SPRO_Omsk] В 17:09:02:083 Обнаружена цель id:d2703eb координаты 5579568 4262976 тип:BB_BR скорость:8028
[SPRO_Omsk] Стрельба по цели id:d2703eb тип:BB_BR. Осталось противоракет: 6
[32mБал.блок       d2703eb  34 Koord X: 5547916     Y: 4268412     Speed:8028     X: -7913    Y: 1359     		Уничтожена SPRO_Omsk[0m
[35mСамолет        a1e06fs  38 Koord X: 7070568     Y: 1411832     Speed:161      X: 92       Y: 133      Пропала[0m
[КП от SPRO_Omsk] Обнаружена цель id:d2703eb координаты X:5579568 Y:4262976 тип:BB_BR скорость:8028
[КП от SPRO_Omsk] Стрельба по цели id:d2703eb тип:BB_BR AMMO:6
Самолет        24908as  34 Koord X: 6704000     Y: 5369000     Speed:193      X: -131     Y: -143     Ttl 169
Бал.блок       9ea14cb  38 Koord X: 7143000     Y: 3752000     Speed:8489     X: 1134     Y: -8413    Ttl 111
[35mБал.блок       0bd9dab  21 Koord X: 4141472     Y: 4856432     Speed:9259     X: 7248     Y: 5763     Пропала[0m
[35mБал.блок       f0ce5eb  39 Koord X: 7587475     Y: 4936534     Speed:8626     X: -6025    Y: 6174     Пропала[0m
[35mСамолет        fa2335s  13 Koord X: 6339824     Y: 5687432     Speed:234      X: 12       Y: -234     Пропала[0m
[35mСамолет        efd42es  14 Koord X: 3835084     Y: 4507924     Speed:183      X: 39       Y: 179      Пропала[0m
Самолет        96018es  21 Koord X: 9655000     Y: 3028000     Speed:117      X: -11      Y: 117      Ttl 208
К.ракета       a826b6r  39 Koord X: 1454000     Y: 4949000     Speed:733      X: 599      Y: -424     Ttl 158
[SPRO_Omsk] Цель id:d2703eb УНИЧТОЖЕНА
[КП от SPRO_Omsk] >>> Цель id:d2703eb УНИЧТОЖЕНА (BB_BR) <<<
Бал.блок       42d282b  13 Koord X: 6284000     Y: 1379000     Speed:9586     X: 3386     Y: 8969     Ttl 191
Бал.блок       1074aeb  14 Koord X: 10965000    Y: 4016000     Speed:8626     X: -4463    Y: 7382     Ttl 305
[35mК.ракета       68c0f5r  40 Koord X: 4350904     Y: 7065424     Speed:512      X: 283      Y: -427     Пропала[0m
Бал.блок       4be772b  40 Koord X: 6903000     Y: 4968000     Speed:9397     X: -1963    Y: -9190    Ttl 271
[35mК.ракета       167f57r   1 Koord X: 8693232     Y: 5236280     Speed:972      X: -391     Y: -890     Пропала[0m
Бал.блок       1feeffb   1 Koord X: 6354000     Y: 5101000     Speed:9048     X: 8509     Y: -3079    Ttl 260
[RLS2_Daryal] В 17:10:29:782 Обнаружена цель id:36f8e4b с координатами 9039513 7115051 тип:BB_BR скорость:9304
[RLS1_Voronezh] В 17:10:29:869 Обнаружена цель id:0f16fes с координатами 1449688 4064985 тип:SAM скорость:226
[RLS2_Daryal] Цель id:36f8e4b движется в направлении СПРО
[RLS3_Dnepr] В 17:10:34:385 Обнаружена цель id:8d7276r с координатами 7121232 2768288 тип:KR скорость:970
[КП от RLS1_Voronezh] Обнаружена цель id:0f16fes координаты X:1449688 Y:4064985 тип:SAM скорость:226
[КП от RLS2_Daryal] Обнаружена цель id:36f8e4b координаты X:9039513 Y:7115051 тип:BB_BR скорость:9304
[КП от RLS2_Daryal] !!! цель движется в направлении СПРО id:36f8e4b !!!
[КП от RLS3_Dnepr] Обнаружена цель id:8d7276r координаты X:7121232 Y:2768288 тип:KR скорость:970
[RLS2_Daryal] В 17:10:50:318 Обнаружена цель id:17ac51r с координатами 8404036 7967046 тип:KR скорость:276
[КП от RLS2_Daryal] Обнаружена цель id:17ac51r координаты X:8404036 Y:7967046 тип:KR скорость:276
[SPRO_Omsk] В 17:11:07:499 Обнаружена цель id:4d8f61r координаты 4148135 3627902 тип:KR скорость:394
[35mСамолет        7f26b9s  43 Koord X: 9941865     Y: 2199830     Speed:237      X: -131     Y: 198      Пропала[0m
[35mБал.блок       0b8e9db  46 Koord X: 7632500     Y: 3884440     Speed:9983     X: -9825    Y: 1774     Пропала[0m
[КП от SPRO_Omsk] Обнаружена цель id:4d8f61r координаты X:4148135 Y:3627902 тип:KR скорость:394
Самолет        a476b3s  43 Koord X: 4212000     Y: 4631000     Speed:131      X: 113      Y: 68       Ttl 121
Самолет        d107e6s  46 Koord X: 2285000     Y: 1035000     Speed:89       X: 87       Y: 23       Ttl  64
[RLS3_Dnepr] В 17:11:21:231 Обнаружена цель id:d84d52r с координатами 7834123 2496976 тип:KR скорость:415
[КП от RLS3_Dnepr] Обнаружена цель id:d84d52r координаты X:7834123 Y:2496976 тип:KR скорость:415
[SPRO_Omsk] В 17:11:22:179 Обнаружена цель id:8f507bb координаты 4991748 3103269 тип:BB_BR скорость:8925
[SPRO_Omsk] Стрельба по цели id:8f507bb тип:BB_BR. Осталось противоракет: 5
[32mБал.блок       8f507bb  26 Koord X: 4975180     Y: 3109915     Speed:8925     X: -8284    Y: 3323     		Уничтожена SPRO_Omsk[0m
[КП от SPRO_Omsk] Обнаружена цель id:8f507bb координаты X:4991748 Y:3103269 тип:BB_BR скорость:8925
[КП от SPRO_Omsk] Стрельба по цели id:8f507bb тип:BB_BR AMMO:5
Самолет        7c9e4ds  26 Koord X: 11565000    Y: 1973000     Speed:89       X: -74      Y: 51       Ttl  31
[35mБал.блок       c4ed24b   5 Koord X: 1840360     Y: 5271880     Speed:8546     X: 6034     Y: -6053    Пропала[0m
[35mК.ракета       17ac51r  29 Koord X: 8402332     Y: 7964202     Speed:276      X: -142     Y: -237     Пропала[0m
К.ракета       ab176ar   5 Koord X: 1976000     Y: 3997000     Speed:376      X: 353      Y: -132     Ttl 142
К.ракета       bb42a7r  29 Koord X: 6901000     Y: 2308000     Speed:563      X: 83       Y: 557      Ttl 208
[35mБал.блок       fb13adb  37 Koord X: 8330968     Y: 3180252     Speed:8258     X: -6846    Y: -4619    Пропала[0m
[35mБал.блок       b863dab  25 Koord X: 2793884     Y: 5795298     Speed:9566     X: 7242     Y: -6251    Пропала[0m
Самолет        aaf3ebs  37 Koord X: 5280000     Y: 5272000     Speed:219      X: -60      Y: 211      Ttl  37
Бал.блок       57361bb  25 Koord X: 10751000    Y: 2802000     Speed:9783     X: -6164    Y: 7598     Ttl  13
[SPRO_Omsk] Цель id:8f507bb УНИЧТОЖЕНА
[35mСамолет        b9261fs  50 Koord X: 5649042     Y: 5689492     Speed:124      X: 97       Y: -78      Пропала[0m
[КП от SPRO_Omsk] >>> Цель id:8f507bb УНИЧТОЖЕНА (BB_BR) <<<
Бал.блок       bf9366b  50 Koord X: 7270000     Y: 5261000     Speed:9532     X: -834     Y: -9496    Ttl  91
[RLS3_Dnepr] В 17:12:16:012 Обнаружена цель id:1bf57bs с координатами 6497650 2263600 тип:SAM скорость:213
[КП от RLS3_Dnepr] Обнаружена цель id:1bf57bs координаты X:6497650 Y:2263600 тип:SAM скорость:213
[35mСамолет        5228dbs  15 Koord X: 7348736     Y: 3760096     Speed:118      X: 116      Y: 26       Пропала[0m
[ZRDN1_Orenburg] В 17:12:25:485 Обнаружена цель id:4d8f61r координаты 4152230 3630996 тип:KR скорость:394
[ZRDN1_Orenburg] Стрельба по цели id:4d8f61r тип:KR. Осталось ракет: 11
[КП от ZRDN1_Orenburg] Обнаружена цель id:4d8f61r координаты X:4152230 Y:3630996 тип:KR скорость:394
[КП от ZRDN1_Orenburg] Стрельба по цели id:4d8f61r тип:KR AMMO:11
[RLS1_Voronezh] В 17:12:26:631 Обнаружена цель id:d107e6s с координатами 2285783 1035207 тип:SAM скорость:89
[КП от RLS1_Voronezh] Обнаружена цель id:d107e6s координаты X:2285783 Y:1035207 тип:SAM скорость:89
Самолет        fb29a6s  15 Koord X: 6445000     Y: 4913000     Speed:213      X: 66       Y: 203      Ttl  87
[32mК.ракета       4d8f61r  22 Koord X: 4153175     Y: 3631710     Speed:394      X: 315      Y: 238      		Уничтожена ZRDN1_Orenburg[0m
[35mК.ракета                22 Koord X: 4153490     Y: 3631948     Speed:394      X: 315      Y: 238      Пропала[0m
[RLS3_Dnepr] В 17:12:33:062 Обнаружена цель id:42d282b с координатами 6368650 1603225 тип:BB_BR скорость:9586
[RLS3_Dnepr] Цель id:42d282b движется в направлении СПРО
[35mБал.блок       767543b  11 Koord X: 4939064     Y: 7235008     Speed:9723     X: 7668     Y: -5979    Пропала[0m
К.ракета       425357r  22 Koord X: 4444000     Y: 1259000     Speed:700      X: 429      Y: 554      Ttl  88
Бал.блок       176465b  11 Koord X: 6593000     Y: 2222000     Speed:9742     X: -1911    Y: 9553     Ttl 224
[КП от RLS3_Dnepr] Обнаружена цель id:42d282b координаты X:6368650 Y:1603225 тип:BB_BR скорость:9586
[КП от RLS3_Dnepr] !!! цель движется в направлении СПРО id:42d282b !!!
[RLS3_Dnepr] В 17:12:55:006 Обнаружена цель id:09337cb с координатами 5709705 1548420 тип:BB_BR скорость:9967
[RLS3_Dnepr] Цель id:09337cb движется в направлении СПРО
[КП от RLS3_Dnepr] Обнаружена цель id:09337cb координаты X:5709705 Y:1548420 тип:BB_BR скорость:9967
[КП от RLS3_Dnepr] !!! цель движется в направлении СПРО id:09337cb !!!
[SPRO_Omsk] В 17:12:57:388 Обнаружена цель id:bec8b6b координаты 6628698 4540440 тип:BB_BR скорость:8084
[SPRO_Omsk] Стрельба по цели id:bec8b6b тип:BB_BR. Осталось противоракет: 4
[КП от SPRO_Omsk] Обнаружена цель id:bec8b6b координаты X:6628698 Y:4540440 тип:BB_BR скорость:8084
[35mСамолет        adea91s  19 Koord X: 8838040     Y: 3395464     Speed:53       X: -40      Y: 36       Пропала[0m
[КП от SPRO_Omsk] Стрельба по цели id:bec8b6b тип:BB_BR AMMO:4
[32mБал.блок       bec8b6b  45 Koord X: 6619630     Y: 4509400     Speed:8084     X: -2267    Y: -7760    		Уничтожена SPRO_Omsk[0m
К.ракета       d9bd2er  19 Koord X: 3081000     Y: 4676000     Speed:742      X: 594      Y: -446     Ttl 192
[ZRDN1_Orenburg] Цель id:4d8f61r УНИЧТОЖЕНА
К.ракета       ceaaf4r  45 Koord X: 10713000    Y: 3744000     Speed:496      X: -83      Y: -490     Ttl 163
[КП от ZRDN1_Orenburg] >>> Цель id:4d8f61r УНИЧТОЖЕНА (KR) <<<
[35mБал.блок       57361bb  25 Koord X: 10670868    Y: 2900774     Speed:9783     X: -6164    Y: 7598     Пропала[0m
Бал.блок       1a1255b  25 Koord X: 7309000     Y: 4234000     Speed:8232     X: 1877     Y: 8016     Ttl 182
[SPRO_Omsk] Цель id:bec8b6b УНИЧТОЖЕНА
[КП от SPRO_Omsk] >>> Цель id:bec8b6b УНИЧТОЖЕНА (BB_BR) <<<
[RLS3_Dnepr] В 17:13:47:564 Обнаружена цель id:8d7276r с координатами 7109680 2797120 тип:KR скорость:970
[КП от RLS3_Dnepr] Обнаружена цель id:8d7276r координаты X:7109680 Y:2797120 тип:KR скорость:970
[SPRO_Omsk] В 17:13:50:203 Обнаружена цель id:53ad06r координаты 5205064 2400504 тип:KR скорость:693
[КП от SPRO_Omsk] Обнаружена цель id:53ad06r координаты X:5205064 Y:2400504 тип:KR скорость:693
[35mК.ракета       82d8b9r  41 Koord X: 8980816     Y: 5872496     Speed:979      X: -67      Y: -977     Пропала[0m
Бал.блок       2bc41cb  41 Koord X: 4334000     Y: 4973000     Speed:9588     X: 2786     Y: -9175    Ttl  68
[RLS3_Dnepr] В 17:14:03:204 Обнаружена цель id:bb42a7r с координатами 6902660 2319140 тип:KR скорость:563
[35mК.ракета       18d0fdr  10 Koord X: 9953440     Y: 5589470     Speed:317      X: -308     Y: -79      Пропала[0m
[КП от RLS3_Dnepr] Обнаружена цель id:bb42a7r координаты X:6902660 Y:2319140 тип:KR скорость:563
Самолет        b3792cs  10 Koord X: 7736000     Y: 4948000     Speed:155      X: -7       Y: 155      Ttl 208
[35mК.ракета       1b1820r  23 Koord X: 11180820    Y: 4613760     Speed:485      X: -38      Y: -484     Пропала[0m
[RLS1_Voronezh] В 17:14:23:831 Обнаружена цель id:0f16fes с координатами 1452568 4073585 тип:SAM скорость:226
[КП от RLS1_Voronezh] Обнаружена цель id:0f16fes координаты X:1452568 Y:4073585 тип:SAM скорость:226
К.ракета       74eb9er  23 Koord X: 4872000     Y: 1636000     Speed:321      X: 286      Y: 147      Ttl  20
[35mСамолет        7c9e4ds  26 Koord X: 11562706    Y: 1974581     Speed:89       X: -74      Y: 51       Пропала[0m
К.ракета       d597c8r  26 Koord X: 6779000     Y: 1697000     Speed:512      X: -265     Y: 439      Ttl 104
[RLS1_Voronezh] В 17:14:42:390 Обнаружена цель id:d107e6s с координатами 2287784 1035736 тип:SAM скорость:89
[КП от RLS1_Voronezh] Обнаружена цель id:d107e6s координаты X:2287784 Y:1035736 тип:SAM скорость:89
[35mСамолет        be9d4es  24 Koord X: 3758528     Y: 1341472     Speed:122      X: 3        Y: 122      Пропала[0m
Бал.блок       386958b  24 Koord X: 10851000    Y: 4451000     Speed:9880     X: -6653    Y: -7305    Ttl 160
[35mК.ракета       212baar  48 Koord X: 4062220     Y: 5502122     Speed:755      X: 190      Y: -731     Пропала[0m
[RLS3_Dnepr] В 17:14:54:541 Обнаружена цель id:1bf57bs с координатами 6500068 2268592 тип:SAM скорость:213
[КП от RLS3_Dnepr] Обнаружена цель id:1bf57bs координаты X:6500068 Y:2268592 тип:SAM скорость:213
Самолет        a23b0cs  48 Koord X: 6620000     Y: 3528000     Speed:181      X: -88      Y: 159      Ttl 143
[RLS3_Dnepr] В 17:15:08:831 Обнаружена цель id:176465b с координатами 6549047 2441719 тип:BB_BR скорость:9742
[RLS3_Dnepr] Цель id:176465b движется в направлении СПРО
[SPRO_Omsk] В 17:15:09:616 Обнаружена цель id:857825b координаты 5225464 5157120 тип:BB_BR скорость:8660
[SPRO_Omsk] Стрельба по цели id:857825b тип:BB_BR. Осталось противоракет: 3
[КП от RLS3_Dnepr] Обнаружена цель id:176465b координаты X:6549047 Y:2441719 тип:BB_BR скорость:9742
[КП от RLS3_Dnepr] !!! цель движется в направлении СПРО id:176465b !!!
[КП от SPRO_Omsk] Обнаружена цель id:857825b координаты X:5225464 Y:5157120 тип:BB_BR скорость:8660
[КП от SPRO_Omsk] Стрельба по цели id:857825b тип:BB_BR AMMO:3
[32mБал.блок       857825b   2 Koord X: 5234497     Y: 5132760     Speed:8660     X: 3011     Y: -8120    		Уничтожена SPRO_Omsk[0m
Самолет        e6ef05s   2 Koord X: 6743000     Y: 3626000     Speed:140      X: 49       Y: -132     Ttl  15
[RLS3_Dnepr] В 17:15:27:358 Обнаружена цель id:42d282b с координатами 6470230 1872295 тип:BB_BR скорость:9586
[RLS3_Dnepr] Цель id:42d282b движется в направлении СПРО
[КП от RLS3_Dnepr] Обнаружена цель id:42d282b координаты X:6470230 Y:1872295 тип:BB_BR скорость:9586
[КП от RLS3_Dnepr] !!! цель движется в направлении СПРО id:42d282b !!!
[SPRO_Omsk] В 17:15:29:296 Обнаружена цель id:53ad06r координаты 5208448 2412528 тип:KR скорость:693
[35mСамолет        aaf3ebs  37 Koord X: 5277780     Y: 5279807     Speed:219      X: -60      Y: 211      Пропала[0m
[RLS1_Voronezh] В 17:15:34:636 Обнаружена цель id:425357r с координатами 4455583 1273958 тип:KR скорость:700
Самолет        cf8daes  37 Koord X: 9350000     Y: 7638000     Speed:118      X: -84      Y: -84      Ttl 101
[КП от RLS1_Voronezh] Обнаружена цель id:425357r координаты X:4455583 Y:1273958 тип:KR скорость:700
[КП от SPRO_Omsk] Обнаружена цель id:53ad06r координаты X:5208448 Y:2412528 тип:KR скорость:693
[RLS3_Dnepr] В 17:15:50:824 Обнаружена цель id:d84d52r с координатами 7826158 2513896 тип:KR скорость:415
[КП от RLS3_Dnepr] Обнаружена цель id:d84d52r координаты X:7826158 Y:2513896 тип:KR скорость:415
[SPRO_Omsk] Цель id:857825b УНИЧТОЖЕНА
[КП от SPRO_Omsk] >>> Цель id:857825b УНИЧТОЖЕНА (BB_BR) <<<
[35mСамолет        1bf57bs   7 Koord X: 6501556     Y: 2271664     Speed:213      X: 93       Y: 192      Пропала[0m
[RLS3_Dnepr] В 17:16:05:359 Обнаружена цель id:09337cb с координатами 5755571 1884204 тип:BB_BR скорость:9967
[RLS3_Dnepr] Цель id:09337cb движется в направлении СПРО
К.ракета       8262afr   7 Koord X: 2063000     Y: 4207000     Speed:776      X: 33       Y: 776      Ttl  57
[35mБал.блок       09337cb  12 Koord X: 5760967     Y: 1923708     Speed:9967     X: 1349     Y: 9876     Пропала[0m
[КП от RLS3_Dnepr] Обнаружена цель id:09337cb координаты X:5755571 Y:1884204 тип:BB_BR скорость:9967
[КП от RLS3_Dnepr] !!! цель движется в направлении СПРО id:09337cb !!!
[35mБал.блок       dd61a1b  31 Koord X: 3324960     Y: 5426400     Speed:9586     X: 5656     Y: 7740     Пропала[0m
Самолет        72e938s  12 Koord X: 6494000     Y: 1404000     Speed:192      X: 1        Y: 192      Ttl 103
Бал.блок       0d61cab  31 Koord X: 5282000     Y: 7610000     Speed:9407     X: 6098     Y: -7164    Ttl  27
[SPRO_Omsk] В 17:16:20:842 Обнаружена цель id:c70326s координаты 5241744 4341552 тип:SAM скорость:104
[КП от SPRO_Omsk] Обнаружена цель id:c70326s координаты X:5241744 Y:4341552 тип:SAM скорость:104
[35mК.ракета       74eb9er  23 Koord X: 4877720     Y: 1638940     Speed:321      X: 286      Y: 147      Пропала[0m
Самолет        8df852s  23 Koord X: 5895000     Y: 5399000     Speed:109      X: -18      Y: 108      Ttl  12
[35mК.ракета       689fd9r  49 Koord X: 6470184     Y: 6399742     Speed:410      X: 32       Y: -409     Пропала[0m
[35mСамолет        b66dbbs  30 Koord X: 7374536     Y: 4424208     Speed:74       X: -31      Y: -68      Пропала[0m
[35mСамолет        c70326s  36 Koord X: 5241672     Y: 4342176     Speed:104      X: -12      Y: 104      Пропала[0m
К.ракета       687e32r  49 Koord X: 1829000     Y: 6220000     Speed:447      X: 170      Y: -414     Ttl  87
[SPRO_Omsk] В 17:16:39:664 Обнаружена цель id:aaf3ebs координаты 5277780 5279807 тип:SAM скорость:219
Бал.блок       447564b  30 Koord X: 9102000     Y: 1635000     Speed:8892     X: -5702    Y: 6824     Ttl 174
Самолет        d266c9s  36 Koord X: 9090000     Y: 6224000     Speed:60       X: -47      Y: -38      Ttl 125
[КП от SPRO_Omsk] Обнаружена цель id:aaf3ebs координаты X:5277780 Y:5279807 тип:SAM скорость:219
[RLS1_Voronezh] В 17:16:46:618 Обнаружена цель id:0f16fes с координатами 1454296 4078745 тип:SAM скорость:226
[КП от RLS1_Voronezh] Обнаружена цель id:0f16fes координаты X:1454296 Y:4078745 тип:SAM скорость:226
[35mСамолет        e6ef05s   2 Koord X: 6743735     Y: 3624020     Speed:140      X: 49       Y: -132     Пропала[0m
Бал.блок       bff59fb   2 Koord X: 3506000     Y: 5197000     Speed:8457     X: 2686     Y: -8020    Ttl 153
[RLS3_Dnepr] В 17:16:56:799 Обнаружена цель id:74eb9er с координатами 4877720 1638940 тип:KR скорость:321
[КП от RLS3_Dnepr] Обнаружена цель id:74eb9er координаты X:4877720 Y:1638940 тип:KR скорость:321
[RLS1_Voronezh] В 17:17:00:645 Обнаружена цель id:d107e6s с координатами 2289959 1036311 тип:SAM скорость:89
[35mБал.блок       015dbdb  17 Koord X: 7574477     Y: 4640293     Speed:8698     X: -4909    Y: -7181    Пропала[0m
[КП от RLS1_Voronezh] Обнаружена цель id:d107e6s координаты X:2289959 Y:1036311 тип:SAM скорость:89
Самолет        32bacbs  17 Koord X: 8850000     Y: 2834000     Speed:195      X: -109     Y: 162      Ttl  38
[RLS3_Dnepr] В 17:17:12:286 Обнаружена цель id:9ea14cb с координатами 7231452 3095786 тип:BB_BR скорость:8489
[КП от RLS3_Dnepr] Обнаружена цель id:9ea14cb координаты X:7231452 Y:3095786 тип:BB_BR скорость:8489
[35mСамолет        d107e6s  46 Koord X: 2290568     Y: 1036472     Speed:89       X: 87       Y: 23       Пропала[0m
[SPRO_Omsk] В 17:17:29:248 Обнаружена цель id:4be772b координаты 6757738 4287940 тип:BB_BR скорость:9397
[SPRO_Omsk] Стрельба по цели id:4be772b тип:BB_BR. Осталось противоракет: 2
[32mБал.блок       4be772b  40 Koord X: 6751849     Y: 4260370     Speed:9397     X: -1963    Y: -9190    		Уничтожена SPRO_Omsk[0m
[RLS3_Dnepr] В 17:17:31:567 Обнаружена цель id:d597c8r с координатами 6772110 1708414 тип:KR скорость:512
К.ракета       a5d655r  46 Koord X: 7400000     Y: 4652000     Speed:384      X: 66       Y: -379     Ttl 102
[35mСамолет        8df852s  23 Koord X: 5894784     Y: 5400296     Speed:109      X: -18      Y: 108      Пропала[0m
К.ракета       255625r  40 Koord X: 1767000     Y: 5130000     Speed:437      X: 283      Y: -334     Ttl 171
[КП от RLS3_Dnepr] Обнаружена цель id:d597c8r координаты X:6772110 Y:1708414 тип:KR скорость:512
[КП от SPRO_Omsk] Обнаружена цель id:4be772b координаты X:6757738 Y:4287940 тип:BB_BR скорость:9397
[КП от SPRO_Omsk] Стрельба по цели id:4be772b тип:BB_BR AMMO:2
К.ракета       9a7c29r  23 Koord X: 6008000     Y: 3645000     Speed:547      X: 167      Y: -521     Ttl  64
[SPRO_Omsk] В 17:17:51:301 Обнаружена цель id:2bc41cb координаты 4434296 4642700 тип:BB_BR скорость:9588
[SPRO_Omsk] Стрельба по цели id:2bc41cb тип:BB_BR. Осталось противоракет: 1
[КП от SPRO_Omsk] Обнаружена цель id:2bc41cb координаты X:4434296 Y:4642700 тип:BB_BR скорость:9588
[RLS3_Dnepr] В 17:17:52:887 Обнаружена цель id:bb42a7r с координатами 6905980 2341420 тип:KR скорость:563
[КП от SPRO_Omsk] Стрельба по цели id:2bc41cb тип:BB_BR AMMO:1
[35mК.ракета       e8a113r   8 Koord X: 11299224    Y: 3042561     Speed:951      X: -16      Y: 951      Пропала[0m
[КП от RLS3_Dnepr] Обнаружена цель id:bb42a7r координаты X:6905980 Y:2341420 тип:KR скорость:563
[32mБал.блок       2bc41cb  41 Koord X: 4445440     Y: 4606000     Speed:9588     X: 2786     Y: -9175    		Уничтожена SPRO_Omsk[0m
[RLS1_Voronezh] В 17:17:58:154 Обнаружена цель id:425357r с координатами 4466308 1287808 тип:KR скорость:700
[КП от RLS1_Voronezh] Обнаружена цель id:425357r координаты X:4466308 Y:1287808 тип:KR скорость:700
[RLS2_Daryal] В 17:18:00:283 Обнаружена цель id:cf8daes с координатами 9348236 7636236 тип:SAM скорость:118
[КП от RLS2_Daryal] Обнаружена цель id:cf8daes координаты X:9348236 Y:7636236 тип:SAM скорость:118
Бал.блок       5f1f32b   8 Koord X: 7281000     Y: 1807000     Speed:9850     X: -5271    Y: 8322     Ttl 212
Самолет        dad54bs  41 Koord X: 5545000     Y: 4988000     Speed:140      X: 105      Y: -94      Ttl 173
[35mК.ракета       aacf6er  27 Koord X: 10797820    Y: 2650856     Speed:875      X: -670     Y: 564      Пропала[0m
[SPRO_Omsk] Цель id:4be772b УНИЧТОЖЕНА
[КП от SPRO_Omsk] >>> Цель id:4be772b УНИЧТОЖЕНА (BB_BR) <<<
Самолет        8b15f4s  27 Koord X: 9736000     Y: 7695000     Speed:239      X: -183     Y: -155     Ttl  79
[35mБал.блок       ed5a6bb  28 Koord X: 5310280     Y: 6980560     Speed:8164     X: 7568     Y: -3064    Пропала[0m
[35mК.ракета       f0fd3ar  20 Koord X: 10079455    Y: 5764115     Speed:740      X: -549     Y: -497     Пропала[0m
Самолет        430857s  28 Koord X: 11037000    Y: 1239000     Speed:243      X: -102     Y: 221      Ttl 141
[SPRO_Omsk] Цель id:2bc41cb УНИЧТОЖЕНА
Самолет        0a67abs  20 Koord X: 8289000     Y: 6779000     Speed:79       X: -52      Y: -60      Ttl 199
[КП от SPRO_Omsk] >>> Цель id:2bc41cb УНИЧТОЖЕНА (BB_BR) <<<
[SPRO_Omsk] В 17:18:54:545 Обнаружена цель id:a23b0cs координаты 6616920 3533565 тип:SAM скорость:181
[RLS3_Dnepr] В 17:18:54:907 Обнаружена цель id:d84d52r с координатами 7820848 2525176 тип:KR скорость:415
[КП от SPRO_Omsk] Обнаружена цель id:a23b0cs координаты X:6616920 Y:3533565 тип:SAM скорость:181
[КП от RLS3_Dnepr] Обнаружена цель id:d84d52r координаты X:7820848 Y:2525176 тип:KR скорость:415
[RLS1_Voronezh] В 17:18:58:493 Обнаружена цель id:0f16fes с координатами 1455880 4083475 тип:SAM скорость:226
[КП от RLS1_Voronezh] Обнаружена цель id:0f16fes координаты X:1455880 Y:4083475 тип:SAM скорость:226
[35mБал.блок       0d61cab  31 Koord X: 5446646     Y: 7416572     Speed:9407     X: 6098     Y: -7164    Пропала[0m
Бал.блок       0a7a4bb  31 Koord X: 3863000     Y: 3293000     Speed:9013     X: 6300     Y: 6446     Ttl 192
[35mК.ракета       e152a6r  33 Koord X: 7779016     Y: 5055080     Speed:566      X: -88      Y: 560      Пропала[0m
К.ракета       6e00e7r  33 Koord X: 10175000    Y: 7161000     Speed:282      X: -77      Y: -272     Ttl 207
[RLS2_Daryal] В 17:19:30:410 Обнаружена цель id:8b15f4s с координатами 9734536 7693760 тип:SAM скорость:239
[КП от RLS2_Daryal] Обнаружена цель id:8b15f4s координаты X:9734536 Y:7693760 тип:SAM скорость:239
[SPRO_Omsk] В 17:19:46:634 Обнаружена цель id:fb29a6s координаты 6449620 4927210 тип:SAM скорость:213
[RLS3_Dnepr] В 17:19:47:069 Обнаружена цель id:447564b с координатами 8948046 1819248 тип:BB_BR скорость:8892
[КП от SPRO_Omsk] Обнаружена цель id:fb29a6s координаты X:6449620 Y:4927210 тип:SAM скорость:213
[RLS3_Dnepr] Цель id:447564b движется в направлении СПРО
[КП от RLS3_Dnepr] Обнаружена цель id:447564b координаты X:8948046 Y:1819248 тип:BB_BR скорость:8892
[КП от RLS3_Dnepr] !!! цель движется в направлении СПРО id:447564b !!!
[35mК.ракета       8d7276r  42 Koord X: 7085493     Y: 2857487     Speed:970      X: -361     Y: 901      Пропала[0m
[SPRO_Omsk] В 17:20:03:274 Обнаружена цель id:9a7c29r координаты 6011173 3635101 тип:KR скорость:547
[RLS3_Dnepr] В 17:20:03:708 Обнаружена цель id:d597c8r с координатами 6765485 1719389 тип:KR скорость:512
[35mБал.блок       bb5c7cb   9 Koord X: 7069486     Y: 4731904     Speed:8790     X: 1894     Y: -8584    Пропала[0m
Бал.блок       7a9738b  42 Koord X: 3927000     Y: 7838000     Speed:8272     X: 412      Y: -8262    Ttl 189
Бал.блок       58ddc1b   9 Koord X: 5699000     Y: 4520000     Speed:9416     X: 3755     Y: -8635    Ttl 291
[КП от RLS3_Dnepr] Обнаружена цель id:d597c8r координаты X:6765485 Y:1719389 тип:KR скорость:512
[КП от SPRO_Omsk] Обнаружена цель id:9a7c29r координаты X:6011173 Y:3635101 тип:KR скорость:547
[35mБал.блок       9ea14cb  38 Koord X: 7268874     Y: 2818157     Speed:8489     X: 1134     Y: -8413    Пропала[0m
Бал.блок       fc6442b  38 Koord X: 3165000     Y: 4707000     Speed:8510     X: 6183     Y: -5848    Ttl 117
[SPRO_Omsk] В 17:20:20:780 Обнаружена цель id:176465b координаты 6451586 2928922 тип:BB_BR скорость:9742
[SPRO_Omsk] Стрельба по цели id:176465b тип:BB_BR. Осталось противоракет: 0
[SPRO_Omsk] Боекомплект исчерпан! Переход в режим обнаружения
[RLS3_Dnepr] В 17:20:21:121 Обнаружена цель id:42d282b с координатами 6636144 2311776 тип:BB_BR скорость:9586
[RLS3_Dnepr] Цель id:42d282b движется в направлении СПРО
[КП от SPRO_Omsk] Обнаружена цель id:176465b координаты X:6451586 Y:2928922 тип:BB_BR скорость:9742
[КП от SPRO_Omsk] Стрельба по цели id:176465b тип:BB_BR AMMO:0
[RLS1_Voronezh] В 17:20:23:053 Обнаружена цель id:425357r с координатами 4476175 1300550 тип:KR скорость:700
[КП от RLS3_Dnepr] Обнаружена цель id:42d282b координаты X:6636144 Y:2311776 тип:BB_BR скорость:9586
[КП от RLS3_Dnepr] !!! цель движется в направлении СПРО id:42d282b !!!
[32mБал.блок       176465b  11 Koord X: 6445853     Y: 2957581     Speed:9742     X: -1911    Y: 9553     		Уничтожена SPRO_Omsk[0m
[КП] !!! SPRO_Omsk: боекомплект исчерпан! !!!
[КП от RLS1_Voronezh] Обнаружена цель id:425357r координаты X:4476175 Y:1300550 тип:KR скорость:700
[35mК.ракета       b1c9f5r  47 Koord X: 3353495     Y: 5548030     Speed:260      X: 137      Y: -222     Пропала[0m
Бал.блок       23169eb  11 Koord X: 3827000     Y: 4786000     Speed:9310     X: 4763     Y: 8000     Ttl 237
Бал.блок       c44768b  47 Koord X: 7341000     Y: 6162000     Speed:9601     X: 1336     Y: -9508    Ttl 156
[RLS3_Dnepr] В 17:20:45:956 Обнаружена цель id:bb42a7r с координатами 6908221 2356459 тип:KR скорость:563
[КП от RLS3_Dnepr] Обнаружена цель id:bb42a7r координаты X:6908221 Y:2356459 тип:KR скорость:563
[35mСамолет        0f16fes  44 Koord X: 1457464     Y: 4088205     Speed:226      X: 72       Y: 215      Пропала[0m
Самолет        9779a0s  44 Koord X: 9940000     Y: 2205000     Speed:240      X: -135     Y: 199      Ttl  67
[35mК.ракета       53ad06r   4 Koord X: 5219352     Y: 2451272     Speed:693      X: 188      Y: 668      Пропала[0m
[SPRO_Omsk] Цель id:176465b УНИЧТОЖЕНА
Самолет        479352s   4 Koord X: 6399000     Y: 1979000     Speed:194      X: 186      Y: 58       Ttl  68
[35mСамолет        fb29a6s  15 Koord X: 6450742     Y: 4930661     Speed:213      X: 66       Y: 203      Пропала[0m
[35mСамолет        32bacbs  17 Koord X: 8845858     Y: 2840156     Speed:195      X: -109     Y: 162      Пропала[0m
[КП от SPRO_Omsk] >>> Цель id:176465b УНИЧТОЖЕНА (BB_BR) <<<
Самолет        d2dc80s  15 Koord X: 6175000     Y: 3495000     Speed:213      X: 165      Y: 136      Ttl  26
К.ракета       c2fe2ar  17 Koord X: 9742000     Y: 3056000     Speed:726      X: -63      Y: 724      Ttl 123
[SPRO_Omsk] В 17:21:17:783 Обнаружена цель id:a23b0cs координаты 6614720 3537540 тип:SAM скорость:181
[КП от SPRO_Omsk] Обнаружена цель id:a23b0cs координаты X:6614720 Y:3537540 тип:SAM скорость:181
[35mБал.блок       bf9366b  50 Koord X: 7194106     Y: 4396864     Speed:9532     X: -834     Y: -9496    Пропала[0m
[35mК.ракета       425357r  22 Koord X: 4481752     Y: 1307752     Speed:700      X: 429      Y: 554      Пропала[0m
К.ракета       bc6249r  50 Koord X: 7233000     Y: 4712000     Speed:929      X: 884      Y: 288      Ttl  61
Бал.блок       54eb45b  22 Koord X: 10472000    Y: 5430000     Speed:8186     X: -3637    Y: -7334    Ttl 190
[SPRO_Omsk] В 17:21:36:878 Обнаружена цель id:dad54bs координаты 5548150 4985180 тип:SAM скорость:140
[RLS2_Daryal] В 17:21:37:901 Обнаружена цель id:cf8daes с координатами 9345380 7633380 тип:SAM скорость:118
[КП от RLS2_Daryal] Обнаружена цель id:cf8daes координаты X:9345380 Y:7633380 тип:SAM скорость:118
[КП от SPRO_Omsk] Обнаружена цель id:dad54bs координаты X:5548150 Y:4985180 тип:SAM скорость:140
[35mК.ракета       d84d52r   3 Koord X: 7815007     Y: 2537584     Speed:415      X: -177     Y: 376      Пропала[0m
Бал.блок       7b52ceb   3 Koord X: 6899000     Y: 4492000     Speed:9616     X: -4096    Y: -8701    Ttl 232
[35mК.ракета       8262afr   7 Koord X: 2064881     Y: 4251232     Speed:776      X: 33       Y: 776      Пропала[0m
[RLS2_Daryal] В 17:22:00:119 Обнаружена цель id:6e00e7r с координатами 10173306 7155016 тип:KR скорость:282
[КП от RLS2_Daryal] Обнаружена цель id:6e00e7r координаты X:10173306 Y:7155016 тип:KR скорость:282
Самолет        2b5250s   7 Koord X: 9144000     Y: 3764000     Speed:55       X: -3       Y: 55       Ttl 195
[ZRDN1_Orenburg] В 17:22:06:717 Обнаружена цель id:0a7a4bb координаты 4026800 3460596 тип:BB_BR скорость:9013
[КП от ZRDN1_Orenburg] Обнаружена цель id:0a7a4bb координаты X:4026800 Y:3460596 тип:BB_BR скорость:9013
[RLS2_Daryal] В 17:22:14:743 Обнаружена цель id:8b15f4s с координатами 9729595 7689575 тип:SAM скорость:239
[КП от RLS2_Daryal] Обнаружена цель id:8b15f4s координаты X:9729595 Y:7689575 тип:SAM скорость:239
[SPRO_Omsk] В 17:22:27:673 Обнаружена цель id:9a7c29r координаты 6015014 3623118 тип:KR скорость:547
[КП от SPRO_Omsk] Обнаружена цель id:9a7c29r координаты X:6015014 Y:3623118 тип:KR скорость:547
[SPRO_Omsk] Автопополнение боекомплекта: 10
[КП] SPRO_Omsk: боекомплект пополнен AMMO:10
[35mБал.блок       b990d8b  32 Koord X: 2713961     Y: 3740248     Speed:9605     X: 1857     Y: -9424    Пропала[0m
Бал.блок       4d9812b  32 Koord X: 8381000     Y: 1693000     Speed:9318     X: -1092    Y: 9254     Ttl 236
[RLS3_Dnepr] В 17:22:54:090 Обнаружена цель id:72e938s с координатами 6494061 1415712 тип:SAM скорость:192
[КП от RLS3_Dnepr] Обнаружена цель id:72e938s координаты X:6494061 Y:1415712 тип:SAM скорость:192
[RLS3_Dnepr] В 17:23:09:914 Обнаружена цель id:d597c8r с координатами 6757535 1732559 тип:KR скорость:512
[КП от RLS3_Dnepr] Обнаружена цель id:d597c8r координаты X:6757535 Y:1732559 тип:KR скорость:512
[SPRO_Omsk] В 17:23:19:930 Обнаружена цель id:58ddc1b координаты 5800385 4286855 тип:BB_BR скорость:9416
[35mСамолет        a476b3s  43 Koord X: 4225673     Y: 4639228     Speed:131      X: 113      Y: 68       Пропала[0m
[SPRO_Omsk] Стрельба по цели id:58ddc1b тип:BB_BR. Осталось противоракет: 9
[КП от SPRO_Omsk] Обнаружена цель id:58ddc1b координаты X:5800385 Y:4286855 тип:BB_BR скорость:9416
[КП от SPRO_Omsk] Стрельба по цели id:58ddc1b тип:BB_BR AMMO:9
[32mБал.блок       58ddc1b   9 Koord X: 5811650     Y: 4260950     Speed:9416     X: 3755     Y: -8635    		Уничтожена SPRO_Omsk[0m
[35mСамолет        feee3bs  16 Koord X: 1747740     Y: 4435432     Speed:210      X: 45       Y: 206      Пропала[0m
Самолет        23d6d9s  43 Koord X: 7782000     Y: 3358000     Speed:173      X: 24       Y: 172      Ttl  51
[RLS3_Dnepr] В 17:23:27:711 Обнаружена цель id:42d282b с координатами 6737724 2580846 тип:BB_BR скорость:9586
[RLS3_Dnepr] Цель id:42d282b движется в направлении СПРО
[КП от RLS3_Dnepr] Обнаружена цель id:42d282b координаты X:6737724 Y:2580846 тип:BB_BR скорость:9586
[КП от RLS3_Dnepr] !!! цель движется в направлении СПРО id:42d282b !!!
К.ракета       2e5f12r   9 Koord X: 10984000    Y: 3010000     Speed:667      X: -608     Y: 276      Ttl 112
Бал.блок       81b9f3b  16 Koord X: 3967000     Y: 5805000     Speed:8157     X: 5890     Y: -5644    Ttl  29
[RLS2_Daryal] В 17:23:49:948 Обнаружена цель id:8b15f4s с координатами 9726850 7687250 тип:SAM скорость:239
[КП от RLS2_Daryal] Обнаружена цель id:8b15f4s координаты X:9726850 Y:7687250 тип:SAM скорость:239
[35mСамолет        d2dc80s  15 Koord X: 6179290     Y: 3498536     Speed:213      X: 165      Y: 136      Пропала[0m
Бал.блок       af913eb  15 Koord X: 7723000     Y: 2430000     Speed:9601     X: 5809     Y: 7645     Ttl 180
[SPRO_Omsk] Цель id:58ddc1b УНИЧТОЖЕНА
[КП от SPRO_Omsk] >>> Цель id:58ddc1b УНИЧТОЖЕНА (BB_BR) <<<
[35mБал.блок       31b52cb  18 Koord X: 2950617     Y: 5764667     Speed:9939     X: 89       Y: 9939     Пропала[0m
[SPRO_Omsk] В 17:24:19:475 Обнаружена цель id:a23b0cs координаты 6612168 3542151 тип:SAM скорость:181
[КП от SPRO_Omsk] Обнаружена цель id:a23b0cs координаты X:6612168 Y:3542151 тип:SAM скорость:181
Самолет        f88600s  18 Koord X: 10293000    Y: 1930000     Speed:85       X: -12      Y: 85       Ttl 114
[35mК.ракета       9a7c29r  23 Koord X: 6018688     Y: 3611656     Speed:547      X: 167      Y: -521     Пропала[0m
[RLS3_Dnepr] В 17:24:22:052 Обнаружена цель id:479352s с координатами 6404208 1980624 тип:SAM скорость:194
[КП от RLS3_Dnepr] Обнаружена цель id:479352s координаты X:6404208 Y:1980624 тип:SAM скорость:194
Самолет        4ab0efs  23 Koord X: 6125000     Y: 2323000     Speed:166      X: 72       Y: 150      Ttl 143
[SPRO_Omsk] В 17:24:37:149 Обнаружена цель id:dad54bs координаты 5551300 4982360 тип:SAM скорость:140
[КП от SPRO_Omsk] Обнаружена цель id:dad54bs координаты X:5551300 Y:4982360 тип:SAM скорость:140
[ZRDN1_Orenburg] В 17:24:48:206 Обнаружена цель id:0a7a4bb координаты 4190600 3628192 тип:BB_BR скорость:9013
[КП от ZRDN1_Orenburg] Обнаружена цель id:0a7a4bb координаты X:4190600 Y:3628192 тип:BB_BR скорость:9013
[35mК.ракета       d597c8r  26 Koord X: 6751440     Y: 1742656     Speed:512      X: -265     Y: 439      Пропала[0m
[35mК.ракета       29437er   6 Koord X: 3146290     Y: 4798874     Speed:775      X: 285      Y: 721      Пропала[0m
