06.04 13:48:42:375 KP_VKO Запуск КП ВКО
06.04 13:48:54:641 KP_VKO от RLS1_Voronezh: Обнаружена цель id:7a05b1s координаты X:1680060 Y:917128 тип:SAM скорость:70
06.04 13:48:55:530 KP_VKO от RLS3_Dnepr: Обнаружена цель id:b6ae61b координаты X:6114190 Y:913708 тип:BB_BR скорость:9439
06.04 13:48:55:939 KP_VKO от RLS3_Dnepr: цель движется в направлении СПРО id:b6ae61b
06.04 13:48:56:686 KP_VKO от SPRO_Omsk: Обнаружена цель id:3791a1s координаты X:5252876 Y:3784190 тип:SAM скорость:113
06.04 13:48:58:668 KP_VKO от RLS1_Voronezh: Обнаружена цель id:c30310r координаты X:1878579 Y:2849149 тип:KR скорость:428
06.04 13:48:59:078 KP_VKO от RLS3_Dnepr: Обнаружена цель id:e96b4bs координаты X:7526555 Y:1111462 тип:SAM скорость:240
06.04 13:48:59:528 KP_VKO от SPRO_Omsk: Обнаружена цель id:dfa761s координаты X:6697276 Y:4003490 тип:SAM скорость:193
06.04 13:49:00:890 KP_VKO от RLS1_Voronezh: Обнаружена цель id:7db36fr координаты X:1867768 Y:2484648 тип:KR скорость:334
06.04 13:49:02:341 KP_VKO от RLS3_Dnepr: Обнаружена цель id:4857afs координаты X:8908564 Y:1018168 тип:SAM скорость:116
06.04 13:49:03:865 KP_VKO от SPRO_Omsk: Обнаружена цель id:c94c64r координаты X:5034318 Y:4088929 тип:KR скорость:372
06.04 13:49:06:355 KP_VKO от RLS3_Dnepr: Обнаружена цель id:cdab0er координаты X:7028792 Y:2378040 тип:KR скорость:547
06.04 13:49:08:840 KP_VKO от SPRO_Omsk: Обнаружена цель id:c61190r координаты X:6230412 Y:2752260 тип:KR скорость:690
06.04 13:49:13:369 KP_VKO от RLS3_Dnepr: Обнаружена цель id:1d4472s координаты X:6236420 Y:2332280 тип:SAM скорость:100
06.04 13:49:25:599 KP_VKO от RLS3_Dnepr: Обнаружена цель id:eb3247s координаты X:6957622 Y:1444588 тип:SAM скорость:116
06.04 13:49:26:107 KP_VKO от SPRO_Omsk: Обнаружена цель id:421f29b координаты X:6556685 Y:4830970 тип:BB_BR скорость:9742
06.04 13:49:26:551 KP_VKO от SPRO_Omsk: Стрельба по цели id:421f29b тип:BB_BR AMMO:9
06.04 13:49:34:239 KP_VKO от RLS3_Dnepr: Обнаружена цель id:c3a711s координаты X:8011816 Y:1967368 тип:SAM скорость:154
06.04 13:49:55:613 KP_VKO от RLS1_Voronezh: Обнаружена цель id:c30310r координаты X:1879930 Y:2851830 тип:KR скорость:428
06.04 13:49:56:044 KP_VKO от RLS3_Dnepr: Обнаружена цель id:7ebe74r координаты X:8063553 Y:2131792 тип:KR скорость:392
06.04 13:49:56:446 KP_VKO от SPRO_Omsk: ПРОМАХ по цели id:421f29b (BB_BR)
06.04 13:49:56:941 KP_VKO от SPRO_Omsk: Обнаружена цель id:92738fr координаты X:5933602 Y:2898105 тип:KR скорость:958
06.04 13:50:55:389 KP_VKO от SPRO_Omsk: Обнаружена цель id:421f29b координаты X:6592203 Y:4699286 тип:BB_BR скорость:9742
06.04 13:50:55:648 KP_VKO от SPRO_Omsk: Стрельба по цели id:421f29b тип:BB_BR AMMO:8
06.04 13:51:25:438 KP_VKO от RLS3_Dnepr: Обнаружена цель id:e96b4bs координаты X:7530440 Y:1114696 тип:SAM скорость:240
06.04 13:51:33:015 KP_VKO от SPRO_Omsk: Цель id:421f29b УНИЧТОЖЕНА (BB_BR)
06.04 13:52:07:817 KP_VKO от RLS3_Dnepr: Обнаружена цель id:4857afs координаты X:8905512 Y:1019344 тип:SAM скорость:116
06.04 13:52:24:905 KP_VKO от SPRO_Omsk: Обнаружена цель id:29ce28s координаты X:5205470 Y:4739458 тип:SAM скорость:169
06.04 13:52:27:389 KP_VKO от RLS3_Dnepr: Обнаружена цель id:c3a711s координаты X:8007820 Y:1968610 тип:SAM скорость:154
06.04 13:52:40:137 KP_VKO от SPRO_Omsk: Обнаружена цель id:b19de1r координаты X:5230859 Y:3014466 тип:KR скорость:908
06.04 13:52:55:239 KP_VKO от SPRO_Omsk: Обнаружена цель id:1131bcb координаты X:4361904 Y:4709231 тип:BB_BR скорость:9592
06.04 13:52:55:675 KP_VKO от SPRO_Omsk: Стрельба по цели id:1131bcb тип:BB_BR AMMO:7
06.04 13:53:05:408 KP_VKO от RLS1_Voronezh: Обнаружена цель id:7a05b1s координаты X:1681230 Y:919624 тип:SAM скорость:70
06.04 13:53:25:565 KP_VKO от RLS3_Dnepr: Обнаружена цель id:b6ae61b координаты X:5803180 Y:1159576 тип:BB_BR скорость:9439
06.04 13:53:25:972 KP_VKO от RLS3_Dnepr: цель движется в направлении СПРО id:b6ae61b
06.04 13:53:26:436 KP_VKO от SPRO_Omsk: Обнаружена цель id:3791a1s координаты X:5250334 Y:3788085 тип:SAM скорость:113
06.04 13:53:27:901 KP_VKO от RLS1_Voronezh: Обнаружена цель id:7db36fr координаты X:1878264 Y:2493504 тип:KR скорость:334
06.04 13:53:40:579 KP_VKO от SPRO_Omsk: ПРОМАХ по цели id:1131bcb (BB_BR)
06.04 13:53:42:067 KP_VKO от RLS3_Dnepr: Обнаружена цель id:e96b4bs координаты X:7534695 Y:1118238 тип:SAM скорость:240
06.04 13:53:55:174 KP_VKO от RLS3_Dnepr: Обнаружена цель id:cdab0er координаты X:7036514 Y:2397930 тип:KR скорость:547
06.04 13:54:03:885 KP_VKO от SPRO_Omsk: Обнаружена цель id:f60f89b координаты X:5242400 Y:3077060 тип:BB_BR скорость:9216
06.04 13:54:05:364 KP_VKO от SPRO_Omsk: Стрельба по цели id:f60f89b тип:BB_BR AMMO:6
06.04 13:54:12:012 KP_VKO от RLS3_Dnepr: Обнаружена цель id:1d4472s координаты X:6240452 Y:2334968 тип:SAM скорость:100
06.04 13:54:55:442 KP_VKO от SPRO_Omsk: ПРОМАХ по цели id:f60f89b (BB_BR)
06.04 13:55:00:088 KP_VKO от SPRO_Omsk: Обнаружена цель id:b65d21s координаты X:4728329 Y:2536000 тип:SAM скорость:137
06.04 13:55:06:672 KP_VKO от RLS3_Dnepr: Обнаружена цель id:c9004ab координаты X:6136743 Y:1419054 тип:BB_BR скорость:9735
06.04 13:55:25:958 KP_VKO от SPRO_Omsk: Обнаружена цель id:3791a1s координаты X:5249094 Y:3789985 тип:SAM скорость:113
06.04 13:55:31:490 KP_VKO от RLS1_Voronezh: Обнаружена цель id:7a05b1s координаты X:1681920 Y:921096 тип:SAM скорость:70
06.04 13:55:39:168 KP_VKO от SPRO_Omsk: Обнаружена цель id:1488fas координаты X:5425016 Y:3582944 тип:SAM скорость:59
06.04 13:55:54:977 KP_VKO от RLS1_Voronezh: Обнаружена цель id:7db36fr координаты X:1884408 Y:2498688 тип:KR скорость:334
06.04 13:55:55:568 KP_VKO от SPRO_Omsk: Обнаружена цель id:4f9c7ab координаты X:6249616 Y:4376768 тип:BB_BR скорость:8147
06.04 13:55:56:055 KP_VKO от SPRO_Omsk: Стрельба по цели id:4f9c7ab тип:BB_BR AMMO:5
06.04 13:55:58:600 KP_VKO от RLS3_Dnepr: Обнаружена цель id:e96b4bs координаты X:7539135 Y:1121934 тип:SAM скорость:240
06.04 13:56:02:126 KP_VKO от ZRDN3_Mahachkala: Обнаружена цель id:0f6f14b координаты X:4074156 Y:2171952 тип:BB_BR скорость:9083
06.04 13:56:25:678 KP_VKO от RLS3_Dnepr: Обнаружена цель id:d6bb36b координаты X:5163535 Y:1291930 тип:BB_BR скорость:9035
06.04 13:56:26:097 KP_VKO от RLS3_Dnepr: цель движется в направлении СПРО id:d6bb36b
06.04 13:56:40:011 KP_VKO от SPRO_Omsk: Цель id:4f9c7ab УНИЧТОЖЕНА (BB_BR)
06.04 13:56:55:297 KP_VKO от SPRO_Omsk: Обнаружена цель id:f60f89b координаты X:5459480 Y:3198722 тип:BB_BR скорость:9216
06.04 13:56:55:716 KP_VKO от SPRO_Omsk: Стрельба по цели id:f60f89b тип:BB_BR AMMO:4
06.04 13:57:10:540 KP_VKO от RLS3_Dnepr: Обнаружена цель id:b6ae61b координаты X:5521790 Y:1382028 тип:BB_BR скорость:9439
06.04 13:57:10:920 KP_VKO от RLS3_Dnepr: цель движется в направлении СПРО id:b6ae61b
06.04 13:57:31:195 KP_VKO от RLS3_Dnepr: Обнаружена цель id:4857afs координаты X:8899735 Y:1021570 тип:SAM скорость:116
06.04 13:57:31:480 KP_VKO от SPRO_Omsk: ПРОМАХ по цели id:f60f89b (BB_BR)
06.04 13:57:55:755 KP_VKO от RLS3_Dnepr: Обнаружена цель id:1d4472s координаты X:6243140 Y:2336760 тип:SAM скорость:100
06.04 13:57:56:280 KP_VKO от SPRO_Omsk: Обнаружена цель id:b19de1r координаты X:5271209 Y:3035366 тип:KR скорость:908
06.04 13:58:01:829 KP_VKO от SPRO_Omsk: Обнаружена цель id:3791a1s координаты X:5247358 Y:3792645 тип:SAM скорость:113
06.04 13:58:08:516 KP_VKO от ZRDN3_Mahachkala: Обнаружена цель id:0f6f14b координаты X:4154276 Y:2334992 тип:BB_BR скорость:9083
06.04 13:58:27:818 KP_VKO от RLS1_Voronezh: Обнаружена цель id:7a05b1s координаты X:1682790 Y:922952 тип:SAM скорость:70
06.04 13:58:42:732 KP_VKO от RLS3_Dnepr: Обнаружена цель id:c9004ab координаты X:6470188 Y:1489264 тип:BB_BR скорость:9735
06.04 13:58:55:617 KP_VKO от RLS1_Voronezh: Обнаружена цель id:7db36fr координаты X:1891832 Y:2504952 тип:KR скорость:334
06.04 13:58:56:077 KP_VKO от SPRO_Omsk: Обнаружена цель id:232387s координаты X:4779528 Y:2797160 тип:SAM скорость:68
06.04 13:58:57:435 KP_VKO от RLS3_Dnepr: Обнаружена цель id:c3a711s координаты X:7998200 Y:1971600 тип:SAM скорость:154
06.04 13:59:10:253 KP_VKO от SPRO_Omsk: Обнаружена цель id:dfa761s координаты X:6706292 Y:3986830 тип:SAM скорость:193
06.04 13:59:55:458 KP_VKO от RLS3_Dnepr: Обнаружена цель id:b6ae61b координаты X:5321855 Y:1540086 тип:BB_BR скорость:9439
06.04 13:59:55:843 KP_VKO от RLS3_Dnepr: цель движется в направлении СПРО id:b6ae61b
06.04 14:00:04:605 KP_VKO от SPRO_Omsk: Обнаружена цель id:b19de1r координаты X:5290577 Y:3045398 тип:KR скорость:908
06.04 14:00:10:251 KP_VKO от RLS3_Dnepr: Обнаружена цель id:e96b4bs координаты X:7546720 Y:1128248 тип:SAM скорость:240
06.04 14:00:25:232 KP_VKO от SPRO_Omsk: Обнаружена цель id:3791a1s координаты X:5245932 Y:3794830 тип:SAM скорость:113
06.04 14:00:30:742 KP_VKO от RLS3_Dnepr: Обнаружена цель id:4857afs координаты X:8896465 Y:1022830 тип:SAM скорость:116
06.04 14:00:55:407 KP_VKO от RLS1_Voronezh: Обнаружена цель id:7a05b1s координаты X:1683540 Y:924552 тип:SAM скорость:70
06.04 14:00:55:895 KP_VKO от RLS3_Dnepr: Обнаружена цель id:ca6d6cr координаты X:7302080 Y:2146920 тип:KR скорость:313
06.04 14:00:56:396 KP_VKO от SPRO_Omsk: Обнаружена цель id:131baab координаты X:5384032 Y:4971208 тип:BB_BR скорость:8383
06.04 14:00:56:877 KP_VKO от SPRO_Omsk: Стрельба по цели id:131baab тип:BB_BR AMMO:3
06.04 14:01:07:533 KP_VKO от RLS1_Voronezh: Обнаружена цель id:7db36fr координаты X:1897976 Y:2510136 тип:KR скорость:334
06.04 14:01:26:633 KP_VKO от SPRO_Omsk: Цель id:131baab УНИЧТОЖЕНА (BB_BR)
06.04 14:01:54:950 KP_VKO от RLS3_Dnepr: Обнаружена цель id:d6bb36b координаты X:5334661 Y:1748878 тип:BB_BR скорость:9035
06.04 14:01:55:368 KP_VKO от RLS3_Dnepr: цель движется в направлении СПРО id:d6bb36b
06.04 14:02:25:175 KP_VKO от SPRO_Omsk: Обнаружена цель id:f60f89b координаты X:5885600 Y:3437540 тип:BB_BR скорость:9216
06.04 14:02:25:659 KP_VKO от SPRO_Omsk: Стрельба по цели id:f60f89b тип:BB_BR AMMO:2
06.04 14:02:37:556 KP_VKO от SPRO_Omsk: Обнаружена цель id:1488fas координаты X:5425085 Y:3587015 тип:SAM скорость:59
06.04 14:02:55:591 KP_VKO от RLS2_Daryal: Обнаружена цель id:8054bcr координаты X:8764006 Y:8086572 тип:KR скорость:552
06.04 14:02:56:060 KP_VKO от RLS3_Dnepr: Обнаружена цель id:fa96b7b координаты X:7412236 Y:2876832 тип:BB_BR скорость:9116
06.04 14:02:56:568 KP_VKO от SPRO_Omsk: Обнаружена цель id:6e2cc2b координаты X:5177644 Y:4380796 тип:BB_BR скорость:9703
06.04 14:02:57:067 KP_VKO от SPRO_Omsk: Стрельба по цели id:6e2cc2b тип:BB_BR AMMO:1
06.04 14:02:58:613 KP_VKO от SPRO_Omsk: Цель id:f60f89b УНИЧТОЖЕНА (BB_BR)
06.04 14:03:00:214 KP_VKO от ZRDN1_Orenburg: Обнаружена цель id:beffedr координаты X:4066152 Y:3224968 тип:KR скорость:397
06.04 14:03:00:519 KP_VKO от ZRDN1_Orenburg: Стрельба по цели id:beffedr тип:KR AMMO:19
06.04 14:03:02:070 KP_VKO от RLS3_Dnepr: Обнаружена цель id:c9004ab координаты X:6879849 Y:1575522 тип:BB_BR скорость:9735
06.04 14:03:25:659 KP_VKO от RLS1_Voronezh: Обнаружена цель id:9baec5b координаты X:3464014 Y:1529648 тип:BB_BR скорость:9704
06.04 14:03:26:104 KP_VKO от RLS1_Voronezh: цель движется в направлении СПРО id:9baec5b
06.04 14:03:26:662 KP_VKO от RLS3_Dnepr: Обнаружена цель id:c3a711s координаты X:7991984 Y:1973532 тип:SAM скорость:154
06.04 14:03:39:459 KP_VKO от RLS1_Voronezh: Обнаружена цель id:7db36fr координаты X:1903608 Y:2514888 тип:KR скорость:334
06.04 14:03:39:922 KP_VKO от SPRO_Omsk: Цель id:6e2cc2b УНИЧТОЖЕНА (BB_BR)
06.04 14:03:55:145 KP_VKO от ZRDN1_Orenburg: Цель id:beffedr УНИЧТОЖЕНА (KR)
06.04 14:03:57:670 KP_VKO от SPRO_Omsk: Обнаружена цель id:986ad8s координаты X:5551912 Y:3847538 тип:SAM скорость:166
06.04 14:04:24:919 KP_VKO от RLS1_Voronezh: Обнаружена цель id:77abd8r координаты X:1465966 Y:4387306 тип:KR скорость:662
06.04 14:04:25:295 KP_VKO от RLS3_Dnepr: Обнаружена цель id:77e5b6b координаты X:6215126 Y:2605326 тип:BB_BR скорость:9525
06.04 14:04:25:668 KP_VKO от RLS3_Dnepr: цель движется в направлении СПРО id:77e5b6b
06.04 14:04:28:140 KP_VKO от ZRDN1_Orenburg: Обнаружена цель id:0f6f14b координаты X:4402648 Y:2840416 тип:BB_BR скорость:9083
06.04 14:04:30:540 KP_VKO от RLS3_Dnepr: Обнаружена цель id:eb3247s координаты X:6948361 Y:1458994 тип:SAM скорость:116
06.04 14:04:44:350 KP_VKO от SPRO_Omsk: Обнаружена цель id:b19de1r координаты X:5326085 Y:3063790 тип:KR скорость:908
06.04 14:05:25:527 KP_VKO от RLS1_Voronezh: Обнаружена цель id:66aed9s координаты X:3321602 Y:2297540 тип:SAM скорость:93
06.04 14:05:25:967 KP_VKO от RLS3_Dnepr: Обнаружена цель id:bdb448b координаты X:6278596 Y:2137150 тип:BB_BR скорость:9725
06.04 14:05:26:373 KP_VKO от RLS3_Dnepr: цель движется в направлении СПРО id:bdb448b
06.04 14:05:26:830 KP_VKO от ZRDN1_Orenburg: Обнаружена цель id:7ab9bbr координаты X:4378978 Y:2720106 тип:KR скорость:359
06.04 14:05:27:281 KP_VKO от ZRDN1_Orenburg: Стрельба по цели id:7ab9bbr тип:KR AMMO:18
06.04 14:05:28:905 KP_VKO от RLS2_Daryal: Обнаружена цель id:8054bcr координаты X:8751531 Y:8080622 тип:KR скорость:552
06.04 14:05:38:755 KP_VKO от SPRO_Omsk: Обнаружена цель id:ecf928b координаты X:6704338 Y:4518993 тип:BB_BR скорость:8857
06.04 14:05:39:200 KP_VKO от SPRO_Omsk: Стрельба по цели id:ecf928b тип:BB_BR AMMO:0
06.04 14:05:39:508 KP_VKO SPRO_Omsk: боекомплект исчерпан!
06.04 14:05:56:021 KP_VKO от RLS3_Dnepr: Обнаружена цель id:524e19b координаты X:7651868 Y:3233770 тип:BB_BR скорость:8816
06.04 14:06:07:760 KP_VKO от ZRDN1_Orenburg: ПРОМАХ по цели id:7ab9bbr (KR)
06.04 14:06:24:913 KP_VKO от RLS1_Voronezh: Обнаружена цель id:5a35aer координаты X:1820169 Y:2526282 тип:KR скорость:738
06.04 14:06:25:375 KP_VKO от SPRO_Omsk: ПРОМАХ по цели id:ecf928b (BB_BR)
06.04 14:06:34:153 KP_VKO от SPRO_Omsk: Обнаружена цель id:77e5b6b координаты X:6104792 Y:2772192 тип:BB_BR скорость:9525
06.04 14:06:38:724 KP_VKO от RLS3_Dnepr: Обнаружена цель id:ef5fear координаты X:5193696 Y:1401040 тип:KR скорость:703
06.04 14:06:55:892 KP_VKO от SPRO_Omsk: Обнаружена цель id:232387s координаты X:4784544 Y:2798680 тип:SAM скорость:68
06.04 14:06:58:308 KP_VKO от ZRDN1_Orenburg: Обнаружена цель id:0f6f14b координаты X:4490780 Y:3019760 тип:BB_BR скорость:9083
06.04 14:07:00:745 KP_VKO от RLS2_Daryal: Обнаружена цель id:8054bcr координаты X:8744545 Y:8077290 тип:KR скорость:552
06.04 14:07:25:283 KP_VKO от RLS1_Voronezh: Обнаружена цель id:66aed9s координаты X:3323204 Y:2298080 тип:SAM скорость:93
06.04 14:07:25:769 KP_VKO от ZRDN3_Mahachkala: Обнаружена цель id:66aed9s координаты X:3323204 Y:2298080 тип:SAM скорость:93
06.04 14:07:26:237 KP_VKO от ZRDN3_Mahachkala: Стрельба по цели id:66aed9s тип:SAM AMMO:19
06.04 14:07:30:866 KP_VKO от RLS3_Dnepr: Обнаружена цель id:524e19b координаты X:7649386 Y:3083915 тип:BB_BR скорость:8816
06.04 14:07:55:189 KP_VKO от RLS3_Dnepr: Обнаружена цель id:eb3247s координаты X:6946471 Y:1461934 тип:SAM скорость:116
06.04 14:07:55:804 KP_VKO от SPRO_Omsk: Обнаружена цель id:27e985s координаты X:5618928 Y:4078408 тип:SAM скорость:108
06.04 14:07:58:257 KP_VKO от ZRDN3_Mahachkala: ПРОМАХ по цели id:66aed9s (SAM)
06.04 14:08:10:049 KP_VKO от SPRO_Omsk: Обнаружена цель id:986ad8s координаты X:5552552 Y:3840898 тип:SAM скорость:166
06.04 14:08:25:174 KP_VKO от RLS1_Voronezh: Обнаружена цель id:7c04b5s координаты X:1351364 Y:2116722 тип:SAM скорость:125
06.04 14:08:25:720 KP_VKO от SPRO_Omsk: Обнаружена цель id:ecf928b координаты X:6516040 Y:4666440 тип:BB_BR скорость:8857
06.04 14:08:25:986 KP_VKO SPRO_Omsk: боекомплект пополнен AMMO:10
06.04 14:08:27:463 KP_VKO от RLS2_Daryal: Обнаружена цель id:007a92r координаты X:10775060 Y:7305420 тип:KR скорость:765
06.04 14:08:41:293 KP_VKO от RLS3_Dnepr: Обнаружена цель id:4857afs координаты X:8887963 Y:1026106 тип:SAM скорость:116
06.04 14:09:02:505 KP_VKO от RLS3_Dnepr: Обнаружена цель id:ca6d6cr координаты X:7310192 Y:2170008 тип:KR скорость:313
06.04 14:09:03:895 KP_VKO от ZRDN1_Orenburg: Обнаружена цель id:7ab9bbr координаты X:4382310 Y:2731870 тип:KR скорость:359
06.04 14:09:04:238 KP_VKO от ZRDN1_Orenburg: Стрельба по цели id:7ab9bbr тип:KR AMMO:17
06.04 14:09:25:837 KP_VKO от RLS3_Dnepr: Обнаружена цель id:c9004ab координаты X:7451469 Y:1695882 тип:BB_BR скорость:9735
06.04 14:09:26:455 KP_VKO от SPRO_Omsk: Обнаружена цель id:94ba64b координаты X:6740772 Y:3366086 тип:BB_BR скорость:8729
06.04 14:09:27:043 KP_VKO от SPRO_Omsk: Стрельба по цели id:94ba64b тип:BB_BR AMMO:9
06.04 14:09:27:710 KP_VKO от ZRDN3_Mahachkala: Обнаружена цель id:66aed9s координаты X:3324984 Y:2298680 тип:SAM скорость:93
06.04 14:09:28:379 KP_VKO от ZRDN3_Mahachkala: Стрельба по цели id:66aed9s тип:SAM AMMO:18
06.04 14:09:39:354 KP_VKO от SPRO_Omsk: Обнаружена цель id:1ee2fcs координаты X:5893156 Y:3574232 тип:SAM скорость:100
06.04 14:09:41:911 KP_VKO от RLS3_Dnepr: Обнаружена цель id:5f7970b координаты X:5544186 Y:2087918 тип:BB_BR скорость:9642
06.04 14:09:42:483 KP_VKO от RLS3_Dnepr: цель движется в направлении СПРО id:5f7970b
06.04 14:09:44:089 KP_VKO от RLS1_Voronezh: Обнаружена цель id:77abd8r координаты X:1499016 Y:4389856 тип:KR скорость:662
06.04 14:09:56:138 KP_VKO от ZRDN1_Orenburg: Цель id:7ab9bbr УНИЧТОЖЕНА (KR)
06.04 14:10:05:889 KP_VKO от SPRO_Omsk: ПРОМАХ по цели id:94ba64b (BB_BR)
06.04 14:10:11:466 KP_VKO от RLS2_Daryal: Обнаружена цель id:007a92r координаты X:10766702 Y:7298714 тип:KR скорость:765
06.04 14:10:11:826 KP_VKO от ZRDN3_Mahachkala: Цель id:66aed9s УНИЧТОЖЕНА (SAM)
06.04 14:10:36:185 KP_VKO от SPRO_Omsk: Обнаружена цель id:bdb448b координаты X:6277322 Y:2613675 тип:BB_BR скорость:9725
06.04 14:10:36:546 KP_VKO от SPRO_Omsk: Стрельба по цели id:bdb448b тип:BB_BR AMMO:8
06.04 14:10:38:028 KP_VKO от RLS1_Voronezh: Обнаружена цель id:54b9c5b координаты X:1479368 Y:4499144 тип:BB_BR скорость:8930
06.04 14:10:38:430 KP_VKO от RLS1_Voronezh: цель движется в направлении СПРО id:54b9c5b
06.04 14:10:38:931 KP_VKO от RLS3_Dnepr: Обнаружена цель id:53838ds координаты X:7542953 Y:3364675 тип:SAM скорость:198
06.04 14:10:55:422 KP_VKO от SPRO_Omsk: Обнаружена цель id:ecc3fdb координаты X:6245404 Y:4827092 тип:BB_BR скорость:9796
06.04 14:10:55:973 KP_VKO от SPRO_Omsk: Стрельба по цели id:ecc3fdb тип:BB_BR AMMO:7
06.04 14:11:25:842 KP_VKO от SPRO_Omsk: Цель id:bdb448b УНИЧТОЖЕНА (BB_BR)
06.04 14:11:36:626 KP_VKO от SPRO_Omsk: Цель id:ecc3fdb УНИЧТОЖЕНА (BB_BR)
06.04 14:11:56:421 KP_VKO от SPRO_Omsk: Обнаружена цель id:ecf928b координаты X:6306820 Y:4830270 тип:BB_BR скорость:8857
06.04 14:11:56:917 KP_VKO от SPRO_Omsk: Стрельба по цели id:ecf928b тип:BB_BR AMMO:6
06.04 14:12:33:405 KP_VKO от SPRO_Omsk: Цель id:ecf928b УНИЧТОЖЕНА (BB_BR)
06.04 14:12:43:074 KP_VKO от SPRO_Omsk: Обнаружена цель id:27e985s координаты X:5618790 Y:4073440 тип:SAM скорость:108
06.04 14:13:26:043 KP_VKO от RLS1_Voronezh: Обнаружена цель id:54b9c5b координаты X:1549268 Y:4287094 тип:BB_BR скорость:8930
06.04 14:13:26:352 KP_VKO от RLS1_Voronezh: цель движется в направлении СПРО id:54b9c5b
06.04 14:13:26:865 KP_VKO от RLS3_Dnepr: Обнаружена цель id:ca6d6cr координаты X:7314352 Y:2181848 тип:KR скорость:313
06.04 14:13:36:483 KP_VKO от SPRO_Omsk: Обнаружена цель id:c92375b координаты X:5795260 Y:3569862 тип:BB_BR скорость:8231
06.04 14:13:36:862 KP_VKO от SPRO_Omsk: Стрельба по цели id:c92375b тип:BB_BR AMMO:5
06.04 14:13:42:504 KP_VKO от RLS1_Voronezh: Обнаружена цель id:77abd8r координаты X:1523473 Y:4391743 тип:KR скорость:662
06.04 14:14:26:902 KP_VKO от RLS3_Dnepr: Обнаружена цель id:ef5fear координаты X:5238048 Y:1425520 тип:KR скорость:703
06.04 14:14:27:183 KP_VKO от SPRO_Omsk: Цель id:c92375b УНИЧТОЖЕНА (BB_BR)
06.04 14:14:34:803 KP_VKO от SPRO_Omsk: Обнаружена цель id:b11765r координаты X:5870924 Y:4577750 тип:KR скорость:665
06.04 14:15:08:557 KP_VKO от RLS3_Dnepr: Обнаружена цель id:3121bbs координаты X:7268720 Y:2074610 тип:SAM скорость:205
06.04 14:15:26:568 KP_VKO от SPRO_Omsk: Обнаружена цель id:27e985s координаты X:5618715 Y:4070740 тип:SAM скорость:108
06.04 14:16:26:203 KP_VKO от RLS1_Voronezh: Обнаружена цель id:54b9c5b координаты X:1630352 Y:4041116 тип:BB_BR скорость:8930
06.04 14:16:26:541 KP_VKO от RLS1_Voronezh: цель движется в направлении СПРО id:54b9c5b
06.04 14:16:27:017 KP_VKO от SPRO_Omsk: Обнаружена цель id:48303er координаты X:6262696 Y:4702200 тип:KR скорость:624
06.04 14:16:36:798 KP_VKO от SPRO_Omsk: Обнаружена цель id:77e5b6b координаты X:5605662 Y:3527062 тип:BB_BR скорость:9525
06.04 14:16:37:254 KP_VKO от SPRO_Omsk: Стрельба по цели id:77e5b6b тип:BB_BR AMMO:4
06.04 14:16:41:761 KP_VKO от RLS1_Voronezh: Обнаружена цель id:77abd8r координаты X:1543303 Y:4393273 тип:KR скорость:662
06.04 14:16:57:243 KP_VKO от SPRO_Omsk: Обнаружена цель id:9cfb69b координаты X:4348264 Y:3963024 тип:BB_BR скорость:8588
06.04 14:16:57:705 KP_VKO от SPRO_Omsk: Стрельба по цели id:9cfb69b тип:BB_BR AMMO:3
06.04 14:17:26:257 KP_VKO от RLS3_Dnepr: Обнаружена цель id:3121bbs координаты X:7266160 Y:2077830 тип:SAM скорость:205
06.04 14:17:26:588 KP_VKO от SPRO_Omsk: Цель id:77e5b6b УНИЧТОЖЕНА (BB_BR)
06.04 14:17:42:514 KP_VKO от SPRO_Omsk: ПРОМАХ по цели id:9cfb69b (BB_BR)
06.04 14:17:56:812 KP_VKO от SPRO_Omsk: Обнаружена цель id:14c868r координаты X:6327679 Y:3385811 тип:KR скорость:970
06.04 14:18:11:668 KP_VKO от SPRO_Omsk: Обнаружена цель id:94ba64b координаты X:6189462 Y:2869431 тип:BB_BR скорость:8729
06.04 14:18:12:107 KP_VKO от SPRO_Omsk: Стрельба по цели id:94ba64b тип:BB_BR AMMO:2
06.04 14:18:33:267 KP_VKO от SPRO_Omsk: Обнаружена цель id:ad0da2b координаты X:6234310 Y:3970912 тип:BB_BR скорость:8753
06.04 14:18:33:728 KP_VKO от SPRO_Omsk: Стрельба по цели id:ad0da2b тип:BB_BR AMMO:1
06.04 14:18:54:833 KP_VKO SPRO_Omsk НЕ ОТВЕЧАЕТ! Связь потеряна
06.04 14:18:56:285 KP_VKO от RLS3_Dnepr: Обнаружена цель id:2368d8b координаты X:8073096 Y:2862952 тип:BB_BR скорость:9344
06.04 14:18:56:780 KP_VKO от SPRO_Omsk: Обнаружена цель id:046770s координаты X:6025872 Y:4268136 тип:SAM скорость:152
06.04 14:18:57:241 KP_VKO от SPRO_Omsk: ПРОМАХ по цели id:94ba64b (BB_BR)
06.04 14:19:04:942 KP_VKO от RLS3_Dnepr: Обнаружена цель id:3121bbs координаты X:7263984 Y:2080567 тип:SAM скорость:205
06.04 14:19:08:634 KP_VKO от SPRO_Omsk: Обнаружена цель id:1ee2fcs координаты X:5886046 Y:3579812 тип:SAM скорость:100
06.04 14:19:12:130 KP_VKO от SPRO_Omsk: ПРОМАХ по цели id:ad0da2b (BB_BR)
06.04 14:19:28:323 KP_VKO от SPRO_Omsk: Обнаружена цель id:5f7970b координаты X:5422470 Y:2966610 тип:BB_BR скорость:9642
06.04 14:19:28:604 KP_VKO от SPRO_Omsk: Стрельба по цели id:5f7970b тип:BB_BR AMMO:0
06.04 14:19:28:858 KP_VKO SPRO_Omsk: боекомплект исчерпан!
06.04 14:19:55:329 KP_VKO SPRO_Omsk работоспособность восстановлена
06.04 14:20:10:149 KP_VKO от SPRO_Omsk: ПРОМАХ по цели id:5f7970b (BB_BR)
06.04 14:20:35:539 KP_VKO от ZRDN3_Mahachkala: Обнаружена цель id:048e33b координаты X:3482712 Y:2285776 тип:BB_BR скорость:9853
06.04 14:20:37:954 KP_VKO от RLS3_Dnepr: Обнаружена цель id:3121bbs координаты X:7262192 Y:2082821 тип:SAM скорость:205
06.04 14:20:56:004 KP_VKO от SPRO_Omsk: Обнаружена цель id:14c868r координаты X:6323656 Y:3411704 тип:KR скорость:970
06.04 14:20:58:456 KP_VKO от RLS1_Voronezh: Обнаружена цель id:77abd8r координаты X:1569743 Y:4395313 тип:KR скорость:662
06.04 14:21:11:266 KP_VKO от SPRO_Omsk: Обнаружена цель id:ad0da2b координаты X:6193620 Y:4194824 тип:BB_BR скорость:8753
06.04 14:21:28:604 KP_VKO от SPRO_Omsk: Обнаружена цель id:046770s координаты X:6025812 Y:4265856 тип:SAM скорость:152
06.04 14:21:56:132 KP_VKO от RLS1_Voronezh: Обнаружена цель id:1a3dd0s координаты X:2690400 Y:2230480 тип:SAM скорость:215
06.04 14:21:56:602 KP_VKO от SPRO_Omsk: Обнаружена цель id:1ee2fcs координаты X:5884071 Y:3581362 тип:SAM скорость:100
06.04 14:21:56:889 KP_VKO SPRO_Omsk: боекомплект пополнен AMMO:10
06.04 14:22:35:479 KP_VKO от RLS3_Dnepr: Обнаружена цель id:639d43r координаты X:5178391 Y:1784860 тип:KR скорость:580
06.04 14:22:40:029 KP_VKO от SPRO_Omsk: Обнаружена цель id:119290s координаты X:4801312 Y:2994384 тип:SAM скорость:61
06.04 14:23:08:556 KP_VKO от ZRDN2_Volgograd: Обнаружена цель id:654a76b координаты X:3264690 Y:3140130 тип:BB_BR скорость:8613
06.04 14:23:28:666 KP_VKO от RLS3_Dnepr: Обнаружена цель id:326fcfs координаты X:6272820 Y:1347440 тип:SAM скорость:199
06.04 14:23:34:239 KP_VKO от SPRO_Omsk: Обнаружена цель id:48303er координаты X:6221886 Y:4686450 тип:KR скорость:624
06.04 14:23:56:651 KP_VKO от SPRO_Omsk: Обнаружена цель id:e6bb24b координаты X:5917254 Y:3504979 тип:BB_BR скорость:8055
06.04 14:23:57:080 KP_VKO от SPRO_Omsk: Стрельба по цели id:e6bb24b тип:BB_BR AMMO:9
06.04 14:24:04:733 KP_VKO от RLS2_Daryal: Обнаружена цель id:7d2463r координаты X:11620704 Y:7255600 тип:KR скорость:287
06.04 14:24:11:390 KP_VKO от SPRO_Omsk: Обнаружена цель id:9cfb69b координаты X:4856954 Y:3642564 тип:BB_BR скорость:8588
06.04 14:24:11:836 KP_VKO от SPRO_Omsk: Стрельба по цели id:9cfb69b тип:BB_BR AMMO:8
06.04 14:24:34:611 KP_VKO от SPRO_Omsk: Обнаружена цель id:1ee2fcs координаты X:5881938 Y:3583036 тип:SAM скорость:100
06.04 14:24:37:015 KP_VKO от SPRO_Omsk: Цель id:e6bb24b УНИЧТОЖЕНА (BB_BR)
06.04 14:24:55:076 KP_VKO SPRO_Omsk НЕ ОТВЕЧАЕТ! Связь потеряна
06.04 14:24:59:846 KP_VKO от SPRO_Omsk: Обнаружена цель id:5f7970b координаты X:5352351 Y:3472813 тип:BB_BR скорость:9642
06.04 14:25:00:303 KP_VKO от SPRO_Omsk: Стрельба по цели id:5f7970b тип:BB_BR AMMO:7
06.04 14:25:01:864 KP_VKO от SPRO_Omsk: Цель id:9cfb69b УНИЧТОЖЕНА (BB_BR)
06.04 14:25:12:632 KP_VKO от RLS1_Voronezh: Обнаружена цель id:338913r координаты X:1386064 Y:4517344 тип:KR скорость:820
06.04 14:25:25:638 KP_VKO SPRO_Omsk работоспособность восстановлена
06.04 14:25:34:358 KP_VKO от SPRO_Omsk: Цель id:5f7970b УНИЧТОЖЕНА (BB_BR)
06.04 14:25:38:863 KP_VKO от RLS3_Dnepr: Обнаружена цель id:2d71bds координаты X:5384260 Y:1117064 тип:SAM скорость:201
06.04 14:25:55:954 KP_VKO от SPRO_Omsk: Обнаружена цель id:14c868r координаты X:6316653 Y:3456777 тип:KR скорость:970
06.04 14:26:06:510 KP_VKO от RLS1_Voronezh: Обнаружена цель id:1a3dd0s координаты X:2696550 Y:2236835 тип:SAM скорость:215
06.04 14:26:06:886 KP_VKO от SPRO_Omsk: Обнаружена цель id:ad0da2b координаты X:6120065 Y:4599588 тип:BB_BR скорость:8753
06.04 14:26:07:410 KP_VKO от SPRO_Omsk: Стрельба по цели id:ad0da2b тип:BB_BR AMMO:6
06.04 14:26:30:913 KP_VKO от RLS3_Dnepr: Обнаружена цель id:326fcfs координаты X:6278446 Y:1348832 тип:SAM скорость:199
06.04 14:26:32:427 KP_VKO от ZRDN2_Volgograd: Обнаружена цель id:654a76b координаты X:3441855 Y:2940335 тип:BB_BR скорость:8613
06.04 14:26:56:849 KP_VKO от RLS2_Daryal: Обнаружена цель id:0772e3s координаты X:9780836 Y:7607520 тип:SAM скорость:209
06.04 14:26:57:192 KP_VKO от SPRO_Omsk: Цель id:ad0da2b УНИЧТОЖЕНА (BB_BR)
06.04 14:27:05:862 KP_VKO от SPRO_Omsk: Обнаружена цель id:119290s координаты X:4802755 Y:2996160 тип:SAM скорость:61
06.04 14:27:12:419 KP_VKO от RLS2_Daryal: Обнаружена цель id:7d2463r координаты X:11615513 Y:7249075 тип:KR скорость:287
06.04 14:27:43:011 KP_VKO от ZRDN1_Orenburg: Обнаружена цель id:01649bs координаты X:4032090 Y:3044945 тип:SAM скорость:63
06.04 14:27:43:292 KP_VKO от ZRDN1_Orenburg: Стрельба по цели id:01649bs тип:SAM AMMO:16
06.04 14:27:58:425 KP_VKO от SPRO_Omsk: Обнаружена цель id:286243b координаты X:5838200 Y:4997860 тип:BB_BR скорость:8309
06.04 14:27:58:936 KP_VKO от SPRO_Omsk: Стрельба по цели id:286243b тип:BB_BR AMMO:5
06.04 14:28:01:469 KP_VKO от RLS3_Dnepr: Обнаружена цель id:2d71bds координаты X:5386675 Y:1121020 тип:SAM скорость:201
06.04 14:28:13:370 KP_VKO от RLS1_Voronezh: Обнаружена цель id:338913r координаты X:1403232 Y:4500872 тип:KR скорость:820
06.04 14:28:26:769 KP_VKO от SPRO_Omsk: Обнаружена цель id:e30336r координаты X:6388000 Y:3886856 тип:KR скорость:651
06.04 14:28:27:320 KP_VKO от ZRDN1_Orenburg: ПРОМАХ по цели id:01649bs (SAM)
06.04 14:28:38:179 KP_VKO от ZRDN3_Mahachkala: Обнаружена цель id:a9b16ar координаты X:4134474 Y:2502469 тип:KR скорость:392
06.04 14:28:39:658 KP_VKO от SPRO_Omsk: Цель id:286243b УНИЧТОЖЕНА (BB_BR)
06.04 14:28:40:209 KP_VKO от ZRDN3_Mahachkala: Стрельба по цели id:a9b16ar тип:KR AMMO:17
06.04 14:29:02:198 KP_VKO от ZRDN3_Mahachkala: Обнаружена цель id:654a76b координаты X:3573300 Y:2792100 тип:BB_BR скорость:8613
06.04 14:29:13:866 KP_VKO от RLS1_Voronezh: Обнаружена цель id:1a3dd0s координаты X:2700900 Y:2241330 тип:SAM скорость:215
06.04 14:29:27:039 KP_VKO от ZRDN3_Mahachkala: Цель id:a9b16ar УНИЧТОЖЕНА (KR)
06.04 14:29:30:463 KP_VKO от RLS3_Dnepr: Обнаружена цель id:639d43r координаты X:5179909 Y:1823140 тип:KR скорость:580
06.04 14:29:57:036 KP_VKO от RLS2_Daryal: Обнаружена цель id:a64e56b координаты X:11133632 Y:7762112 тип:BB_BR скорость:8179
06.04 14:29:57:393 KP_VKO от RLS2_Daryal: цель движется в направлении СПРО id:a64e56b
06.04 14:29:57:818 KP_VKO от RLS3_Dnepr: Обнаружена цель id:ba8f2ds координаты X:5831314 Y:1424517 тип:SAM скорость:133
06.04 14:29:58:344 KP_VKO от ZRDN1_Orenburg: Обнаружена цель id:01649bs координаты X:4032204 Y:3046142 тип:SAM скорость:63
06.04 14:29:58:754 KP_VKO от ZRDN1_Orenburg: Стрельба по цели id:01649bs тип:SAM AMMO:15
06.04 14:30:29:191 KP_VKO от ZRDN1_Orenburg: Цель id:01649bs УНИЧТОЖЕНА (SAM)
06.04 14:30:56:595 KP_VKO от RLS2_Daryal: Обнаружена цель id:7d2463r координаты X:11609427 Y:7241425 тип:KR скорость:287
06.04 14:30:59:086 KP_VKO от SPRO_Omsk: Обнаружена цель id:e30336r координаты X:6381500 Y:3902508 тип:KR скорость:651
06.04 14:31:07:652 KP_VKO от ZRDN3_Mahachkala: Обнаружена цель id:654a76b координаты X:3693315 Y:2656755 тип:BB_BR скорость:8613
06.04 14:31:36:198 KP_VKO от RLS2_Daryal: Обнаружена цель id:0c135ar координаты X:11587275 Y:7176225 тип:KR скорость:329
06.04 14:31:56:604 KP_VKO от RLS3_Dnepr: Обнаружена цель id:ba8f2ds координаты X:5831034 Y:1427177 тип:SAM скорость:133
06.04 14:32:26:102 KP_VKO от SPRO_Omsk: Обнаружена цель id:e30336r координаты X:6377750 Y:3911538 тип:KR скорость:651
06.04 14:32:28:604 KP_VKO от RLS2_Daryal: Обнаружена цель id:7d2463r координаты X:11606205 Y:7237375 тип:KR скорость:287
06.04 14:32:42:326 KP_VKO от SPRO_Omsk: Обнаружена цель id:fea9acs координаты X:6736620 Y:3596420 тип:SAM скорость:189
06.04 14:32:56:322 KP_VKO от RLS2_Daryal: Обнаружена цель id:a64e56b координаты X:11041344 Y:7552504 тип:BB_BR скорость:8179
06.04 14:32:56:739 KP_VKO от RLS2_Daryal: цель движется в направлении СПРО id:a64e56b
06.04 14:33:33:566 KP_VKO от SPRO_Omsk: Обнаружена цель id:5259a8r координаты X:5408778 Y:2828036 тип:KR скорость:741
06.04 14:33:56:787 KP_VKO от SPRO_Omsk: Обнаружена цель id:4e3fd1s координаты X:6002736 Y:3899770 тип:SAM скорость:111
06.04 14:34:13:738 KP_VKO от SPRO_Omsk: Обнаружена цель id:acfd7ds координаты X:5985428 Y:3228356 тип:SAM скорость:85
06.04 14:35:07:280 KP_VKO от SPRO_Omsk: Обнаружена цель id:a3f358r координаты X:5435203 Y:4625018 тип:KR скорость:682
06.04 14:35:26:439 KP_VKO от RLS1_Voronezh: Обнаружена цель id:338913r координаты X:1444672 Y:4461112 тип:KR скорость:820
06.04 14:35:26:905 KP_VKO от RLS2_Daryal: Обнаружена цель id:0c135ar координаты X:11576784 Y:7168776 тип:KR скорость:329
06.04 14:35:32:423 KP_VKO от RLS1_Voronezh: Обнаружена цель id:280967r координаты X:1331365 Y:3996575 тип:KR скорость:909
06.04 14:35:33:812 KP_VKO от RLS3_Dnepr: Обнаружена цель id:ba8f2ds координаты X:5830530 Y:1431965 тип:SAM скорость:133
06.04 14:36:01:344 KP_VKO от SPRO_Omsk: Обнаружена цель id:fea9acs координаты X:6739293 Y:3602063 тип:SAM скорость:189
06.04 14:36:26:631 KP_VKO от RLS2_Daryal: Обнаружена цель id:7d2463r координаты X:11599224 Y:7228600 тип:KR скорость:287
06.04 14:36:27:017 KP_VKO от RLS3_Dnepr: Обнаружена цель id:2607edb координаты X:5941949 Y:2087856 тип:BB_BR скорость:9142
06.04 14:36:27:405 KP_VKO от RLS3_Dnepr: цель движется в направлении СПРО id:2607edb
06.04 14:36:56:812 KP_VKO от SPRO_Omsk: Обнаружена цель id:5259a8r координаты X:5396742 Y:2850204 тип:KR скорость:741
06.04 14:37:10:657 KP_VKO от SPRO_Omsk: Обнаружена цель id:4e3fd1s координаты X:6005184 Y:3896880 тип:SAM скорость:111
06.04 14:37:13:072 KP_VKO от RLS2_Daryal: Обнаружена цель id:a64e56b координаты X:10889728 Y:7208148 тип:BB_BR скорость:8179
06.04 14:37:13:353 KP_VKO от RLS2_Daryal: цель движется в направлении СПРО id:a64e56b
06.04 14:37:26:257 KP_VKO от SPRO_Omsk: Обнаружена цель id:43e1fer координаты X:5356747 Y:2654866 тип:KR скорость:702
06.04 14:37:33:799 KP_VKO от RLS1_Voronezh: Обнаружена цель id:338913r координаты X:1458880 Y:4447480 тип:KR скорость:820
06.04 14:37:55:927 KP_VKO от RLS1_Voronezh: Обнаружена цель id:280967r координаты X:1333458 Y:4017390 тип:KR скорость:909
06.04 14:38:07:620 KP_VKO от RLS2_Daryal: Обнаружена цель id:0c135ar координаты X:11569521 Y:7163619 тип:KR скорость:329
06.04 14:38:27:004 KP_VKO от SPRO_Omsk: Обнаружена цель id:a3f358r координаты X:5453461 Y:4639366 тип:KR скорость:682
06.04 14:39:05:731 KP_VKO от RLS3_Dnepr: Обнаружена цель id:2607edb координаты X:5852587 Y:2308128 тип:BB_BR скорость:9142
06.04 14:39:06:039 KP_VKO от RLS3_Dnepr: цель движется в направлении СПРО id:2607edb
06.04 14:39:12:659 KP_VKO от SPRO_Omsk: Обнаружена цель id:0da7aes координаты X:6425496 Y:3765224 тип:SAM скорость:210
06.04 14:39:26:958 KP_VKO от RLS1_Voronezh: Обнаружена цель id:7ed036b координаты X:3842600 Y:1038001 тип:BB_BR скорость:9928
06.04 14:39:27:338 KP_VKO от RLS1_Voronezh: цель движется в направлении СПРО id:7ed036b
06.04 14:39:27:819 KP_VKO от RLS3_Dnepr: Обнаружена цель id:ea5f80r координаты X:6650659 Y:1749463 тип:KR скорость:987
06.04 14:40:06:209 KP_VKO от RLS2_Daryal: Обнаружена цель id:a64e56b координаты X:10810624 Y:7028484 тип:BB_BR скорость:8179
06.04 14:40:06:518 KP_VKO от RLS2_Daryal: цель движется в направлении СПРО id:a64e56b
06.04 14:40:06:893 KP_VKO от SPRO_Omsk: Обнаружена цель id:2c3ebab координаты X:6301983 Y:4744706 тип:BB_BR скорость:9742
06.04 14:40:07:307 KP_VKO от SPRO_Omsk: Стрельба по цели id:2c3ebab тип:BB_BR AMMO:4
06.04 14:40:26:788 KP_VKO от RLS3_Dnepr: Обнаружена цель id:1b2cbfb координаты X:5419039 Y:1915142 тип:BB_BR скорость:8794
06.04 14:40:27:232 KP_VKO от RLS3_Dnepr: цель движется в направлении СПРО id:1b2cbfb
06.04 14:40:56:760 KP_VKO от SPRO_Omsk: Цель id:2c3ebab УНИЧТОЖЕНА (BB_BR)
06.04 14:41:13:600 KP_VKO от RLS3_Dnepr: Обнаружена цель id:ea5f80r координаты X:6664033 Y:1761181 тип:KR скорость:987
06.04 14:41:32:866 KP_VKO от SPRO_Omsk: Обнаружена цель id:b232e2r координаты X:5481400 Y:3320480 тип:KR скорость:378
06.04 14:41:56:469 KP_VKO от SPRO_Omsk: Обнаружена цель id:43e1fer координаты X:5380023 Y:2675194 тип:KR скорость:702
06.04 14:42:28:809 KP_VKO от RLS1_Voronezh: Обнаружена цель id:7ed036b координаты X:4084400 Y:1228434 тип:BB_BR скорость:9928
06.04 14:42:29:092 KP_VKO от RLS1_Voronezh: цель движется в направлении СПРО id:7ed036b
06.04 14:42:37:740 KP_VKO от RLS3_Dnepr: Обнаружена цель id:ea5f80r координаты X:6674435 Y:1770295 тип:KR скорость:987
06.04 14:42:43:344 KP_VKO от SPRO_Omsk: Обнаружена цель id:2607edb координаты X:5725418 Y:2621592 тип:BB_BR скорость:9142
06.04 14:42:43:760 KP_VKO от SPRO_Omsk: Стрельба по цели id:2607edb тип:BB_BR AMMO:3
06.04 14:43:05:354 KP_VKO от SPRO_Omsk: Обнаружена цель id:5259a8r координаты X:5374794 Y:2890628 тип:KR скорость:741
06.04 14:43:26:673 KP_VKO от RLS1_Voronezh: Обнаружена цель id:6a4dbeb координаты X:2497675 Y:2014988 тип:BB_BR скорость:9197
06.04 14:43:27:045 KP_VKO от RLS1_Voronezh: цель движется в направлении СПРО id:6a4dbeb
06.04 14:43:27:593 KP_VKO от SPRO_Omsk: Обнаружена цель id:907debr координаты X:5064408 Y:2416844 тип:KR скорость:407
06.04 14:43:28:071 KP_VKO от SPRO_Omsk: Цель id:2607edb УНИЧТОЖЕНА (BB_BR)
06.04 14:43:40:794 KP_VKO от SPRO_Omsk: Обнаружена цель id:766dd4b координаты X:6497579 Y:3817796 тип:BB_BR скорость:8607
06.04 14:43:41:200 KP_VKO от SPRO_Omsk: Стрельба по цели id:766dd4b тип:BB_BR AMMO:2
06.04 14:44:09:512 KP_VKO от ZRDN1_Orenburg: Обнаружена цель id:e8cb2eb координаты X:4317071 Y:3579909 тип:BB_BR скорость:8641
06.04 14:44:26:602 KP_VKO от SPRO_Omsk: Цель id:766dd4b УНИЧТОЖЕНА (BB_BR)
06.04 14:44:32:355 KP_VKO от SPRO_Omsk: Обнаружена цель id:2f5636r координаты X:6113735 Y:3636515 тип:KR скорость:673
06.04 14:44:56:933 KP_VKO от SPRO_Omsk: Обнаружена цель id:0a029cb координаты X:4850653 Y:2799166 тип:BB_BR скорость:8757
06.04 14:44:57:323 KP_VKO от SPRO_Omsk: Стрельба по цели id:0a029cb тип:BB_BR AMMO:1
06.04 14:45:11:109 KP_VKO от SPRO_Omsk: Обнаружена цель id:b232e2r координаты X:5493650 Y:3325555 тип:KR скорость:378
06.04 14:45:26:125 KP_VKO от RLS3_Dnepr: Обнаружена цель id:74c1bfs координаты X:6162750 Y:2021660 тип:SAM скорость:66
06.04 14:45:29:555 KP_VKO от SPRO_Omsk: Цель id:0a029cb УНИЧТОЖЕНА (BB_BR)
06.04 14:45:30:917 KP_VKO от RLS1_Voronezh: Обнаружена цель id:6a4dbeb координаты X:2522175 Y:2197308 тип:BB_BR скорость:9197
06.04 14:45:31:164 KP_VKO от RLS1_Voronezh: цель движется в направлении СПРО id:6a4dbeb
06.04 14:46:27:076 KP_VKO от RLS1_Voronezh: Обнаружена цель id:7ed036b координаты X:4388600 Y:1468011 тип:BB_BR скорость:9928
06.04 14:46:27:600 KP_VKO от RLS1_Voronezh: цель движется в направлении СПРО id:7ed036b
06.04 14:46:28:179 KP_VKO от SPRO_Omsk: Обнаружена цель id:61839bb координаты X:4183800 Y:4408100 тип:BB_BR скорость:8189
06.04 14:46:28:721 KP_VKO от SPRO_Omsk: Стрельба по цели id:61839bb тип:BB_BR AMMO:0
06.04 14:46:29:103 KP_VKO SPRO_Omsk: боекомплект исчерпан!
06.04 14:46:45:032 KP_VKO от ZRDN1_Orenburg: Обнаружена цель id:e8cb2eb координаты X:4495046 Y:3457434 тип:BB_BR скорость:8641
06.04 14:46:56:932 KP_VKO от RLS3_Dnepr: Обнаружена цель id:802d21r координаты X:5834930 Y:1068642 тип:KR скорость:998
06.04 14:47:04:581 KP_VKO от SPRO_Omsk: ПРОМАХ по цели id:61839bb (BB_BR)
06.04 14:47:13:250 KP_VKO от RLS3_Dnepr: Обнаружена цель id:6b5661r координаты X:6115932 Y:2459240 тип:KR скорость:542
06.04 14:47:56:581 KP_VKO от SPRO_Omsk: Обнаружена цель id:2f5636r координаты X:6111143 Y:3615107 тип:KR скорость:673
06.04 14:47:58:062 KP_VKO от RLS1_Voronezh: Обнаружена цель id:d0503br координаты X:2035028 Y:1555908 тип:KR скорость:416
06.04 14:48:06:720 KP_VKO от RLS3_Dnepr: Обнаружена цель id:74c1bfs координаты X:6164050 Y:2022804 тип:SAM скорость:66
06.04 14:48:10:239 KP_VKO от SPRO_Omsk: Обнаружена цель id:e8cb2eb координаты X:4594712 Y:3388848 тип:BB_BR скорость:8641
06.04 14:48:12:615 KP_VKO от ZRDN1_Orenburg: Обнаружена цель id:e8cb2eb координаты X:4594712 Y:3388848 тип:BB_BR скорость:8641
06.04 14:48:15:051 KP_VKO от RLS1_Voronezh: Обнаружена цель id:6a4dbeb координаты X:2555250 Y:2443440 тип:BB_BR скорость:9197
06.04 14:48:15:340 KP_VKO от RLS1_Voronezh: цель движется в направлении СПРО id:6a4dbeb
06.04 14:48:27:437 KP_VKO от SPRO_Omsk: Обнаружена цель id:eaaf0cs координаты X:5962556 Y:3801733 тип:SAM скорость:209
06.04 14:48:36:059 KP_VKO от RLS2_Daryal: Обнаружена цель id:84e703b координаты X:8038670 Y:7285231 тип:BB_BR скорость:8839
06.04 14:48:42:694 KP_VKO от SPRO_Omsk: Обнаружена цель id:834846r координаты X:6574552 Y:4572298 тип:KR скорость:870
06.04 14:49:06:149 KP_VKO от SPRO_Omsk: Обнаружена цель id:6b5661r координаты X:6107743 Y:2465510 тип:KR скорость:542
06.04 14:49:07:426 KP_VKO SPRO_Omsk: боекомплект пополнен AMMO:10
06.04 14:50:09:218 KP_VKO от RLS3_Dnepr: Обнаружена цель id:b62613b координаты X:7169008 Y:2201576 тип:BB_BR скорость:8212
06.04 14:50:09:492 KP_VKO от RLS3_Dnepr: цель движется в направлении СПРО id:b62613b
06.04 14:50:26:549 KP_VKO от RLS1_Voronezh: Обнаружена цель id:d0503br координаты X:2041604 Y:1563444 тип:KR скорость:416
06.04 14:50:28:083 KP_VKO от SPRO_Omsk: Обнаружена цель id:51dcf1b координаты X:5855941 Y:5182064 тип:BB_BR скорость:9454
06.04 14:50:29:534 KP_VKO от SPRO_Omsk: Стрельба по цели id:51dcf1b тип:BB_BR AMMO:9
06.04 14:50:35:156 KP_VKO от RLS1_Voronezh: Обнаружена цель id:670780r координаты X:2172075 Y:2338775 тип:KR скорость:351
06.04 14:50:38:738 KP_VKO от RLS2_Daryal: Обнаружена цель id:a3444eb координаты X:8518595 Y:8011086 тип:BB_BR скорость:8938
06.04 14:50:39:130 KP_VKO от RLS2_Daryal: цель движется в направлении СПРО id:a3444eb
06.04 14:51:07:690 KP_VKO от RLS3_Dnepr: Обнаружена цель id:7ed036b координаты X:4739600 Y:1744446 тип:BB_BR скорость:9928
06.04 14:51:08:133 KP_VKO от RLS3_Dnepr: цель движется в направлении СПРО id:7ed036b
06.04 14:51:14:719 KP_VKO от SPRO_Omsk: Цель id:51dcf1b УНИЧТОЖЕНА (BB_BR)
06.04 14:51:26:950 KP_VKO от SPRO_Omsk: Обнаружена цель id:6b5661r координаты X:6097399 Y:2473430 тип:KR скорость:542
06.04 14:52:03:778 KP_VKO от ZRDN1_Orenburg: Обнаружена цель id:cddc73r координаты X:4041368 Y:3145904 тип:KR скорость:379
06.04 14:52:05:198 KP_VKO от ZRDN1_Orenburg: Стрельба по цели id:cddc73r тип:KR AMMO:14
06.04 14:52:26:711 KP_VKO от RLS3_Dnepr: Обнаружена цель id:802d21r координаты X:5798095 Y:1106643 тип:KR скорость:998
06.04 14:52:27:315 KP_VKO от SPRO_Omsk: Обнаружена цель id:860e5cs координаты X:6419040 Y:4982375 тип:SAM скорость:186
06.04 14:52:33:931 KP_VKO от RLS3_Dnepr: Обнаружена цель id:6b5661r координаты X:6092658 Y:2477060 тип:KR скорость:542
06.04 14:52:40:605 KP_VKO от SPRO_Omsk: Обнаружена цель id:eaaf0cs координаты X:5962064 Y:3810302 тип:SAM скорость:209
06.04 14:52:41:980 KP_VKO от ZRDN1_Orenburg: Цель id:cddc73r УНИЧТОЖЕНА (KR)
06.04 14:53:00:226 KP_VKO от SPRO_Omsk: Обнаружена цель id:ca4a91b координаты X:4416908 Y:4115623 тип:BB_BR скорость:8812
06.04 14:53:00:627 KP_VKO от SPRO_Omsk: Стрельба по цели id:ca4a91b тип:BB_BR AMMO:8
06.04 14:53:31:251 KP_VKO от RLS3_Dnepr: Обнаружена цель id:74c1bfs координаты X:6166750 Y:2025180 тип:SAM скорость:66
06.04 14:53:39:924 KP_VKO от SPRO_Omsk: ПРОМАХ по цели id:ca4a91b (BB_BR)
06.04 14:53:56:112 KP_VKO от RLS3_Dnepr: Обнаружена цель id:a1e7c7s координаты X:7380985 Y:3178440 тип:SAM скорость:96
06.04 14:53:56:629 KP_VKO от SPRO_Omsk: Обнаружена цель id:642cd4b координаты X:6658432 Y:4326032 тип:BB_BR скорость:8007
06.04 14:53:57:131 KP_VKO от SPRO_Omsk: Стрельба по цели id:642cd4b тип:BB_BR AMMO:7
06.04 14:54:15:096 KP_VKO от SPRO_Omsk: Обнаружена цель id:84de97s координаты X:4326665 Y:3660480 тип:SAM скорость:87
06.04 14:54:33:462 KP_VKO от SPRO_Omsk: ПРОМАХ по цели id:642cd4b (BB_BR)
06.04 14:54:40:072 KP_VKO от RLS3_Dnepr: Обнаружена цель id:b62613b координаты X:7281553 Y:2553566 тип:BB_BR скорость:8212
06.04 14:54:40:416 KP_VKO от RLS3_Dnepr: цель движется в направлении СПРО id:b62613b
06.04 14:54:42:801 KP_VKO от ZRDN1_Orenburg: Обнаружена цель id:84de97s координаты X:4326840 Y:3660080 тип:SAM скорость:87
06.04 14:54:43:178 KP_VKO от ZRDN1_Orenburg: Стрельба по цели id:84de97s тип:SAM AMMO:13
06.04 14:55:09:948 KP_VKO от SPRO_Omsk: Обнаружена цель id:ca4a91b координаты X:4435304 Y:3931474 тип:BB_BR скорость:8812
06.04 14:55:10:429 KP_VKO от SPRO_Omsk: Стрельба по цели id:ca4a91b тип:BB_BR AMMO:6
06.04 14:55:27:527 KP_VKO от ZRDN1_Orenburg: Цель id:84de97s УНИЧТОЖЕНА (SAM)
06.04 14:55:39:419 KP_VKO от RLS3_Dnepr: Обнаружена цель id:f4246cs координаты X:5972516 Y:1949736 тип:SAM скорость:232
06.04 14:55:56:593 KP_VKO от SPRO_Omsk: Цель id:ca4a91b УНИЧТОЖЕНА (BB_BR)
06.04 14:55:58:107 KP_VKO от RLS3_Dnepr: Обнаружена цель id:802d21r координаты X:5773075 Y:1132455 тип:KR скорость:998
06.04 14:56:02:635 KP_VKO от SPRO_Omsk: Обнаружена цель id:aa04b5r координаты X:5360714 Y:3282366 тип:KR скорость:681
06.04 14:56:25:849 KP_VKO от RLS3_Dnepr: Обнаружена цель id:e809deb координаты X:5820584 Y:2067070 тип:BB_BR скорость:8721
06.04 14:56:26:173 KP_VKO от RLS3_Dnepr: цель движется в направлении СПРО id:e809deb
06.04 14:56:32:603 KP_VKO от RLS3_Dnepr: Обнаружена цель id:6b5661r координаты X:6076280 Y:2489600 тип:KR скорость:542
06.04 14:56:57:012 KP_VKO от SPRO_Omsk: Обнаружена цель id:860e5cs координаты X:6416288 Y:4974850 тип:SAM скорость:186
06.04 14:57:08:744 KP_VKO от RLS1_Voronezh: Обнаружена цель id:7d10aas координаты X:3225370 Y:943360 тип:SAM скорость:140
06.04 14:57:10:275 KP_VKO от SPRO_Omsk: Обнаружена цель id:6b5661r координаты X:6073694 Y:2491580 тип:KR скорость:542
06.04 14:57:26:513 KP_VKO от RLS1_Voronezh: Обнаружена цель id:216c2fs координаты X:1654450 Y:2013215 тип:SAM скорость:143
06.04 14:57:41:323 KP_VKO от RLS1_Voronezh: Обнаружена цель id:d0503br координаты X:2061058 Y:1585738 тип:KR скорость:416
06.04 14:58:00:449 KP_VKO от RLS1_Voronezh: Обнаружена цель id:670780r координаты X:2181855 Y:2357435 тип:KR скорость:351
06.04 14:58:01:875 KP_VKO от SPRO_Omsk: Обнаружена цель id:b5fce5b координаты X:4932448 Y:2767142 тип:BB_BR скорость:9977
06.04 14:58:02:292 KP_VKO от SPRO_Omsk: Стрельба по цели id:b5fce5b тип:BB_BR AMMO:5
06.04 14:58:26:599 KP_VKO от SPRO_Omsk: Обнаружена цель id:6dcbb2s координаты X:5605405 Y:4952587 тип:SAM скорость:163
06.04 14:58:39:307 KP_VKO от RLS2_Daryal: Обнаружена цель id:0927c7r координаты X:8867380 Y:7728100 тип:KR скорость:795
06.04 14:58:39:704 KP_VKO от RLS3_Dnepr: Обнаружена цель id:a1e7c7s координаты X:7380938 Y:3182952 тип:SAM скорость:96
06.04 14:58:40:226 KP_VKO от SPRO_Omsk: Обнаружена цель id:aa04b5r координаты X:5342732 Y:3286308 тип:KR скорость:681
06.04 14:58:42:636 KP_VKO от SPRO_Omsk: Цель id:b5fce5b УНИЧТОЖЕНА (BB_BR)
06.04 14:58:56:791 KP_VKO от RLS3_Dnepr: Обнаружена цель id:b62613b координаты X:7384094 Y:2874268 тип:BB_BR скорость:8212
06.04 14:58:57:098 KP_VKO от RLS3_Dnepr: цель движется в направлении СПРО id:b62613b
06.04 14:59:30:482 KP_VKO от RLS1_Voronezh: Обнаружена цель id:7d10aas координаты X:3226258 Y:946624 тип:SAM скорость:140
06.04 14:59:33:018 KP_VKO от SPRO_Omsk: Обнаружена цель id:63e78ds координаты X:5943240 Y:2843860 тип:SAM скорость:55
06.04 14:59:56:354 KP_VKO от RLS3_Dnepr: Обнаружена цель id:f4246cs координаты X:5974279 Y:1959084 тип:SAM скорость:232
06.04 15:00:04:914 KP_VKO от RLS3_Dnepr: Обнаружена цель id:02adf0s координаты X:7367944 Y:2143080 тип:SAM скорость:220
06.04 15:00:08:339 KP_VKO от RLS2_Daryal: Обнаружена цель id:0927c7r координаты X:8866946 Y:7716970 тип:KR скорость:795
06.04 15:00:26:361 KP_VKO от RLS1_Voronezh: Обнаружена цель id:216c2fs координаты X:1655900 Y:2017130 тип:SAM скорость:143
06.04 15:00:41:167 KP_VKO от SPRO_Omsk: Обнаружена цель id:860e5cs координаты X:6414176 Y:4969075 тип:SAM скорость:186
06.04 15:00:58:259 KP_VKO от RLS3_Dnepr: Обнаружена цель id:74c1bfs координаты X:6170400 Y:2028392 тип:SAM скорость:66
06.04 15:01:00:754 KP_VKO от SPRO_Omsk: Обнаружена цель id:70356es координаты X:5629891 Y:4353270 тип:SAM скорость:191
06.04 15:01:26:224 KP_VKO от RLS3_Dnepr: Обнаружена цель id:a1e7c7s координаты X:7380912 Y:3185448 тип:SAM скорость:96
06.04 15:01:26:719 KP_VKO от SPRO_Omsk: Обнаружена цель id:e809deb координаты X:5972768 Y:2485015 тип:BB_BR скорость:8721
06.04 15:01:27:152 KP_VKO от SPRO_Omsk: Стрельба по цели id:e809deb тип:BB_BR AMMO:4
06.04 15:01:35:879 KP_VKO от RLS3_Dnepr: Обнаружена цель id:e809deb координаты X:5981720 Y:2509600 тип:BB_BR скорость:8721
06.04 15:01:36:223 KP_VKO от RLS3_Dnepr: цель движется в направлении СПРО id:e809deb
06.04 15:01:38:779 KP_VKO от RLS2_Daryal: Обнаружена цель id:341839b координаты X:8118835 Y:7539450 тип:BB_BR скорость:9326
06.04 15:01:39:223 KP_VKO от RLS2_Daryal: цель движется в направлении СПРО id:341839b
06.04 15:01:56:510 KP_VKO от RLS1_Voronezh: Обнаружена цель id:216c2fs координаты X:1656650 Y:2019155 тип:SAM скорость:143
06.04 15:02:02:062 KP_VKO от SPRO_Omsk: ПРОМАХ по цели id:e809deb (BB_BR)
06.04 15:02:42:974 KP_VKO от RLS1_Voronezh: Обнаружена цель id:84637bb координаты X:1895250 Y:2171075 тип:BB_BR скорость:8217
06.04 15:02:43:346 KP_VKO от RLS1_Voronezh: цель движется в направлении СПРО id:84637bb
06.04 15:02:55:941 KP_VKO от SPRO_Omsk: Обнаружена цель id:f3be9fs координаты X:5624496 Y:4457382 тип:SAM скорость:190
06.04 15:03:01:468 KP_VKO от RLS1_Voronezh: Обнаружена цель id:7d10aas координаты X:3227553 Y:951384 тип:SAM скорость:140
06.04 15:03:04:926 KP_VKO от RLS3_Dnepr: Обнаружена цель id:a1e7c7s координаты X:7380894 Y:3187176 тип:SAM скорость:96
06.04 15:03:06:413 KP_VKO от SPRO_Omsk: Обнаружена цель id:18e4abb координаты X:6078996 Y:4630935 тип:BB_BR скорость:8431
06.04 15:03:06:775 KP_VKO от SPRO_Omsk: Стрельба по цели id:18e4abb тип:BB_BR AMMO:3
06.04 15:03:08:283 KP_VKO от RLS2_Daryal: Обнаружена цель id:341839b координаты X:8232790 Y:7458300 тип:BB_BR скорость:9326
06.04 15:03:26:615 KP_VKO от RLS1_Voronezh: Обнаружена цель id:2ce7f5b координаты X:3189048 Y:1373168 тип:BB_BR скорость:8515
06.04 15:03:26:926 KP_VKO от RLS1_Voronezh: цель движется в направлении СПРО id:2ce7f5b
06.04 15:03:56:465 KP_VKO от SPRO_Omsk: Цель id:18e4abb УНИЧТОЖЕНА (BB_BR)
06.04 15:04:02:050 KP_VKO от SPRO_Omsk: Обнаружена цель id:70356es координаты X:5630674 Y:4358780 тип:SAM скорость:191
06.04 15:04:26:611 KP_VKO от SPRO_Omsk: Обнаружена цель id:e809deb координаты X:6059304 Y:2722670 тип:BB_BR скорость:8721
06.04 15:04:27:122 KP_VKO от SPRO_Omsk: Стрельба по цели id:e809deb тип:BB_BR AMMO:2
06.04 15:04:36:857 KP_VKO от RLS3_Dnepr: Обнаружена цель id:06266eb координаты X:6248140 Y:1344316 тип:BB_BR скорость:8512
06.04 15:04:38:266 KP_VKO от RLS3_Dnepr: цель движется в направлении СПРО id:06266eb
06.04 15:05:01:829 KP_VKO от SPRO_Omsk: Цель id:e809deb УНИЧТОЖЕНА (BB_BR)
06.04 15:05:26:095 KP_VKO от SPRO_Omsk: Обнаружена цель id:aa04b5r координаты X:5299442 Y:3295798 тип:KR скорость:681
06.04 15:05:28:583 KP_VKO от RLS1_Voronezh: Обнаружена цель id:84637bb координаты X:2015110 Y:2347953 тип:BB_BR скорость:8217
06.04 15:05:28:952 KP_VKO от RLS1_Voronezh: цель движется в направлении СПРО id:84637bb
06.04 15:05:31:357 KP_VKO от RLS3_Dnepr: Обнаружена цель id:a1e7c7s координаты X:7380870 Y:3189480 тип:SAM скорость:96
06.04 15:05:33:873 KP_VKO от SPRO_Omsk: Обнаружена цель id:173567b координаты X:5826157 Y:4624796 тип:BB_BR скорость:8110
06.04 15:05:34:338 KP_VKO от SPRO_Omsk: Стрельба по цели id:173567b тип:BB_BR AMMO:1
06.04 15:05:44:052 KP_VKO от RLS1_Voronezh: Обнаружена цель id:ba5ad4r координаты X:1956864 Y:1738512 тип:KR скорость:427
06.04 15:06:03:598 KP_VKO от RLS1_Voronezh: Обнаружена цель id:7d10aas координаты X:3228626 Y:955328 тип:SAM скорость:140
06.04 15:06:26:703 KP_VKO от SPRO_Omsk: ПРОМАХ по цели id:173567b (BB_BR)
06.04 15:06:31:166 KP_VKO от RLS2_Daryal: Обнаружена цель id:c87e47b координаты X:11050180 Y:7167650 тип:BB_BR скорость:9401
06.04 15:06:31:530 KP_VKO от RLS2_Daryal: цель движется в направлении СПРО id:c87e47b
06.04 15:06:32:938 KP_VKO от SPRO_Omsk: Обнаружена цель id:70356es координаты X:5631295 Y:4363150 тип:SAM скорость:191
06.04 15:06:57:067 KP_VKO от RLS1_Voronezh: Обнаружена цель id:c76352s координаты X:1635150 Y:4031400 тип:SAM скорость:72
06.04 15:06:57:485 KP_VKO от SPRO_Omsk: Обнаружена цель id:4fd5edr координаты X:6713266 Y:4312039 тип:KR скорость:373
06.04 15:06:58:968 KP_VKO от RLS3_Dnepr: Обнаружена цель id:3a9956r координаты X:7461690 Y:1698310 тип:KR скорость:734
06.04 15:07:03:431 KP_VKO от SPRO_Omsk: Обнаружена цель id:0037a7b координаты X:5381234 Y:4493789 тип:BB_BR скорость:8392
06.04 15:07:03:753 KP_VKO от SPRO_Omsk: Стрельба по цели id:0037a7b тип:BB_BR AMMO:0
06.04 15:07:03:966 KP_VKO SPRO_Omsk: боекомплект исчерпан!
06.04 15:07:13:719 KP_VKO от RLS1_Voronezh: Обнаружена цель id:6a8b1ab координаты X:2658695 Y:2497484 тип:BB_BR скорость:9872
06.04 15:07:14:085 KP_VKO от RLS1_Voronezh: цель движется в направлении СПРО id:6a8b1ab
06.04 15:07:27:268 KP_VKO от RLS2_Daryal: Обнаружена цель id:341839b координаты X:8544267 Y:7236490 тип:BB_BR скорость:9326
06.04 15:07:40:992 KP_VKO от RLS2_Daryal: Обнаружена цель id:35f26cr координаты X:9544920 Y:8019472 тип:KR скорость:307
06.04 15:07:44:504 KP_VKO от SPRO_Omsk: Цель id:0037a7b УНИЧТОЖЕНА (BB_BR)
06.04 15:07:57:647 KP_VKO от RLS3_Dnepr: Обнаружена цель id:fa6d5db координаты X:8762342 Y:2032766 тип:BB_BR скорость:8750
06.04 15:07:58:039 KP_VKO от RLS3_Dnepr: цель движется в направлении СПРО id:fa6d5db
06.04 15:07:58:495 KP_VKO от SPRO_Omsk: Обнаружена цель id:644405b координаты X:5031964 Y:4708546 тип:BB_BR скорость:8801
06.04 15:08:05:094 KP_VKO от RLS1_Voronezh: Обнаружена цель id:ba5ad4r координаты X:1960296 Y:1747268 тип:KR скорость:427
06.04 15:08:15:734 KP_VKO от SPRO_Omsk: Обнаружена цель id:173567b координаты X:5875635 Y:4829780 тип:BB_BR скорость:8110
06.04 15:08:27:637 KP_VKO от RLS1_Voronezh: Обнаружена цель id:7d10aas координаты X:3229477 Y:958456 тип:SAM скорость:140
06.04 15:08:33:286 KP_VKO от SPRO_Omsk: Обнаружена цель id:463d2es координаты X:6612878 Y:2891884 тип:SAM скорость:227
06.04 15:09:27:449 KP_VKO от RLS1_Voronezh: Обнаружена цель id:84637bb координаты X:2190290 Y:2606467 тип:BB_BR скорость:8217
06.04 15:09:27:728 KP_VKO от RLS1_Voronezh: цель движется в направлении СПРО id:84637bb
06.04 15:09:28:112 KP_VKO от RLS3_Dnepr: Обнаружена цель id:481ca2r координаты X:8033140 Y:2054800 тип:KR скорость:908
06.04 15:09:29:533 KP_VKO от SPRO_Omsk: Обнаружена цель id:db465ar координаты X:6520610 Y:3972901 тип:KR скорость:464
06.04 15:09:34:985 KP_VKO от RLS1_Voronezh: Обнаружена цель id:6a8b1ab координаты X:2796580 Y:2677896 тип:BB_BR скорость:9872
06.04 15:09:35:246 KP_VKO от RLS1_Voronezh: цель движется в направлении СПРО id:6a8b1ab
06.04 15:09:42:905 KP_VKO от SPRO_Omsk: Обнаружена цель id:34a502b координаты X:4479175 Y:4422575 тип:BB_BR скорость:8164
06.04 15:09:59:094 KP_VKO от SPRO_Omsk: Обнаружена цель id:355a5br координаты X:5630229 Y:4063047 тип:KR скорость:877
06.04 15:10:00:339 KP_VKO SPRO_Omsk: боекомплект пополнен AMMO:10
06.04 15:10:17:215 KP_VKO от RLS3_Dnepr: Обнаружена цель id:f4246cs координаты X:5978751 Y:1982796 тип:SAM скорость:232
06.04 15:10:29:408 KP_VKO от RLS1_Voronezh: Обнаружена цель id:758c63s координаты X:1518910 Y:2776778 тип:SAM скорость:142
06.04 15:10:33:926 KP_VKO от RLS3_Dnepr: Обнаружена цель id:58938bb координаты X:8009136 Y:2604032 тип:BB_BR скорость:9012
06.04 15:10:34:284 KP_VKO от RLS3_Dnepr: цель движется в направлении СПРО id:58938bb
06.04 15:10:58:667 KP_VKO от RLS2_Daryal: Обнаружена цель id:341839b координаты X:8810162 Y:7047140 тип:BB_BR скорость:9326
06.04 15:10:59:052 KP_VKO от RLS3_Dnepr: Обнаружена цель id:02adf0s координаты X:7367516 Y:2166620 тип:SAM скорость:220
06.04 15:10:59:468 KP_VKO от SPRO_Omsk: Обнаружена цель id:4bf481s координаты X:6569442 Y:4661493 тип:SAM скорость:51
06.04 15:11:11:122 KP_VKO от RLS2_Daryal: Обнаружена цель id:35f26cr координаты X:9541770 Y:8009182 тип:KR скорость:307
06.04 15:11:28:217 KP_VKO от RLS1_Voronezh: Обнаружена цель id:84637bb координаты X:2287100 Y:2749330 тип:BB_BR скорость:8217
06.04 15:11:28:609 KP_VKO от RLS1_Voronezh: цель движется в направлении СПРО id:84637bb
06.04 15:11:39:256 KP_VKO от RLS1_Voronezh: Обнаружена цель id:ba5ad4r координаты X:1966068 Y:1761994 тип:KR скорость:427
06.04 15:11:44:793 KP_VKO от RLS3_Dnepr: Обнаружена цель id:764533r координаты X:7601660 Y:3095230 тип:KR скорость:758
06.04 15:11:45:129 KP_VKO от SPRO_Omsk: Обнаружена цель id:e6cd79b координаты X:5053615 Y:4236505 тип:BB_BR скорость:9974
06.04 15:11:45:555 KP_VKO от SPRO_Omsk: Стрельба по цели id:e6cd79b тип:BB_BR AMMO:9
06.04 15:11:58:686 KP_VKO от RLS1_Voronezh: Обнаружена цель id:7d10aas координаты X:3230846 Y:963488 тип:SAM скорость:140
06.04 15:12:06:358 KP_VKO от RLS3_Dnepr: Обнаружена цель id:481ca2r координаты X:8009536 Y:2064320 тип:KR скорость:908
06.04 15:12:30:560 KP_VKO от SPRO_Omsk: Цель id:e6cd79b УНИЧТОЖЕНА (BB_BR)
06.04 15:12:44:268 KP_VKO от RLS2_Daryal: Обнаружена цель id:35f26cr координаты X:9540240 Y:8004184 тип:KR скорость:307
06.04 15:12:44:666 KP_VKO от SPRO_Omsk: Обнаружена цель id:34a502b координаты X:4654232 Y:4239768 тип:BB_BR скорость:8164
06.04 15:12:46:172 KP_VKO от SPRO_Omsk: Стрельба по цели id:34a502b тип:BB_BR AMMO:8
06.04 15:12:59:462 KP_VKO от RLS3_Dnepr: Обнаружена цель id:3a9956r координаты X:7465830 Y:1742170 тип:KR скорость:734
06.04 15:13:04:012 KP_VKO от SPRO_Omsk: Обнаружена цель id:355a5br координаты X:5615566 Y:4040138 тип:KR скорость:877
06.04 15:13:29:576 KP_VKO от RLS3_Dnepr: Обнаружена цель id:02adf0s координаты X:7367420 Y:2171900 тип:SAM скорость:220
06.04 15:13:29:896 KP_VKO от SPRO_Omsk: Цель id:34a502b УНИЧТОЖЕНА (BB_BR)
06.04 15:13:32:409 KP_VKO от RLS1_Voronezh: Обнаружена цель id:84637bb координаты X:2383910 Y:2892193 тип:BB_BR скорость:8217
06.04 15:13:32:792 KP_VKO от RLS1_Voronezh: цель движется в направлении СПРО id:84637bb
06.04 15:13:46:467 KP_VKO от RLS1_Voronezh: Обнаружена цель id:7d10aas координаты X:3231512 Y:965936 тип:SAM скорость:140
06.04 15:13:59:694 KP_VKO от SPRO_Omsk: Обнаружена цель id:644405b координаты X:5375404 Y:5109706 тип:BB_BR скорость:8801
06.04 15:14:00:152 KP_VKO от SPRO_Omsk: Стрельба по цели id:644405b тип:BB_BR AMMO:7
06.04 15:14:07:898 KP_VKO от RLS3_Dnepr: Обнаружена цель id:f95d79s координаты X:7716476 Y:1620708 тип:SAM скорость:191
06.04 15:14:17:606 KP_VKO от RLS2_Daryal: Обнаружена цель id:35f26cr координаты X:9538980 Y:8000068 тип:KR скорость:307
06.04 15:14:30:580 KP_VKO от RLS3_Dnepr: Обнаружена цель id:afcdf4b координаты X:7159392 Y:1733422 тип:BB_BR скорость:9103
06.04 15:14:31:975 KP_VKO от RLS3_Dnepr: цель движется в направлении СПРО id:afcdf4b
06.04 15:14:35:419 KP_VKO от SPRO_Omsk: Цель id:644405b УНИЧТОЖЕНА (BB_BR)
06.04 15:14:41:964 KP_VKO от RLS1_Voronezh: Обнаружена цель id:ee3bafs координаты X:1383029 Y:4412425 тип:SAM скорость:89
06.04 15:14:43:366 KP_VKO от RLS3_Dnepr: Обнаружена цель id:764533r координаты X:7586744 Y:3102732 тип:KR скорость:758
06.04 15:14:59:598 KP_VKO от RLS1_Voronezh: Обнаружена цель id:758c63s координаты X:1521835 Y:2782493 тип:SAM скорость:142
06.04 15:15:28:939 KP_VKO от SPRO_Omsk: Обнаружена цель id:4bf481s координаты X:6570938 Y:4659777 тип:SAM скорость:51
06.04 15:15:36:577 KP_VKO от RLS3_Dnepr: Обнаружена цель id:06266eb координаты X:6912495 Y:1992103 тип:BB_BR скорость:8512
06.04 15:15:36:892 KP_VKO от RLS3_Dnepr: цель движется в направлении СПРО id:06266eb
06.04 15:15:39:328 KP_VKO от ZRDN1_Orenburg: Обнаружена цель id:2b26ffb координаты X:3911480 Y:3090520 тип:BB_BR скорость:8206
06.04 15:15:40:692 KP_VKO от SPRO_Omsk: Обнаружена цель id:355a5br координаты X:5603268 Y:4020924 тип:KR скорость:877
06.04 15:15:59:950 KP_VKO от RLS3_Dnepr: Обнаружена цель id:7af3fbb координаты X:7611500 Y:2960250 тип:BB_BR скорость:9484
06.04 15:16:15:711 KP_VKO от RLS2_Daryal: Обнаружена цель id:35f26cr координаты X:9537540 Y:7995364 тип:KR скорость:307
06.04 15:16:29:519 KP_VKO от RLS3_Dnepr: Обнаружена цель id:481ca2r координаты X:7973287 Y:2078940 тип:KR скорость:908
06.04 15:16:33:031 KP_VKO от SPRO_Omsk: Обнаружена цель id:5f76b4r координаты X:6361840 Y:3634016 тип:KR скорость:972
06.04 15:16:33:382 KP_VKO от ZRDN2_Volgograd: Обнаружена цель id:2b26ffb координаты X:3920012 Y:3163888 тип:BB_BR скорость:8206
06.04 15:16:43:972 KP_VKO от RLS3_Dnepr: Обнаружена цель id:78f130s координаты X:9852038 Y:1950092 тип:SAM скорость:55
06.04 15:16:59:132 KP_VKO от RLS1_Voronezh: Обнаружена цель id:7d10aas координаты X:3232659 Y:970152 тип:SAM скорость:140
06.04 15:17:15:847 KP_VKO от RLS1_Voronezh: Обнаружена цель id:ee3bafs координаты X:1384254 Y:4410550 тип:SAM скорость:89
06.04 15:17:36:123 KP_VKO от RLS3_Dnepr: Обнаружена цель id:02adf0s координаты X:7367248 Y:2181360 тип:SAM скорость:220
06.04 15:17:59:544 KP_VKO от RLS3_Dnepr: Обнаружена цель id:7d7561s координаты X:8169761 Y:1334806 тип:SAM скорость:104
06.04 15:18:00:014 KP_VKO от SPRO_Omsk: Обнаружена цель id:5f76b4r координаты X:6366320 Y:3646868 тип:KR скорость:972
06.04 15:18:00:467 KP_VKO от ZRDN2_Volgograd: Обнаружена цель id:2b26ffb координаты X:3933284 Y:3278016 тип:BB_BR скорость:8206
06.04 15:18:16:313 KP_VKO от SPRO_Omsk: Обнаружена цель id:355a5br координаты X:5590970 Y:4001710 тип:KR скорость:877
06.04 15:18:29:444 KP_VKO от RLS2_Daryal: Обнаружена цель id:e502aer координаты X:8196460 Y:7698304 тип:KR скорость:622
06.04 15:18:45:182 KP_VKO от RLS3_Dnepr: Обнаружена цель id:8bc8d2b координаты X:5821990 Y:2427849 тип:BB_BR скорость:9934
06.04 15:18:45:474 KP_VKO от RLS3_Dnepr: цель движется в направлении СПРО id:8bc8d2b
06.04 15:18:47:881 KP_VKO от ZRDN2_Volgograd: Обнаружена цель id:6a8b1ab координаты X:3360110 Y:3415232 тип:BB_BR скорость:9872
06.04 15:19:02:911 KP_VKO от RLS3_Dnepr: Обнаружена цель id:f95d79s координаты X:7718060 Y:1628980 тип:SAM скорость:191
06.04 15:19:06:344 KP_VKO от SPRO_Omsk: Обнаружена цель id:5211c7s координаты X:5463390 Y:5130945 тип:SAM скорость:139
06.04 15:19:29:857 KP_VKO от RLS1_Voronezh: Обнаружена цель id:ee3bafs координаты X:1385136 Y:4409200 тип:SAM скорость:89
06.04 15:19:30:263 KP_VKO от RLS3_Dnepr: Обнаружена цель id:afcdf4b координаты X:6785664 Y:2008924 тип:BB_BR скорость:9103
06.04 15:19:30:604 KP_VKO от RLS3_Dnepr: цель движется в направлении СПРО id:afcdf4b
06.04 15:19:58:672 KP_VKO от ZRDN1_Orenburg: Обнаружена цель id:2b26ffb координаты X:3953192 Y:3449208 тип:BB_BR скорость:8206
06.04 15:20:00:061 KP_VKO от SPRO_Omsk: Обнаружена цель id:8bc8d2b координаты X:5776030 Y:2537853 тип:BB_BR скорость:9934
06.04 15:20:00:405 KP_VKO от SPRO_Omsk: Стрельба по цели id:8bc8d2b тип:BB_BR AMMO:6
06.04 15:20:30:140 KP_VKO от RLS3_Dnepr: Обнаружена цель id:178696s координаты X:7146316 Y:1961494 тип:SAM скорость:91
06.04 15:20:35:700 KP_VKO от RLS3_Dnepr: Обнаружена цель id:2b659es координаты X:6627464 Y:2523560 тип:SAM скорость:199
06.04 15:20:40:305 KP_VKO от SPRO_Omsk: Цель id:8bc8d2b УНИЧТОЖЕНА (BB_BR)
06.04 15:20:42:759 KP_VKO от RLS1_Voronezh: Обнаружена цель id:758c63s координаты X:1525605 Y:2789859 тип:SAM скорость:142
06.04 15:21:00:314 KP_VKO от RLS3_Dnepr: Обнаружена цель id:78f130s координаты X:9850447 Y:1951898 тип:SAM скорость:55
06.04 15:21:00:879 KP_VKO от SPRO_Omsk: Обнаружена цель id:28887db координаты X:5090269 Y:4574533 тип:BB_BR скорость:8851
06.04 15:21:01:441 KP_VKO от SPRO_Omsk: Стрельба по цели id:28887db тип:BB_BR AMMO:5
06.04 15:21:33:046 KP_VKO от RLS2_Daryal: Обнаружена цель id:e502aer координаты X:8193490 Y:7677976 тип:KR скорость:622
06.04 15:21:33:373 KP_VKO от SPRO_Omsk: Цель id:28887db УНИЧТОЖЕНА (BB_BR)
06.04 15:21:44:155 KP_VKO от SPRO_Omsk: Обнаружена цель id:0aaef6b координаты X:6111738 Y:3726628 тип:BB_BR скорость:9797
06.04 15:21:44:481 KP_VKO от SPRO_Omsk: Стрельба по цели id:0aaef6b тип:BB_BR AMMO:4
06.04 15:21:45:842 KP_VKO от RLS3_Dnepr: Обнаружена цель id:481ca2r координаты X:7926922 Y:2097640 тип:KR скорость:908
06.04 15:22:04:202 KP_VKO от SPRO_Omsk: Обнаружена цель id:b11ea4b координаты X:6785000 Y:4038600 тип:BB_BR скорость:9626
06.04 15:22:04:597 KP_VKO от SPRO_Omsk: Стрельба по цели id:b11ea4b тип:BB_BR AMMO:3
06.04 15:22:29:919 KP_VKO от SPRO_Omsk: Обнаружена цель id:08d8d7r координаты X:6526272 Y:3677120 тип:KR скорость:958
06.04 15:22:31:286 KP_VKO от SPRO_Omsk: Цель id:0aaef6b УНИЧТОЖЕНА (BB_BR)
06.04 15:22:44:142 KP_VKO от RLS3_Dnepr: Обнаружена цель id:9eb2bbs координаты X:7035368 Y:1941592 тип:SAM скорость:242
06.04 15:22:46:547 KP_VKO от SPRO_Omsk: Цель id:b11ea4b УНИЧТОЖЕНА (BB_BR)
06.04 15:22:59:564 KP_VKO от RLS2_Daryal: Обнаружена цель id:e502aer координаты X:8192230 Y:7669352 тип:KR скорость:622
06.04 15:22:59:965 KP_VKO от RLS3_Dnepr: Обнаружена цель id:edf1bds координаты X:7745760 Y:2045792 тип:SAM скорость:68
06.04 15:23:17:787 KP_VKO от RLS3_Dnepr: Обнаружена цель id:3b2df8b координаты X:6467340 Y:1824130 тип:BB_BR скорость:9284
06.04 15:23:18:194 KP_VKO от RLS3_Dnepr: цель движется в направлении СПРО id:3b2df8b
06.04 15:23:30:386 KP_VKO от SPRO_Omsk: Обнаружена цель id:6a0658r координаты X:5996560 Y:3707860 тип:KR скорость:694
06.04 15:23:35:739 KP_VKO от SPRO_Omsk: Обнаружена цель id:4bf481s координаты X:6573760 Y:4656540 тип:SAM скорость:51
06.04 15:24:09:487 KP_VKO от RLS3_Dnepr: Обнаружена цель id:178696s координаты X:7144872 Y:1964648 тип:SAM скорость:91
06.04 15:24:29:774 KP_VKO от RLS3_Dnepr: Обнаружена цель id:2b659es координаты X:6629721 Y:2530590 тип:SAM скорость:199
06.04 15:24:31:233 KP_VKO от SPRO_Omsk: Обнаружена цель id:5f76b4r координаты X:6387440 Y:3707456 тип:KR скорость:972
06.04 15:24:43:889 KP_VKO от RLS3_Dnepr: Обнаружена цель id:78f130s координаты X:9849041 Y:1953494 тип:SAM скорость:55
06.04 15:24:46:329 KP_VKO от SPRO_Omsk: Обнаружена цель id:f748a2s координаты X:5279922 Y:2847230 тип:SAM скорость:117
06.04 15:25:36:126 KP_VKO от RLS3_Dnepr: Обнаружена цель id:a242bfr координаты X:6596296 Y:2772196 тип:KR скорость:787
06.04 15:25:59:075 KP_VKO от RLS3_Dnepr: Обнаружена цель id:06266eb координаты X:7546375 Y:2610175 тип:BB_BR скорость:8512
06.04 15:26:09:710 KP_VKO от RLS2_Daryal: Обнаружена цель id:e502aer координаты X:8189350 Y:7649640 тип:KR скорость:622
06.04 15:26:15:173 KP_VKO от RLS3_Dnepr: Обнаружена цель id:481ca2r координаты X:7889830 Y:2112600 тип:KR скорость:908
06.04 15:26:29:171 KP_VKO от RLS2_Daryal: Обнаружена цель id:9344f7r координаты X:10133616 Y:7465656 тип:KR скорость:887
06.04 15:26:29:581 KP_VKO от SPRO_Omsk: Обнаружена цель id:6a0658r координаты X:5974992 Y:3702452 тип:KR скорость:694
06.04 15:26:34:072 KP_VKO от SPRO_Omsk: Обнаружена цель id:4bf481s координаты X:6574814 Y:4655331 тип:SAM скорость:51
06.04 15:27:06:575 KP_VKO от RLS3_Dnepr: Обнаружена цель id:178696s координаты X:7143694 Y:1967221 тип:SAM скорость:91
06.04 15:27:29:894 KP_VKO от RLS3_Dnepr: Обнаружена цель id:da7f64s координаты X:5435782 Y:1935989 тип:SAM скорость:54
06.04 15:27:30:333 KP_VKO от SPRO_Omsk: Обнаружена цель id:d996a3s координаты X:5733269 Y:4090224 тип:SAM скорость:83
06.04 15:27:39:930 KP_VKO от RLS3_Dnepr: Обнаружена цель id:2b659es координаты X:6631795 Y:2537050 тип:SAM скорость:199
06.04 15:27:59:073 KP_VKO от RLS3_Dnepr: Обнаружена цель id:068dber координаты X:7712055 Y:1994181 тип:KR скорость:813
06.04 15:28:29:610 KP_VKO от SPRO_Omsk: Обнаружена цель id:f86f99s координаты X:6228551 Y:3774977 тип:SAM скорость:168
06.04 15:28:33:062 KP_VKO от ZRDN3_Mahachkala: Обнаружена цель id:837f8er координаты X:3402217 Y:2661806 тип:KR скорость:259
06.04 15:28:33:509 KP_VKO от ZRDN3_Mahachkala: Стрельба по цели id:837f8er тип:KR AMMO:16
06.04 15:28:37:069 KP_VKO от SPRO_Omsk: Обнаружена цель id:a242bfr координаты X:6584144 Y:2793369 тип:KR скорость:787
06.04 15:28:59:761 KP_VKO от RLS3_Dnepr: Обнаружена цель id:bc1c26r координаты X:5311237 Y:1156577 тип:KR скорость:522
06.04 15:29:00:281 KP_VKO от SPRO_Omsk: Обнаружена цель id:08d8d7r координаты X:6510661 Y:3614810 тип:KR скорость:958
06.04 15:29:15:213 KP_VKO от RLS3_Dnepr: Обнаружена цель id:aac92bs координаты X:7061380 Y:2076582 тип:SAM скорость:218
06.04 15:29:29:029 KP_VKO от ZRDN3_Mahachkala: Цель id:837f8er УНИЧТОЖЕНА (KR)
06.04 15:29:45:858 KP_VKO от RLS1_Voronezh: Обнаружена цель id:0aa150b координаты X:1501233 Y:3421638 тип:BB_BR скорость:9148
06.04 15:29:46:209 KP_VKO от RLS1_Voronezh: цель движется в направлении СПРО id:0aa150b
06.04 15:30:04:358 KP_VKO от RLS3_Dnepr: Обнаружена цель id:9eb2bbs координаты X:7030268 Y:1959067 тип:SAM скорость:242
06.04 15:30:29:799 KP_VKO от RLS2_Daryal: Обнаружена цель id:e502aer координаты X:8185480 Y:7623152 тип:KR скорость:622
06.04 15:30:30:258 KP_VKO от RLS3_Dnepr: Обнаружена цель id:edf1bds координаты X:7744240 Y:2050808 тип:SAM скорость:68
06.04 15:30:30:674 KP_VKO от SPRO_Omsk: Обнаружена цель id:d0fbb0s координаты X:5939027 Y:4925202 тип:SAM скорость:179
06.04 15:30:37:192 KP_VKO от RLS3_Dnepr: Обнаружена цель id:3b2df8b координаты X:6780764 Y:2456298 тип:BB_BR скорость:9284
06.04 15:30:37:559 KP_VKO от RLS3_Dnepr: цель движется в направлении СПРО id:3b2df8b
06.04 15:30:41:061 KP_VKO от SPRO_Omsk: Обнаружена цель id:d996a3s координаты X:5731893 Y:4092528 тип:SAM скорость:83
06.04 15:31:00:486 KP_VKO от SPRO_Omsk: Обнаружена цель id:fb4805r координаты X:6385404 Y:3689632 тип:KR скорость:491
06.04 15:31:17:263 KP_VKO от ZRDN3_Mahachkala: Обнаружена цель id:aed51cb координаты X:3209565 Y:2473470 тип:BB_BR скорость:8969
06.04 15:31:30:338 KP_VKO от SPRO_Omsk: Обнаружена цель id:b26f31b координаты X:5396117 Y:5184801 тип:BB_BR скорость:8060
06.04 15:31:30:839 KP_VKO от SPRO_Omsk: Стрельба по цели id:b26f31b тип:BB_BR AMMO:2
06.04 15:31:33:388 KP_VKO от RLS3_Dnepr: Обнаружена цель id:178696s координаты X:7141984 Y:1970956 тип:SAM скорость:91
06.04 15:31:47:258 KP_VKO от RLS1_Voronezh: Обнаружена цель id:0aa150b координаты X:1663973 Y:3505278 тип:BB_BR скорость:9148
06.04 15:31:47:614 KP_VKO от RLS1_Voronezh: цель движется в направлении СПРО id:0aa150b
06.04 15:31:48:044 KP_VKO от RLS2_Daryal: Обнаружена цель id:9344f7r координаты X:10085718 Y:7463388 тип:KR скорость:887
06.04 15:32:01:289 KP_VKO от RLS3_Dnepr: Обнаружена цель id:2b659es координаты X:6634357 Y:2545030 тип:SAM скорость:199
06.04 15:32:01:666 KP_VKO от SPRO_Omsk: Цель id:b26f31b УНИЧТОЖЕНА (BB_BR)
06.04 15:32:10:197 KP_VKO от RLS1_Voronezh: Обнаружена цель id:aed51cb координаты X:3217541 Y:2402158 тип:BB_BR скорость:8969
06.04 15:32:18:864 KP_VKO от SPRO_Omsk: Обнаружена цель id:4c297eb координаты X:5972771 Y:4408193 тип:BB_BR скорость:8872
06.04 15:32:19:288 KP_VKO от SPRO_Omsk: Стрельба по цели id:4c297eb тип:BB_BR AMMO:1
06.04 15:32:33:481 KP_VKO от SPRO_Omsk: Обнаружена цель id:f748a2s координаты X:5273523 Y:2853945 тип:SAM скорость:117
06.04 15:32:44:279 KP_VKO от RLS3_Dnepr: Обнаружена цель id:954be2b координаты X:7379658 Y:2932340 тип:BB_BR скорость:9005
06.04 15:32:44:689 KP_VKO от RLS3_Dnepr: цель движется в направлении СПРО id:954be2b
06.04 15:32:46:294 KP_VKO от ZRDN3_Mahachkala: Обнаружена цель id:aed51cb координаты X:3224520 Y:2339760 тип:BB_BR скорость:8969
06.04 15:33:02:519 KP_VKO от SPRO_Omsk: ПРОМАХ по цели id:4c297eb (BB_BR)
06.04 15:33:05:046 KP_VKO от RLS3_Dnepr: Обнаружена цель id:f41a6er координаты X:8199520 Y:2411630 тип:KR скорость:607
06.04 15:33:32:135 KP_VKO от RLS3_Dnepr: Обнаружена цель id:a242bfr координаты X:6566112 Y:2824787 тип:KR скорость:787
06.04 15:33:32:580 KP_VKO от SPRO_Omsk: Обнаружена цель id:d996a3s координаты X:5730689 Y:4094544 тип:SAM скорость:83
06.04 15:33:37:065 KP_VKO от RLS3_Dnepr: Обнаружена цель id:adc21cs координаты X:6096540 Y:1099394 тип:SAM скорость:223
06.04 15:33:44:686 KP_VKO от SPRO_Omsk: Обнаружена цель id:2868edr координаты X:6890752 Y:3646489 тип:KR скорость:919
06.04 15:34:13:229 KP_VKO от RLS1_Voronezh: Обнаружена цель id:6b08e2s координаты X:2222476 Y:2087955 тип:SAM скорость:118
06.04 15:34:32:370 KP_VKO от RLS1_Voronezh: Обнаружена цель id:aed51cb координаты X:3236484 Y:2232792 тип:BB_BR скорость:8969
06.04 15:34:32:781 KP_VKO от RLS2_Daryal: Обнаружена цель id:9344f7r координаты X:10067091 Y:7462506 тип:KR скорость:887
06.04 15:34:33:240 KP_VKO от RLS3_Dnepr: Обнаружена цель id:8a3621r координаты X:8168724 Y:2094678 тип:KR скорость:493
06.04 15:34:37:907 KP_VKO от SPRO_Omsk: Обнаружена цель id:f86f99s координаты X:6237293 Y:3769211 тип:SAM скорость:168
06.04 15:35:02:362 KP_VKO от SPRO_Omsk: Обнаружена цель id:386d48r координаты X:6073740 Y:4326748 тип:KR скорость:540
06.04 15:35:33:041 KP_VKO от RLS1_Voronezh: Обнаружена цель id:0aa150b координаты X:1956905 Y:3655830 тип:BB_BR скорость:9148
06.04 15:35:33:362 KP_VKO от RLS1_Voronezh: цель движется в направлении СПРО id:0aa150b
06.04 15:36:02:823 KP_VKO от RLS3_Dnepr: Обнаружена цель id:9eb2bbs координаты X:7026256 Y:1972814 тип:SAM скорость:242
06.04 15:36:19:727 KP_VKO от RLS3_Dnepr: Обнаружена цель id:2b659es координаты X:6637041 Y:2553390 тип:SAM скорость:199
06.04 15:36:33:844 KP_VKO от RLS3_Dnepr: Обнаружена цель id:aac92bs координаты X:7054630 Y:2091507 тип:SAM скорость:218
06.04 15:37:02:251 KP_VKO от RLS2_Daryal: Обнаружена цель id:672e30s координаты X:11085824 Y:7018055 тип:SAM скорость:215
06.04 15:37:02:647 KP_VKO от RLS3_Dnepr: Обнаружена цель id:bf0aacb координаты X:5771860 Y:1787592 тип:BB_BR скорость:8391
06.04 15:37:03:039 KP_VKO от RLS3_Dnepr: цель движется в направлении СПРО id:bf0aacb
06.04 15:37:03:525 KP_VKO от SPRO_Omsk: Обнаружена цель id:8ce50fr координаты X:4675203 Y:3843712 тип:KR скорость:437
06.04 15:37:31:820 KP_VKO от RLS1_Voronezh: Обнаружена цель id:511e6cr координаты X:2333340 Y:2124900 тип:KR скорость:580
06.04 15:37:39:454 KP_VKO от RLS1_Voronezh: Обнаружена цель id:6b08e2s координаты X:2223484 Y:2092095 тип:SAM скорость:118
06.04 15:37:43:038 KP_VKO от RLS3_Dnepr: Обнаружена цель id:f41a6er координаты X:8173216 Y:2424254 тип:KR скорость:607
06.04 15:37:50:712 KP_VKO от SPRO_Omsk: Обнаружена цель id:4688dcb координаты X:6050712 Y:4718867 тип:BB_BR скорость:9744
06.04 15:37:51:168 KP_VKO от SPRO_Omsk: Стрельба по цели id:4688dcb тип:BB_BR AMMO:0
06.04 15:37:51:422 KP_VKO SPRO_Omsk: боекомплект исчерпан!
06.04 15:38:03:231 KP_VKO от RLS1_Voronezh: Обнаружена цель id:e177c4b координаты X:2572487 Y:2263352 тип:BB_BR скорость:9686
06.04 15:38:03:590 KP_VKO от RLS1_Voronezh: цель движется в направлении СПРО id:e177c4b
06.04 15:38:05:145 KP_VKO от RLS3_Dnepr: Обнаружена цель id:adc21cs координаты X:6106220 Y:1101242 тип:SAM скорость:223
06.04 15:38:15:936 KP_VKO от SPRO_Omsk: Обнаружена цель id:386d48r координаты X:6078525 Y:4309555 тип:KR скорость:540
06.04 15:38:32:065 KP_VKO от RLS3_Dnepr: Обнаружена цель id:8a3621r координаты X:8168490 Y:2113905 тип:KR скорость:493
06.04 15:38:32:450 KP_VKO от SPRO_Omsk: Обнаружена цель id:d864e4b координаты X:5095224 Y:4259968 тип:BB_BR скорость:9003
06.04 15:38:33:795 KP_VKO от RLS2_Daryal: Обнаружена цель id:672e30s координаты X:11083304 Y:7016030 тип:SAM скорость:215
06.04 15:38:34:184 KP_VKO от SPRO_Omsk: Цель id:4688dcb УНИЧТОЖЕНА (BB_BR)
06.04 15:39:32:046 KP_VKO от SPRO_Omsk: Обнаружена цель id:d996a3s координаты X:5728109 Y:4098864 тип:SAM скорость:83
06.04 15:39:44:757 KP_VKO от RLS1_Voronezh: Обнаружена цель id:511e6cr координаты X:2344081 Y:2132835 тип:KR скорость:580
06.04 15:39:49:197 KP_VKO от RLS3_Dnepr: Обнаружена цель id:f41a6er координаты X:8162256 Y:2429514 тип:KR скорость:607
06.04 15:40:04:053 KP_VKO от RLS2_Daryal: Обнаружена цель id:672e30s координаты X:11080784 Y:7014005 тип:SAM скорость:215
06.04 15:40:06:496 KP_VKO от RLS1_Voronezh: Обнаружена цель id:6b08e2s координаты X:2224128 Y:2094740 тип:SAM скорость:118
06.04 15:40:20:336 KP_VKO от SPRO_Omsk: Обнаружена цель id:4c297eb координаты X:5683557 Y:3740631 тип:BB_BR скорость:8872
06.04 15:40:35:518 KP_VKO от SPRO_Omsk: Обнаружена цель id:f7cefdr координаты X:6973175 Y:4012380 тип:KR скорость:401
06.04 15:40:40:027 KP_VKO от RLS3_Dnepr: Обнаружена цель id:8e9eb0b координаты X:8133040 Y:2784424 тип:BB_BR скорость:8099
06.04 15:40:40:357 KP_VKO от RLS3_Dnepr: цель движется в направлении СПРО id:8e9eb0b
06.04 15:41:03:709 KP_VKO от RLS3_Dnepr: Обнаружена цель id:bf0aacb координаты X:5576905 Y:2071066 тип:BB_BR скорость:8391
06.04 15:41:04:069 KP_VKO от RLS3_Dnepr: цель движется в направлении СПРО id:bf0aacb
06.04 15:41:04:574 KP_VKO от SPRO_Omsk: Обнаружена цель id:d0fbb0s координаты X:5924571 Y:4913346 тип:SAM скорость:179
06.04 15:41:15:253 KP_VKO от SPRO_Omsk: Обнаружена цель id:fb4805r координаты X:6365422 Y:3643076 тип:KR скорость:491
06.04 15:41:32:172 KP_VKO SPRO_Omsk НЕ ОТВЕЧАЕТ! Связь потеряна
06.04 15:41:33:645 KP_VKO от SPRO_Omsk: Обнаружена цель id:f748a2s координаты X:5266233 Y:2861595 тип:SAM скорость:117
06.04 15:41:46:387 KP_VKO от SPRO_Omsk: Обнаружена цель id:113b08b координаты X:5500856 Y:2718608 тип:BB_BR скорость:8370
06.04 15:41:47:714 KP_VKO SPRO_Omsk: боекомплект пополнен AMMO:10
06.04 15:41:49:224 KP_VKO от RLS3_Dnepr: Обнаружена цель id:f41a6er координаты X:8150748 Y:2435037 тип:KR скорость:607
06.04 15:42:01:867 KP_VKO SPRO_Omsk работоспособность восстановлена
06.04 15:42:09:376 KP_VKO от RLS1_Voronezh: Обнаружена цель id:511e6cr координаты X:2355289 Y:2141115 тип:KR скорость:580
06.04 15:42:09:697 KP_VKO от RLS2_Daryal: Обнаружена цель id:672e30s координаты X:11077256 Y:7011170 тип:SAM скорость:215
06.04 15:42:32:983 KP_VKO от RLS1_Voronezh: Обнаружена цель id:6b08e2s координаты X:2224828 Y:2097615 тип:SAM скорость:118
06.04 15:42:38:536 KP_VKO от RLS3_Dnepr: Обнаружена цель id:adc21cs координаты X:6116560 Y:1103216 тип:SAM скорость:223
06.04 15:42:40:966 KP_VKO от RLS1_Voronezh: Обнаружена цель id:e177c4b координаты X:2911216 Y:2567536 тип:BB_BR скорость:9686
06.04 15:42:41:327 KP_VKO от RLS1_Voronezh: цель движется в направлении СПРО id:e177c4b
06.04 15:43:03:750 KP_VKO от RLS3_Dnepr: Обнаружена цель id:8a3621r координаты X:8168214 Y:2136583 тип:KR скорость:493
06.04 15:43:14:481 KP_VKO от SPRO_Omsk: Обнаружена цель id:d996a3s координаты X:5726432 Y:4101672 тип:SAM скорость:83
06.04 15:43:33:816 KP_VKO от RLS1_Voronezh: Обнаружена цель id:569205r координаты X:2148231 Y:1311956 тип:KR скорость:283
06.04 15:43:34:290 KP_VKO от SPRO_Omsk: Обнаружена цель id:d864e4b координаты X:5102313 Y:3800866 тип:BB_BR скорость:9003
06.04 15:43:34:788 KP_VKO от SPRO_Omsk: Стрельба по цели id:d864e4b тип:BB_BR AMMO:9
06.04 15:43:50:745 KP_VKO от RLS3_Dnepr: Обнаружена цель id:f41a6er координаты X:8139788 Y:2440297 тип:KR скорость:607
06.04 15:44:14:146 KP_VKO от SPRO_Omsk: Цель id:d864e4b УНИЧТОЖЕНА (BB_BR)
06.04 15:44:33:803 KP_VKO от SPRO_Omsk: Обнаружена цель id:4c297eb координаты X:5535423 Y:3398709 тип:BB_BR скорость:8872
06.04 15:44:34:286 KP_VKO от SPRO_Omsk: Стрельба по цели id:4c297eb тип:BB_BR AMMO:8
06.04 15:45:13:835 KP_VKO от SPRO_Omsk: Цель id:4c297eb УНИЧТОЖЕНА (BB_BR)
06.04 15:45:21:517 KP_VKO от RLS3_Dnepr: Обнаружена цель id:adc21cs координаты X:6122500 Y:1104350 тип:SAM скорость:223
06.04 15:45:36:590 KP_VKO от RLS3_Dnepr: Обнаружена цель id:8a3621r координаты X:8168052 Y:2149894 тип:KR скорость:493
06.04 15:45:39:999 KP_VKO от RLS1_Voronezh: Обнаружена цель id:569205r координаты X:2150091 Y:1317316 тип:KR скорость:283
06.04 15:46:33:634 KP_VKO от RLS1_Voronezh: Обнаружена цель id:511e6cr координаты X:2376304 Y:2156640 тип:KR скорость:580
06.04 15:46:34:037 KP_VKO от RLS2_Daryal: Обнаружена цель id:10cb3cb координаты X:9074956 Y:7123696 тип:BB_BR скорость:9339
06.04 15:46:34:493 KP_VKO от RLS3_Dnepr: Обнаружена цель id:8e9eb0b координаты X:7797330 Y:2444348 тип:BB_BR скорость:8099
06.04 15:46:34:838 KP_VKO от RLS3_Dnepr: цель движется в направлении СПРО id:8e9eb0b
06.04 15:46:35:369 KP_VKO от SPRO_Omsk: Обнаружена цель id:f6c0a0b координаты X:4502288 Y:4416144 тип:BB_BR скорость:9742
06.04 15:46:35:807 KP_VKO от SPRO_Omsk: Стрельба по цели id:f6c0a0b тип:BB_BR AMMO:7
06.04 15:46:45:523 KP_VKO от RLS3_Dnepr: Обнаружена цель id:efae75s координаты X:6992650 Y:1780278 тип:SAM скорость:101
06.04 15:46:51:012 KP_VKO от RLS1_Voronezh: Обнаружена цель id:6b08e2s координаты X:2226032 Y:2102560 тип:SAM скорость:118
06.04 15:47:16:241 KP_VKO от RLS1_Voronezh: Обнаружена цель id:af436fs координаты X:3511630 Y:1685710 тип:SAM скорость:60
06.04 15:47:17:669 KP_VKO от SPRO_Omsk: Цель id:f6c0a0b УНИЧТОЖЕНА (BB_BR)
06.04 15:47:37:956 KP_VKO от RLS3_Dnepr: Обнаружена цель id:1418c4r координаты X:6250817 Y:2260591 тип:KR скорость:988
06.04 15:48:04:394 KP_VKO от RLS1_Voronezh: Обнаружена цель id:569205r координаты X:2152323 Y:1323748 тип:KR скорость:283
06.04 15:48:04:729 KP_VKO от RLS3_Dnepr: Обнаружена цель id:b4dc5dr координаты X:5322913 Y:2155442 тип:KR скорость:736
06.04 15:48:20:492 KP_VKO от RLS1_Voronezh: Обнаружена цель id:7d5aeas координаты X:1486737 Y:1286221 тип:SAM скорость:129
06.04 15:48:44:917 KP_VKO от RLS3_Dnepr: Обнаружена цель id:5063e8b координаты X:7569474 Y:2078876 тип:BB_BR скорость:9777
06.04 15:48:45:296 KP_VKO от RLS3_Dnepr: цель движется в направлении СПРО id:5063e8b
06.04 15:49:06:418 KP_VKO от RLS3_Dnepr: Обнаружена цель id:adc21cs координаты X:6128880 Y:1105568 тип:SAM скорость:223
06.04 15:49:16:107 KP_VKO от RLS1_Voronezh: Обнаружена цель id:511e6cr координаты X:2388913 Y:2165955 тип:KR скорость:580
06.04 15:49:21:654 KP_VKO от RLS3_Dnepr: Обнаружена цель id:8a3621r координаты X:8167824 Y:2168628 тип:KR скорость:493
06.04 15:49:34:640 KP_VKO от RLS1_Voronezh: Обнаружена цель id:6b08e2s координаты X:2226816 Y:2105780 тип:SAM скорость:118
06.04 15:49:37:022 KP_VKO от RLS3_Dnepr: Обнаружена цель id:68994es координаты X:5958101 Y:2182882 тип:SAM скорость:223
06.04 15:49:45:657 KP_VKO от SPRO_Omsk: Обнаружена цель id:7774c0b координаты X:6704134 Y:3627896 тип:BB_BR скорость:8282
06.04 15:49:46:004 KP_VKO от SPRO_Omsk: Стрельба по цели id:7774c0b тип:BB_BR AMMO:6
06.04 15:49:48:513 KP_VKO от RLS1_Voronezh: Обнаружена цель id:af436fs координаты X:3512218 Y:1687306 тип:SAM скорость:60
06.04 15:50:09:823 KP_VKO от SPRO_Omsk: Обнаружена цель id:1cf801b координаты X:4681890 Y:4427190 тип:BB_BR скорость:9497
06.04 15:50:10:261 KP_VKO от SPRO_Omsk: Стрельба по цели id:1cf801b тип:BB_BR AMMO:5
06.04 15:50:35:156 KP_VKO от RLS3_Dnepr: Обнаружена цель id:b4dc5dr координаты X:5341246 Y:2163164 тип:KR скорость:736
06.04 15:50:35:813 KP_VKO от SPRO_Omsk: Обнаружена цель id:113b08b координаты X:5125538 Y:3342659 тип:BB_BR скорость:8370
06.04 15:50:36:303 KP_VKO от SPRO_Omsk: Стрельба по цели id:113b08b тип:BB_BR AMMO:4
06.04 15:50:36:768 KP_VKO от SPRO_Omsk: ПРОМАХ по цели id:7774c0b (BB_BR)
06.04 15:50:48:752 KP_VKO от SPRO_Omsk: Цель id:113b08b УНИЧТОЖЕНА (BB_BR)
06.04 15:50:50:181 KP_VKO от SPRO_Omsk: Цель id:1cf801b УНИЧТОЖЕНА (BB_BR)
06.04 15:51:04:277 KP_VKO от RLS3_Dnepr: Обнаружена цель id:043a2es координаты X:8237039 Y:2344549 тип:SAM скорость:181
06.04 15:51:18:031 KP_VKO от RLS3_Dnepr: Обнаружена цель id:0cad2eb координаты X:7956091 Y:2980009 тип:BB_BR скорость:8937
06.04 15:51:18:421 KP_VKO от RLS3_Dnepr: цель движется в направлении СПРО id:0cad2eb
06.04 15:51:34:571 KP_VKO от RLS1_Voronezh: Обнаружена цель id:569205r координаты X:2155392 Y:1332592 тип:KR скорость:283
06.04 15:51:35:000 KP_VKO от RLS2_Daryal: Обнаружена цель id:10cb3cb координаты X:9056306 Y:7590296 тип:BB_BR скорость:9339
06.04 15:51:39:468 KP_VKO от RLS1_Voronezh: Обнаружена цель id:7d5aeas координаты X:1488948 Y:1289884 тип:SAM скорость:129
06.04 15:52:04:924 KP_VKO от RLS1_Voronezh: Обнаружена цель id:fe3c9bb координаты X:2159406 Y:1629554 тип:BB_BR скорость:8661
06.04 15:52:05:336 KP_VKO от RLS1_Voronezh: цель движется в направлении СПРО id:fe3c9bb
06.04 15:52:05:883 KP_VKO от SPRO_Omsk: Обнаружена цель id:7774c0b координаты X:6587954 Y:3745976 тип:BB_BR скорость:8282
06.04 15:52:06:346 KP_VKO от SPRO_Omsk: Стрельба по цели id:7774c0b тип:BB_BR AMMO:3
06.04 15:52:07:954 KP_VKO от RLS3_Dnepr: Обнаружена цель id:1e1d93r координаты X:6420242 Y:2514599 тип:KR скорость:949
06.04 15:52:34:407 KP_VKO от RLS3_Dnepr: Обнаружена цель id:556e2fb координаты X:8356327 Y:1269820 тип:BB_BR скорость:8381
06.04 15:52:34:802 KP_VKO от RLS3_Dnepr: цель движется в направлении СПРО id:556e2fb
06.04 15:52:37:191 KP_VKO от SPRO_Omsk: Цель id:7774c0b УНИЧТОЖЕНА (BB_BR)
06.04 15:52:44:732 KP_VKO от RLS3_Dnepr: Обнаружена цель id:68994es координаты X:5957231 Y:2189542 тип:SAM скорость:223
06.04 15:52:50:266 KP_VKO от RLS1_Voronezh: Обнаружена цель id:1297fds координаты X:1404060 Y:1736480 тип:SAM скорость:246
06.04 15:52:50:762 KP_VKO от SPRO_Omsk: Обнаружена цель id:a6d0f6b координаты X:6181491 Y:5011727 тип:BB_BR скорость:8262
06.04 15:52:51:240 KP_VKO от SPRO_Omsk: Стрельба по цели id:a6d0f6b тип:BB_BR AMMO:2
06.04 15:53:12:521 KP_VKO от RLS1_Voronezh: Обнаружена цель id:4d2be5b координаты X:4198416 Y:1177656 тип:BB_BR скорость:8525
06.04 15:53:13:896 KP_VKO от RLS1_Voronezh: цель движется в направлении СПРО id:4d2be5b
06.04 15:53:14:347 KP_VKO от SPRO_Omsk: Обнаружена цель id:293698r координаты X:5354627 Y:3235118 тип:KR скорость:740
06.04 15:53:34:826 KP_VKO от SPRO_Omsk: Обнаружена цель id:e47a61b координаты X:5269472 Y:3632144 тип:BB_BR скорость:8844
06.04 15:53:35:241 KP_VKO от SPRO_Omsk: Стрельба по цели id:e47a61b тип:BB_BR AMMO:1
06.04 15:53:35:629 KP_VKO от SPRO_Omsk: Цель id:a6d0f6b УНИЧТОЖЕНА (BB_BR)
06.04 15:53:36:179 KP_VKO от ZRDN2_Volgograd: Обнаружена цель id:2f7fd3b координаты X:3487610 Y:3349455 тип:BB_BR скорость:8436
06.04 15:53:42:874 KP_VKO от RLS3_Dnepr: Обнаружена цель id:b4dc5dr координаты X:5361616 Y:2171744 тип:KR скорость:736
06.04 15:54:04:282 KP_VKO от RLS3_Dnepr: Обнаружена цель id:a9f5b4r координаты X:5965745 Y:1124388 тип:KR скорость:856
06.04 15:54:05:779 KP_VKO от RLS1_Voronezh: Обнаружена цель id:1fe8e7b координаты X:3752672 Y:1808664 тип:BB_BR скорость:8057
06.04 15:54:06:164 KP_VKO от RLS1_Voronezh: цель движется в направлении СПРО id:1fe8e7b
06.04 15:54:12:848 KP_VKO от SPRO_Omsk: ПРОМАХ по цели id:e47a61b (BB_BR)
06.04 15:54:34:114 KP_VKO от RLS3_Dnepr: Обнаружена цель id:b746f3b координаты X:8378945 Y:2304945 тип:BB_BR скорость:8465
06.04 15:54:34:417 KP_VKO от RLS3_Dnepr: цель движется в направлении СПРО id:b746f3b
06.04 15:55:13:238 KP_VKO от RLS3_Dnepr: Обнаружена цель id:5063e8b координаты X:7184607 Y:2559818 тип:BB_BR скорость:9777
06.04 15:55:13:671 KP_VKO от RLS3_Dnepr: цель движется в направлении СПРО id:5063e8b
06.04 15:55:34:957 KP_VKO от RLS1_Voronezh: Обнаружена цель id:569205r координаты X:2159112 Y:1343312 тип:KR скорость:283
06.04 15:55:35:346 KP_VKO от RLS3_Dnepr: Обнаружена цель id:de9912s координаты X:8144912 Y:2388024 тип:SAM скорость:92
06.04 15:55:43:901 KP_VKO от RLS1_Voronezh: Обнаружена цель id:201c30b координаты X:3109298 Y:1625724 тип:BB_BR скорость:8953
06.04 15:55:44:211 KP_VKO от RLS1_Voronezh: цель движется в направлении СПРО id:201c30b
06.04 15:55:45:618 KP_VKO от RLS3_Dnepr: Обнаружена цель id:7e7a5ab координаты X:8720177 Y:2517349 тип:BB_BR скорость:8459
06.04 15:56:05:579 KP_VKO от RLS1_Voronezh: Обнаружена цель id:7d5aeas координаты X:1491762 Y:1294546 тип:SAM скорость:129
06.04 15:56:09:115 KP_VKO от SPRO_Omsk: Обнаружена цель id:d0c2dfr координаты X:5872404 Y:4969508 тип:KR скорость:740
06.04 15:56:15:679 KP_VKO от ZRDN2_Volgograd: Обнаружена цель id:2f7fd3b координаты X:3638684 Y:3442002 тип:BB_BR скорость:8436
06.04 15:56:23:289 KP_VKO от RLS1_Voronezh: Обнаружена цель id:fe3c9bb координаты X:2170672 Y:2001848 тип:BB_BR скорость:8661
06.04 15:56:23:608 KP_VKO от RLS1_Voronezh: цель движется в направлении СПРО id:fe3c9bb
06.04 15:56:36:723 KP_VKO от RLS2_Daryal: Обнаружена цель id:7f2740s координаты X:10152736 Y:7867224 тип:SAM скорость:102
06.04 15:56:38:162 KP_VKO от RLS3_Dnepr: Обнаружена цель id:b60bf5s координаты X:6037350 Y:2132938 тип:SAM скорость:71
06.04 15:56:54:901 KP_VKO от RLS3_Dnepr: Обнаружена цель id:556e2fb координаты X:8055851 Y:1483660 тип:BB_BR скорость:8381
06.04 15:56:55:248 KP_VKO от RLS3_Dnepr: цель движется в направлении СПРО id:556e2fb
06.04 15:56:55:663 KP_VKO от ZRDN3_Mahachkala: Обнаружена цель id:1fe8e7b координаты X:3848140 Y:2021930 тип:BB_BR скорость:8057
06.04 15:57:16:779 KP_VKO от RLS3_Dnepr: Обнаружена цель id:68994es координаты X:5955955 Y:2199310 тип:SAM скорость:223
06.04 15:57:36:143 KP_VKO от RLS1_Voronezh: Обнаружена цель id:af436fs координаты X:3513814 Y:1691638 тип:SAM скорость:60
06.04 15:57:36:703 KP_VKO от SPRO_Omsk: Обнаружена цель id:293698r координаты X:5357192 Y:3268328 тип:KR скорость:740
06.04 15:57:48:370 KP_VKO от RLS1_Voronezh: Обнаружена цель id:4d2be5b координаты X:4453814 Y:1486399 тип:BB_BR скорость:8525
06.04 15:57:48:785 KP_VKO от RLS1_Voronezh: цель движется в направлении СПРО id:4d2be5b
06.04 15:58:05:600 KP_VKO от RLS2_Daryal: Обнаружена цель id:7f2740s координаты X:10152241 Y:7865769 тип:SAM скорость:102
06.04 15:58:13:186 KP_VKO от RLS3_Dnepr: Обнаружена цель id:5063e8b координаты X:7001337 Y:2788838 тип:BB_BR скорость:9777
06.04 15:58:13:563 KP_VKO от RLS3_Dnepr: цель движется в направлении СПРО id:5063e8b
06.04 15:58:36:971 KP_VKO от SPRO_Omsk: Обнаружена цель id:600e3er координаты X:5327432 Y:3689320 тип:KR скорость:395
06.04 15:59:06:215 KP_VKO от RLS3_Dnepr: Обнаружена цель id:369ab8r координаты X:9343966 Y:1418533 тип:KR скорость:866
06.04 15:59:19:024 KP_VKO от RLS3_Dnepr: Обнаружена цель id:043a2es координаты X:8234404 Y:2359764 тип:SAM скорость:181
06.04 15:59:21:597 KP_VKO от SPRO_Omsk: Обнаружена цель id:293698r координаты X:5358275 Y:3282350 тип:KR скорость:740
06.04 15:59:36:636 KP_VKO от RLS3_Dnepr: Обнаружена цель id:0cad2eb координаты X:7639114 Y:2309286 тип:BB_BR скорость:8937
06.04 15:59:38:130 KP_VKO от SPRO_Omsk: Обнаружена цель id:d905a4s координаты X:5374196 Y:4140354 тип:SAM скорость:134
06.04 16:00:06:673 KP_VKO от SPRO_Omsk: Обнаружена цель id:230c54s координаты X:4927520 Y:4583380 тип:SAM скорость:131
06.04 16:00:10:098 KP_VKO от RLS2_Daryal: Обнаружена цель id:9918acs координаты X:8822712 Y:7217462 тип:SAM скорость:141
06.04 16:00:22:759 KP_VKO от RLS2_Daryal: Обнаружена цель id:7f2740s координаты X:10151581 Y:7863829 тип:SAM скорость:102
06.04 16:00:36:727 KP_VKO от RLS3_Dnepr: Обнаружена цель id:5063e8b координаты X:6848612 Y:2979688 тип:BB_BR скорость:9777
06.04 16:00:37:019 KP_VKO от RLS3_Dnepr: цель движется в направлении СПРО id:5063e8b
06.04 16:00:38:426 KP_VKO от RLS1_Voronezh: Обнаружена цель id:af436fs координаты X:3514486 Y:1693462 тип:SAM скорость:60
06.04 16:00:46:053 KP_VKO от SPRO_Omsk: Обнаружена цель id:600e3er координаты X:5321864 Y:3681640 тип:KR скорость:395
06.04 16:01:20:632 KP_VKO от RLS3_Dnepr: Обнаружена цель id:b60bf5s координаты X:6038575 Y:2136221 тип:SAM скорость:71
06.04 16:01:36:871 KP_VKO от SPRO_Omsk: Обнаружена цель id:20c556b координаты X:4950496 Y:3210066 тип:BB_BR скорость:9868
06.04 16:01:37:243 KP_VKO от SPRO_Omsk: Стрельба по цели id:20c556b тип:BB_BR AMMO:0
06.04 16:01:38:629 KP_VKO SPRO_Omsk: боекомплект исчерпан!
06.04 16:02:05:786 KP_VKO от SPRO_Omsk: Обнаружена цель id:706718s координаты X:5251889 Y:4522024 тип:SAM скорость:154
06.04 16:02:11:414 KP_VKO от RLS1_Voronezh: Обнаружена цель id:fe3c9bb координаты X:2186654 Y:2529986 тип:BB_BR скорость:8661
06.04 16:02:11:731 KP_VKO от RLS1_Voronezh: цель движется в направлении СПРО id:fe3c9bb
06.04 16:02:17:454 KP_VKO от SPRO_Omsk: Обнаружена цель id:293698r координаты X:5359985 Y:3304490 тип:KR скорость:740
06.04 16:02:18:939 KP_VKO от RLS3_Dnepr: Обнаружена цель id:d8c6f4b координаты X:7873270 Y:2100554 тип:BB_BR скорость:8494
06.04 16:02:19:297 KP_VKO от RLS3_Dnepr: цель движется в направлении СПРО id:d8c6f4b
06.04 16:02:20:748 KP_VKO от SPRO_Omsk: Цель id:20c556b УНИЧТОЖЕНА (BB_BR)
06.04 16:02:25:298 KP_VKO от ZRDN3_Mahachkala: Обнаружена цель id:1fe8e7b координаты X:4035784 Y:2441108 тип:BB_BR скорость:8057
06.04 16:02:37:337 KP_VKO от RLS3_Dnepr: Обнаружена цель id:a9f5b4r координаты X:5915460 Y:1181704 тип:KR скорость:856
06.04 16:02:37:815 KP_VKO от SPRO_Omsk: Обнаружена цель id:d905a4s координаты X:5371736 Y:4143564 тип:SAM скорость:134
06.04 16:02:53:563 KP_VKO от RLS3_Dnepr: Обнаружена цель id:b746f3b координаты X:8099752 Y:3004752 тип:BB_BR скорость:8465
06.04 16:02:53:973 KP_VKO от SPRO_Omsk: Обнаружена цель id:230c54s координаты X:4928120 Y:4587280 тип:SAM скорость:131
06.04 16:02:55:415 KP_VKO от RLS3_Dnepr: цель движется в направлении СПРО id:b746f3b
06.04 16:03:07:228 KP_VKO от RLS2_Daryal: Обнаружена цель id:9918acs координаты X:8822232 Y:7213232 тип:SAM скорость:141
06.04 16:03:11:743 KP_VKO от RLS3_Dnepr: Обнаружена цель id:556e2fb координаты X:7611966 Y:1799560 тип:BB_BR скорость:8381
06.04 16:03:12:113 KP_VKO от RLS3_Dnepr: цель движется в направлении СПРО id:556e2fb
06.04 16:03:35:855 KP_VKO RLS3_Dnepr НЕ ОТВЕЧАЕТ! Связь потеряна
06.04 16:03:37:583 KP_VKO от RLS1_Voronezh: Обнаружена цель id:fe3c9bb координаты X:2190322 Y:2651198 тип:BB_BR скорость:8661
06.04 16:03:38:021 KP_VKO от RLS1_Voronezh: цель движется в направлении СПРО id:fe3c9bb
06.04 16:03:38:511 KP_VKO от RLS3_Dnepr: Обнаружена цель id:68994es координаты X:5954070 Y:2213740 тип:SAM скорость:223
06.04 16:03:43:064 KP_VKO от SPRO_Omsk: Обнаружена цель id:5063e8b координаты X:6647015 Y:3231610 тип:BB_BR скорость:9777
06.04 16:03:44:474 KP_VKO от RLS3_Dnepr: Обнаружена цель id:7e7a5ab координаты X:8537549 Y:1900913 тип:BB_BR скорость:8459
06.04 16:04:06:030 KP_VKO RLS3_Dnepr работоспособность восстановлена
06.04 16:04:07:738 KP_VKO от SPRO_Omsk: Обнаружена цель id:600e3er координаты X:5314208 Y:3671080 тип:KR скорость:395
06.04 16:04:08:045 KP_VKO SPRO_Omsk: боекомплект пополнен AMMO:10
06.04 16:04:23:848 KP_VKO от ZRDN3_Mahachkala: Обнаружена цель id:1fe8e7b координаты X:4104916 Y:2595542 тип:BB_BR скорость:8057
06.04 16:04:37:890 KP_VKO от RLS3_Dnepr: Обнаружена цель id:d33cbab координаты X:5469280 Y:2076740 тип:BB_BR скорость:9697
06.04 16:04:38:238 KP_VKO от RLS3_Dnepr: цель движется в направлении СПРО id:d33cbab
06.04 16:04:54:116 KP_VKO от RLS3_Dnepr: Обнаружена цель id:043a2es координаты X:8232637 Y:2369967 тип:SAM скорость:181
06.04 16:05:07:154 KP_VKO от SPRO_Omsk: Обнаружена цель id:706718s координаты X:5255206 Y:4525496 тип:SAM скорость:154
06.04 16:05:10:692 KP_VKO от RLS3_Dnepr: Обнаружена цель id:50eades координаты X:7226320 Y:1592721 тип:SAM скорость:134
06.04 16:05:14:303 KP_VKO от SPRO_Omsk: Обнаружена цель id:d905a4s координаты X:5369440 Y:4146560 тип:SAM скорость:134
06.04 16:05:37:705 KP_VKO от RLS3_Dnepr: Обнаружена цель id:9aeec1s координаты X:8211465 Y:2837020 тип:SAM скорость:199
06.04 16:06:12:155 KP_VKO от RLS2_Daryal: Обнаружена цель id:9918acs координаты X:8821704 Y:7208579 тип:SAM скорость:141
06.04 16:06:42:955 KP_VKO от SPRO_Omsk: Обнаружена цель id:6e86e9b координаты X:5749823 Y:5023970 тип:BB_BR скорость:8586
06.04 16:06:43:315 KP_VKO от SPRO_Omsk: Стрельба по цели id:6e86e9b тип:BB_BR AMMO:9
06.04 16:07:07:732 KP_VKO от SPRO_Omsk: Обнаружена цель id:5e2c33s координаты X:5952252 Y:3686712 тип:SAM скорость:109
06.04 16:07:08:304 KP_VKO от ZRDN3_Mahachkala: Обнаружена цель id:1fe8e7b координаты X:4193800 Y:2794100 тип:BB_BR скорость:8057
06.04 16:07:23:155 KP_VKO от SPRO_Omsk: ПРОМАХ по цели id:6e86e9b (BB_BR)
06.04 16:07:37:063 KP_VKO от RLS3_Dnepr: Обнаружена цель id:d8c6f4b координаты X:7634240 Y:2482048 тип:BB_BR скорость:8494
06.04 16:07:37:420 KP_VKO от RLS3_Dnepr: цель движется в направлении СПРО id:d8c6f4b
06.04 16:07:37:851 KP_VKO от ZRDN1_Orenburg: Обнаружена цель id:1fe8e7b координаты X:4206968 Y:2823516 тип:BB_BR скорость:8057
06.04 16:07:40:259 KP_VKO от RLS2_Daryal: Обнаружена цель id:1022afs координаты X:10707892 Y:7889818 тип:SAM скорость:197
06.04 16:07:49:873 KP_VKO от RLS3_Dnepr: Обнаружена цель id:a9f5b4r координаты X:5888905 Y:1211972 тип:KR скорость:856
06.04 16:08:06:897 KP_VKO от RLS3_Dnepr: Обнаружена цель id:9aeec1s координаты X:8208839 Y:2841492 тип:SAM скорость:199
06.04 16:08:07:305 KP_VKO от SPRO_Omsk: Обнаружена цель id:d33cbab координаты X:5298056 Y:2358498 тип:BB_BR скорость:9697
06.04 16:08:07:783 KP_VKO от SPRO_Omsk: Стрельба по цели id:d33cbab тип:BB_BR AMMO:8
06.04 16:08:15:474 KP_VKO от SPRO_Omsk: Обнаружена цель id:b41e30b координаты X:6632741 Y:3862049 тип:BB_BR скорость:8684
06.04 16:08:16:904 KP_VKO от SPRO_Omsk: Стрельба по цели id:b41e30b тип:BB_BR AMMO:7
06.04 16:08:37:759 KP_VKO от RLS2_Daryal: Обнаружена цель id:9918acs координаты X:8821336 Y:7205336 тип:SAM скорость:141
06.04 16:08:41:236 KP_VKO от SPRO_Omsk: ПРОМАХ по цели id:d33cbab (BB_BR)
06.04 16:09:07:646 KP_VKO от SPRO_Omsk: Цель id:b41e30b УНИЧТОЖЕНА (BB_BR)
06.04 16:09:09:103 KP_VKO от RLS3_Dnepr: Обнаружена цель id:522a48r координаты X:6361960 Y:2527210 тип:KR скорость:349
06.04 16:09:16:651 KP_VKO от SPRO_Omsk: Обнаружена цель id:230c54s координаты X:4929400 Y:4595600 тип:SAM скорость:131
06.04 16:09:22:136 KP_VKO от RLS3_Dnepr: Обнаружена цель id:b60bf5s координаты X:6040600 Y:2141648 тип:SAM скорость:71
06.04 16:09:37:452 KP_VKO от SPRO_Omsk: Обнаружена цель id:35efb8r координаты X:5005598 Y:4527808 тип:KR скорость:343
06.04 16:09:47:052 KP_VKO от RLS1_Voronezh: Обнаружена цель id:fe3c9bb координаты X:2206566 Y:3187994 тип:BB_BR скорость:8661
06.04 16:09:48:420 KP_VKO от RLS1_Voronezh: цель движется в направлении СПРО id:fe3c9bb
06.04 16:10:07:447 KP_VKO от RLS2_Daryal: Обнаружена цель id:1022afs координаты X:10707478 Y:7885287 тип:SAM скорость:197
06.04 16:10:12:972 KP_VKO от RLS3_Dnepr: Обнаружена цель id:b0421ar координаты X:7159959 Y:2071008 тип:KR скорость:874
06.04 16:10:22:693 KP_VKO от SPRO_Omsk: Обнаружена цель id:706718s координаты X:5261091 Y:4531656 тип:SAM скорость:154
06.04 16:10:40:947 KP_VKO от SPRO_Omsk: Обнаружена цель id:d905a4s координаты X:5365094 Y:4152231 тип:SAM скорость:134
06.04 16:11:08:207 KP_VKO от RLS3_Dnepr: Обнаружена цель id:200eecr координаты X:7186164 Y:1408521 тип:KR скорость:264
06.04 16:11:19:910 KP_VKO от ZRDN1_Orenburg: Обнаружена цель id:1fe8e7b координаты X:4332064 Y:3102968 тип:BB_BR скорость:8057
06.04 16:11:50:578 KP_VKO от RLS1_Voronezh: Обнаружена цель id:fe3c9bb координаты X:2212068 Y:3369812 тип:BB_BR скорость:8661
06.04 16:11:50:914 KP_VKO от RLS1_Voronezh: цель движется в направлении СПРО id:fe3c9bb
06.04 16:12:11:197 KP_VKO от SPRO_Omsk: Обнаружена цель id:5063e8b координаты X:6127750 Y:3880500 тип:BB_BR скорость:9777
06.04 16:12:11:616 KP_VKO от SPRO_Omsk: Стрельба по цели id:5063e8b тип:BB_BR AMMO:6
06.04 16:12:37:209 KP_VKO от RLS3_Dnepr: Обнаружена цель id:bab56dr координаты X:7119890 Y:2461118 тип:KR скорость:754
06.04 16:12:55:107 KP_VKO от SPRO_Omsk: Цель id:5063e8b УНИЧТОЖЕНА (BB_BR)
06.04 16:12:56:498 KP_VKO от ZRDN1_Orenburg: Обнаружена цель id:1fe8e7b координаты X:4381444 Y:3213278 тип:BB_BR скорость:8057
06.04 16:13:08:229 KP_VKO от RLS3_Dnepr: Обнаружена цель id:200eecr координаты X:7182696 Y:1411394 тип:KR скорость:264
06.04 16:13:10:678 KP_VKO от SPRO_Omsk: Обнаружена цель id:1fe8e7b координаты X:4391320 Y:3235340 тип:BB_BR скорость:8057
06.04 16:13:11:117 KP_VKO от SPRO_Omsk: Стрельба по цели id:1fe8e7b тип:BB_BR AMMO:5
06.04 16:13:13:590 KP_VKO от RLS3_Dnepr: Обнаружена цель id:b0421ar координаты X:7134069 Y:2075328 тип:KR скорость:874
06.04 16:13:16:013 KP_VKO от RLS2_Daryal: Обнаружена цель id:1022afs координаты X:10706902 Y:7878983 тип:SAM скорость:197
06.04 16:13:20:621 KP_VKO от ZRDN2_Volgograd: Обнаружена цель id:d42dd0s координаты X:3874077 Y:3068560 тип:SAM скорость:80
06.04 16:13:21:031 KP_VKO от ZRDN2_Volgograd: Стрельба по цели id:d42dd0s тип:SAM AMMO:19
06.04 16:13:26:688 KP_VKO от SPRO_Omsk: Обнаружена цель id:d33cbab координаты X:5021076 Y:2814283 тип:BB_BR скорость:9697
06.04 16:13:27:224 KP_VKO от SPRO_Omsk: Стрельба по цели id:d33cbab тип:BB_BR AMMO:4
06.04 16:13:49:166 KP_VKO от SPRO_Omsk: Обнаружена цель id:6e86e9b координаты X:5874428 Y:4479920 тип:BB_BR скорость:8586
06.04 16:13:50:768 KP_VKO от SPRO_Omsk: Стрельба по цели id:6e86e9b тип:BB_BR AMMO:3
06.04 16:13:53:342 KP_VKO от SPRO_Omsk: Цель id:1fe8e7b УНИЧТОЖЕНА (BB_BR)
06.04 16:14:11:536 KP_VKO от ZRDN2_Volgograd: Цель id:d42dd0s УНИЧТОЖЕНА (SAM)
06.04 16:14:18:173 KP_VKO от SPRO_Omsk: Цель id:6e86e9b УНИЧТОЖЕНА (BB_BR)
06.04 16:14:18:615 KP_VKO от SPRO_Omsk: Обнаружена цель id:5e2c33s координаты X:5949906 Y:3679536 тип:SAM скорость:109
06.04 16:14:19:958 KP_VKO от RLS3_Dnepr: Обнаружена цель id:14462bs координаты X:7132624 Y:1129608 тип:SAM скорость:167
06.04 16:14:20:269 KP_VKO от SPRO_Omsk: Цель id:d33cbab УНИЧТОЖЕНА (BB_BR)
06.04 16:15:08:842 KP_VKO от RLS3_Dnepr: Обнаружена цель id:b0421ar координаты X:7120261 Y:2077632 тип:KR скорость:874
06.04 16:15:20:470 KP_VKO от RLS2_Daryal: Обнаружена цель id:9d586cs координаты X:11046159 Y:7038173 тип:SAM скорость:69
06.04 16:15:38:760 KP_VKO от SPRO_Omsk: Обнаружена цель id:296712b координаты X:5109380 Y:2840165 тип:BB_BR скорость:8307
06.04 16:15:39:209 KP_VKO от SPRO_Omsk: Стрельба по цели id:296712b тип:BB_BR AMMO:2
06.04 16:15:54:230 KP_VKO от SPRO_Omsk: Обнаружена цель id:35efb8r координаты X:5021275 Y:4513900 тип:KR скорость:343
06.04 16:16:20:784 KP_VKO от SPRO_Omsk: ПРОМАХ по цели id:296712b (BB_BR)
06.04 16:16:38:159 KP_VKO от RLS3_Dnepr: Обнаружена цель id:bab56dr координаты X:7142880 Y:2478256 тип:KR скорость:754
06.04 16:16:50:851 KP_VKO от RLS3_Dnepr: Обнаружена цель id:200eecr координаты X:7174944 Y:1417816 тип:KR скорость:264
06.04 16:17:10:784 KP_VKO от RLS3_Dnepr: Обнаружена цель id:14462bs координаты X:7133755 Y:1134335 тип:SAM скорость:167
06.04 16:17:21:509 KP_VKO от SPRO_Omsk: Обнаружена цель id:4b631cb координаты X:5676092 Y:4639072 тип:BB_BR скорость:9714
06.04 16:17:21:942 KP_VKO от SPRO_Omsk: Стрельба по цели id:4b631cb тип:BB_BR AMMO:1
06.04 16:17:23:446 KP_VKO от RLS2_Daryal: Обнаружена цель id:9d586cs координаты X:11045579 Y:7036913 тип:SAM скорость:69
06.04 16:17:38:842 KP_VKO от SPRO_Omsk: Обнаружена цель id:bfdfb0b координаты X:6405216 Y:3635640 тип:BB_BR скорость:8146
06.04 16:17:39:263 KP_VKO от SPRO_Omsk: Стрельба по цели id:bfdfb0b тип:BB_BR AMMO:0
06.04 16:17:39:521 KP_VKO SPRO_Omsk: боекомплект исчерпан!
06.04 16:18:07:966 KP_VKO от SPRO_Omsk: Обнаружена цель id:5e2c33s координаты X:5948648 Y:3675688 тип:SAM скорость:109
06.04 16:18:08:310 KP_VKO от SPRO_Omsk: Цель id:4b631cb УНИЧТОЖЕНА (BB_BR)
06.04 16:18:10:863 KP_VKO от RLS3_Dnepr: Обнаружена цель id:ab18ecr координаты X:7764378 Y:2436558 тип:KR скорость:485
06.04 16:18:26:767 KP_VKO от SPRO_Omsk: Цель id:bfdfb0b УНИЧТОЖЕНА (BB_BR)
06.04 16:18:52:138 KP_VKO от SPRO_Omsk: Обнаружена цель id:a1f89cb координаты X:6739391 Y:4408516 тип:BB_BR скорость:8388
06.04 16:19:42:918 KP_VKO от SPRO_Omsk: Обнаружена цель id:5e2c33s координаты X:5948036 Y:3673816 тип:SAM скорость:109
06.04 16:19:44:286 KP_VKO SPRO_Omsk: боекомплект пополнен AMMO:10
06.04 16:20:08:648 KP_VKO от RLS2_Daryal: Обнаружена цель id:9d586cs координаты X:11044825 Y:7035275 тип:SAM скорость:69
06.04 16:20:11:100 KP_VKO от RLS3_Dnepr: Обнаружена цель id:bab56dr координаты X:7164055 Y:2494041 тип:KR скорость:754
06.04 16:20:38:362 KP_VKO от RLS3_Dnepr: Обнаружена цель id:200eecr координаты X:7167804 Y:1423731 тип:KR скорость:264
06.04 16:20:38:776 KP_VKO от SPRO_Omsk: Обнаружена цель id:6aa1cfr координаты X:5232998 Y:4450764 тип:KR скорость:554
06.04 16:20:43:205 KP_VKO от RLS3_Dnepr: Обнаружена цель id:b69c00r координаты X:5121096 Y:2027816 тип:KR скорость:922
06.04 16:20:54:984 KP_VKO от SPRO_Omsk: Обнаружена цель id:37f4fbr координаты X:5519630 Y:3780829 тип:KR скорость:820
06.04 16:21:07:834 KP_VKO от RLS3_Dnepr: Обнаружена цель id:14462bs координаты X:7135237 Y:1140529 тип:SAM скорость:167
06.04 16:21:16:430 KP_VKO от SPRO_Omsk: Обнаружена цель id:35efb8r координаты X:5034896 Y:4501816 тип:KR скорость:343
06.04 16:21:21:912 KP_VKO от RLS3_Dnepr: Обнаружена цель id:b0421ar координаты X:7066755 Y:2086560 тип:KR скорость:874
06.04 16:22:08:294 KP_VKO от RLS2_Daryal: Обнаружена цель id:9d586cs координаты X:11044216 Y:7033952 тип:SAM скорость:69
06.04 16:22:09:732 KP_VKO от SPRO_Omsk: Обнаружена цель id:5e2c33s координаты X:5947322 Y:3671632 тип:SAM скорость:109
06.04 16:22:18:381 KP_VKO от RLS3_Dnepr: Обнаружена цель id:1193fcb координаты X:7166298 Y:1425186 тип:BB_BR скорость:8477
06.04 16:22:38:657 KP_VKO от RLS1_Voronezh: Обнаружена цель id:ffab96r координаты X:2145137 Y:1357603 тип:KR скорость:697
06.04 16:22:38:959 KP_VKO от RLS3_Dnepr: Обнаружена цель id:6a0581r координаты X:7126755 Y:2451030 тип:KR скорость:951
06.04 16:23:08:506 KP_VKO от SPRO_Omsk: Обнаружена цель id:6aa1cfr координаты X:5228630 Y:4463340 тип:KR скорость:554
06.04 16:23:25:259 KP_VKO от RLS3_Dnepr: Обнаружена цель id:3cbb9cb координаты X:7141197 Y:2613517 тип:BB_BR скорость:9177
06.04 16:23:25:489 KP_VKO от RLS3_Dnepr: цель движется в направлении СПРО id:3cbb9cb
06.04 16:23:52:036 KP_VKO от SPRO_Omsk: Обнаружена цель id:b89454b координаты X:5809104 Y:3581800 тип:BB_BR скорость:9116
06.04 16:23:52:525 KP_VKO от SPRO_Omsk: Стрельба по цели id:b89454b тип:BB_BR AMMO:9
06.04 16:24:15:701 KP_VKO от RLS1_Voronezh: Обнаружена цель id:06a04fb координаты X:4034308 Y:1360608 тип:BB_BR скорость:9447
06.04 16:24:16:088 KP_VKO от RLS1_Voronezh: цель движется в направлении СПРО id:06a04fb
06.04 16:24:17:554 KP_VKO от RLS2_Daryal: Обнаружена цель id:9d586cs координаты X:11043607 Y:7032629 тип:SAM скорость:69
06.04 16:24:18:045 KP_VKO от SPRO_Omsk: Обнаружена цель id:bf5116r координаты X:6622030 Y:3522524 тип:KR скорость:257
06.04 16:24:22:551 KP_VKO от RLS3_Dnepr: Обнаружена цель id:6a0581r координаты X:7110609 Y:2456754 тип:KR скорость:951
06.04 16:24:38:868 KP_VKO от RLS1_Voronezh: Обнаружена цель id:ffab96r координаты X:2155568 Y:1365792 тип:KR скорость:697
06.04 16:24:39:338 KP_VKO от SPRO_Omsk: Обнаружена цель id:37f4fbr координаты X:5523700 Y:3810910 тип:KR скорость:820
06.04 16:24:39:703 KP_VKO от SPRO_Omsk: ПРОМАХ по цели id:b89454b (BB_BR)
06.04 16:25:17:171 KP_VKO от RLS3_Dnepr: Обнаружена цель id:ab18ecr координаты X:7768194 Y:2471334 тип:KR скорость:485
06.04 16:25:38:819 KP_VKO от RLS3_Dnepr: Обнаружена цель id:e08196s координаты X:9074032 Y:1463560 тип:SAM скорость:73
06.04 16:26:08:203 KP_VKO от SPRO_Omsk: Обнаружена цель id:d3ff90r координаты X:5644040 Y:4612589 тип:KR скорость:720
06.04 16:26:12:715 KP_VKO от ZRDN3_Mahachkala: Обнаружена цель id:1a111ar координаты X:3704504 Y:2821536 тип:KR скорость:759
06.04 16:26:13:093 KP_VKO от ZRDN3_Mahachkala: Стрельба по цели id:1a111ar тип:KR AMMO:15
06.04 16:26:27:021 KP_VKO от ZRDN2_Volgograd: Обнаружена цель id:1a111ar координаты X:3705443 Y:2823612 тип:KR скорость:759
06.04 16:26:27:430 KP_VKO от ZRDN2_Volgograd: Стрельба по цели id:1a111ar тип:KR AMMO:18
06.04 16:26:39:758 KP_VKO от RLS1_Voronezh: Обнаружена цель id:ffab96r координаты X:2167097 Y:1374843 тип:KR скорость:697
06.04 16:26:40:337 KP_VKO от RLS3_Dnepr: Обнаружена цель id:7dd347b координаты X:6806772 Y:1225084 тип:BB_BR скорость:8055
06.04 16:26:40:774 KP_VKO от RLS3_Dnepr: цель движется в направлении СПРО id:7dd347b
06.04 16:26:49:476 KP_VKO от RLS3_Dnepr: Обнаружена цель id:6a0581r координаты X:7089081 Y:2464386 тип:KR скорость:951
06.04 16:26:53:011 KP_VKO от ZRDN3_Mahachkala: Цель id:1a111ar УНИЧТОЖЕНА (KR)
06.04 16:27:08:190 KP_VKO от SPRO_Omsk: Обнаружена цель id:b89454b координаты X:6065484 Y:3486550 тип:BB_BR скорость:9116
06.04 16:27:08:756 KP_VKO от SPRO_Omsk: Стрельба по цели id:b89454b тип:BB_BR AMMO:8
06.04 16:27:16:485 KP_VKO от ZRDN2_Volgograd: Цель id:1a111ar УНИЧТОЖЕНА (KR)
06.04 16:27:24:269 KP_VKO от SPRO_Omsk: Обнаружена цель id:8bd0abs координаты X:5475924 Y:2562134 тип:SAM скорость:105
06.04 16:27:38:469 KP_VKO от SPRO_Omsk: Обнаружена цель id:6aa1cfr координаты X:5220258 Y:4487444 тип:KR скорость:554
06.04 16:27:41:882 KP_VKO от SPRO_Omsk: ПРОМАХ по цели id:b89454b (BB_BR)
06.04 16:27:43:389 KP_VKO от RLS3_Dnepr: Обнаружена цель id:ab18ecr координаты X:7769466 Y:2482926 тип:KR скорость:485
06.04 16:27:52:985 KP_VKO от SPRO_Omsk: Обнаружена цель id:37f4fbr координаты X:5527220 Y:3836926 тип:KR скорость:820
06.04 16:28:08:038 KP_VKO от RLS3_Dnepr: Обнаружена цель id:7af2c4r координаты X:7653100 Y:1603775 тип:KR скорость:868
06.04 16:28:13:622 KP_VKO от RLS1_Voronezh: Обнаружена цель id:06a04fb координаты X:4153024 Y:1709424 тип:BB_BR скорость:9447
06.04 16:28:13:938 KP_VKO от RLS1_Voronezh: цель движется в направлении СПРО id:06a04fb
06.04 16:28:20:457 KP_VKO от RLS3_Dnepr: Обнаружена цель id:e08196s координаты X:9072482 Y:1464560 тип:SAM скорость:73
06.04 16:28:42:896 KP_VKO от SPRO_Omsk: Обнаружена цель id:d3ff90r координаты X:5655480 Y:4597743 тип:KR скорость:720
06.04 16:29:12:360 KP_VKO от RLS3_Dnepr: Обнаружена цель id:1193fcb координаты X:7670481 Y:1721817 тип:BB_BR скорость:8477
06.04 16:29:38:736 KP_VKO от RLS3_Dnepr: Обнаружена цель id:200eecr координаты X:7149444 Y:1438941 тип:KR скорость:264
06.04 16:29:39:203 KP_VKO от SPRO_Omsk: Обнаружена цель id:b89454b координаты X:6296226 Y:3400825 тип:BB_BR скорость:9116
06.04 16:29:39:596 KP_VKO от SPRO_Omsk: Стрельба по цели id:b89454b тип:BB_BR AMMO:7
06.04 16:29:41:039 KP_VKO от RLS1_Voronezh: Обнаружена цель id:e4d207r координаты X:1418036 Y:2123214 тип:KR скорость:833
06.04 16:29:46:625 KP_VKO от RLS3_Dnepr: Обнаружена цель id:556164s координаты X:7239504 Y:1311257 тип:SAM скорость:161
06.04 16:30:08:120 KP_VKO от RLS1_Voronezh: Обнаружена цель id:208c58s координаты X:3362212 Y:2003254 тип:SAM скорость:156
06.04 16:30:08:752 KP_VKO от SPRO_Omsk: Обнаружена цель id:bf5116r координаты X:6609150 Y:3529020 тип:KR скорость:257
06.04 16:30:25:837 KP_VKO от SPRO_Omsk: Обнаружена цель id:8bd0abs координаты X:5477184 Y:2565044 тип:SAM скорость:105
06.04 16:30:38:761 KP_VKO от SPRO_Omsk: Цель id:b89454b УНИЧТОЖЕНА (BB_BR)
06.04 16:30:40:192 KP_VKO от SPRO_Omsk: Обнаружена цель id:37f4fbr координаты X:5530300 Y:3859690 тип:KR скорость:820
06.04 16:30:43:779 KP_VKO от RLS3_Dnepr: Обнаружена цель id:8a4a42b координаты X:7884375 Y:3129925 тип:BB_BR скорость:9371
06.04 16:30:44:116 KP_VKO от RLS3_Dnepr: цель движется в направлении СПРО id:8a4a42b
06.04 16:30:51:702 KP_VKO от ZRDN2_Volgograd: Обнаружена цель id:7ba9b3b координаты X:3606779 Y:3261964 тип:BB_BR скорость:9764
06.04 16:31:08:781 KP_VKO от RLS3_Dnepr: Обнаружена цель id:c22b7eb координаты X:9634660 Y:2138635 тип:BB_BR скорость:8983
06.04 16:31:09:194 KP_VKO от RLS3_Dnepr: цель движется в направлении СПРО id:c22b7eb
06.04 16:31:52:251 KP_VKO от RLS3_Dnepr: Обнаружена цель id:1193fcb координаты X:7860463 Y:1833591 тип:BB_BR скорость:8477
06.04 16:32:08:157 KP_VKO от SPRO_Omsk: Обнаружена цель id:d3ff90r координаты X:5670000 Y:4578900 тип:KR скорость:720
06.04 16:32:11:598 KP_VKO от RLS3_Dnepr: Обнаружена цель id:535c45b координаты X:6845967 Y:1670048 тип:BB_BR скорость:8370
06.04 16:32:11:944 KP_VKO от RLS3_Dnepr: цель движется в направлении СПРО id:535c45b
06.04 16:32:25:679 KP_VKO от RLS2_Daryal: Обнаружена цель id:32b1e1b координаты X:8758196 Y:7508361 тип:BB_BR скорость:9550
06.04 16:32:26:076 KP_VKO от RLS2_Daryal: цель движется в направлении СПРО id:32b1e1b
06.04 16:32:27:497 KP_VKO от SPRO_Omsk: Обнаружена цель id:b745aes координаты X:6022412 Y:5205052 тип:SAM скорость:177
06.04 16:32:39:823 KP_VKO от RLS3_Dnepr: Обнаружена цель id:556164s координаты X:7242960 Y:1313930 тип:SAM скорость:161
06.04 16:33:21:598 KP_VKO от SPRO_Omsk: Обнаружена цель id:bf5116r координаты X:6601560 Y:3532848 тип:KR скорость:257
06.04 16:33:28:173 KP_VKO от RLS3_Dnepr: Обнаружена цель id:8a4a42b координаты X:7683005 Y:3267127 тип:BB_BR скорость:9371
06.04 16:33:28:467 KP_VKO от RLS3_Dnepr: цель движется в направлении СПРО id:8a4a42b
06.04 16:33:47:744 KP_VKO от RLS1_Voronezh: Обнаружена цель id:eb0573r координаты X:1616502 Y:3810199 тип:KR скорость:291
06.04 16:34:21:484 KP_VKO от RLS3_Dnepr: Обнаружена цель id:8634fer координаты X:9248105 Y:1709240 тип:KR скорость:950
06.04 16:34:39:816 KP_VKO от RLS3_Dnepr: Обнаружена цель id:556164s координаты X:7245648 Y:1316009 тип:SAM скорость:161
06.04 16:34:45:415 KP_VKO от SPRO_Omsk: Обнаружена цель id:bf5116r координаты X:6598110 Y:3534588 тип:KR скорость:257
06.04 16:35:09:789 KP_VKO от SPRO_Omsk: Обнаружена цель id:aee9cbs координаты X:6390602 Y:3057628 тип:SAM скорость:128
06.04 16:35:26:659 KP_VKO от SPRO_Omsk: Обнаружена цель id:8bd0abs координаты X:5479284 Y:2569894 тип:SAM скорость:105
06.04 16:35:39:880 KP_VKO от RLS3_Dnepr: Обнаружена цель id:8a4a42b координаты X:7512615 Y:3383221 тип:BB_BR скорость:9371
06.04 16:35:40:277 KP_VKO от RLS3_Dnepr: цель движется в направлении СПРО id:8a4a42b
06.04 16:35:50:989 KP_VKO от RLS1_Voronezh: Обнаружена цель id:eb0573r координаты X:1622062 Y:3808419 тип:KR скорость:291
06.04 16:36:08:992 KP_VKO от RLS2_Daryal: Обнаружена цель id:32b1e1b координаты X:8669660 Y:7195935 тип:BB_BR скорость:9550
06.04 16:36:09:360 KP_VKO от RLS2_Daryal: цель движется в направлении СПРО id:32b1e1b
06.04 16:36:21:142 KP_VKO от SPRO_Omsk: Обнаружена цель id:8e685bb координаты X:6650179 Y:4673248 тип:BB_BR скорость:8898
06.04 16:36:21:570 KP_VKO от SPRO_Omsk: Стрельба по цели id:8e685bb тип:BB_BR AMMO:6
06.04 16:37:08:885 KP_VKO от SPRO_Omsk: Цель id:8e685bb УНИЧТОЖЕНА (BB_BR)
06.04 16:37:10:375 KP_VKO от ZRDN1_Orenburg: Обнаружена цель id:0e0486b координаты X:4079107 Y:3388116 тип:BB_BR скорость:8028
06.04 16:37:18:030 KP_VKO от SPRO_Omsk: Обнаружена цель id:b62967s координаты X:6195105 Y:3664760 тип:SAM скорость:97
06.04 16:37:26:591 KP_VKO от RLS1_Voronezh: Обнаружена цель id:eb0573r координаты X:1626232 Y:3807084 тип:KR скорость:291
06.04 16:37:39:546 KP_VKO от RLS2_Daryal: Обнаружена цель id:aeed99s координаты X:10855769 Y:7829065 тип:SAM скорость:235
06.04 16:37:40:061 KP_VKO от RLS3_Dnepr: Обнаружена цель id:8634fer координаты X:9235004 Y:1737752 тип:KR скорость:950
06.04 16:37:40:681 KP_VKO от SPRO_Omsk: Обнаружена цель id:0e0486b координаты X:4085302 Y:3427776 тип:BB_BR скорость:8028
06.04 16:37:41:286 KP_VKO от SPRO_Omsk: Стрельба по цели id:0e0486b тип:BB_BR AMMO:5
06.04 16:37:41:848 KP_VKO от ZRDN1_Orenburg: Обнаружена цель id:2f5606s координаты X:4173920 Y:3675720 тип:SAM скорость:116
06.04 16:37:42:344 KP_VKO от ZRDN1_Orenburg: Стрельба по цели id:2f5606s тип:SAM AMMO:12
06.04 16:37:52:281 KP_VKO от SPRO_Omsk: Обнаружена цель id:6c25eds координаты X:5251773 Y:4640383 тип:SAM скорость:213
06.04 16:37:55:919 KP_VKO от RLS3_Dnepr: Обнаружена цель id:556164s координаты X:7249872 Y:1319276 тип:SAM скорость:161
06.04 16:38:10:816 KP_VKO от ZRDN1_Orenburg: Цель id:2f5606s УНИЧТОЖЕНА (SAM)
06.04 16:38:15:510 KP_VKO от SPRO_Omsk: Обнаружена цель id:2f5606s координаты X:4174288 Y:3676008 тип:SAM скорость:116
06.04 16:38:17:005 KP_VKO от ZRDN2_Volgograd: Обнаружена цель id:6d05b4b координаты X:3423325 Y:3326495 тип:BB_BR скорость:8862
06.04 16:38:18:392 KP_VKO от RLS3_Dnepr: Обнаружена цель id:9a317ds координаты X:7045231 Y:1198145 тип:SAM скорость:89
06.04 16:38:18:640 KP_VKO от SPRO_Omsk: Цель id:0e0486b УНИЧТОЖЕНА (BB_BR)
06.04 16:38:38:641 KP_VKO SPRO_Omsk НЕ ОТВЕЧАЕТ! Связь потеряна
06.04 16:38:40:274 KP_VKO от SPRO_Omsk: Обнаружена цель id:81bd61b координаты X:5490240 Y:3724240 тип:BB_BR скорость:9997
06.04 16:38:40:707 KP_VKO от SPRO_Omsk: Стрельба по цели id:81bd61b тип:BB_BR AMMO:4
06.04 16:38:50:387 KP_VKO от SPRO_Omsk: Обнаружена цель id:8bd0abs координаты X:5480754 Y:2573289 тип:SAM скорость:105
06.04 16:39:08:587 KP_VKO SPRO_Omsk работоспособность восстановлена
06.04 16:39:12:100 KP_VKO от SPRO_Omsk: Цель id:81bd61b УНИЧТОЖЕНА (BB_BR)
06.04 16:39:39:590 KP_VKO от RLS1_Voronezh: Обнаружена цель id:b752c2b координаты X:3106648 Y:1115072 тип:BB_BR скорость:8967
06.04 16:39:39:988 KP_VKO от RLS1_Voronezh: цель движется в направлении СПРО id:b752c2b
06.04 16:39:43:447 KP_VKO от RLS2_Daryal: Обнаружена цель id:aeed99s координаты X:10855549 Y:7824365 тип:SAM скорость:235
06.04 16:39:43:873 KP_VKO от SPRO_Omsk: Обнаружена цель id:bb352ab координаты X:4250384 Y:4563864 тип:BB_BR скорость:8708
06.04 16:39:44:350 KP_VKO от SPRO_Omsk: Стрельба по цели id:bb352ab тип:BB_BR AMMO:3
06.04 16:40:25:591 KP_VKO от SPRO_Omsk: ПРОМАХ по цели id:bb352ab (BB_BR)
06.04 16:40:41:630 KP_VKO от SPRO_Omsk: Обнаружена цель id:b62967s координаты X:6195666 Y:3661592 тип:SAM скорость:97
06.04 16:40:56:494 KP_VKO от SPRO_Omsk: Обнаружена цель id:1897a6s координаты X:4893575 Y:3801600 тип:SAM скорость:65
06.04 16:41:13:792 KP_VKO от SPRO_Omsk: Обнаружена цель id:501d45r координаты X:6423142 Y:4769101 тип:KR скорость:491
06.04 16:41:14:169 KP_VKO от ZRDN1_Orenburg: Обнаружена цель id:06a04fb координаты X:4545700 Y:2863200 тип:BB_BR скорость:9447
06.04 16:41:39:708 KP_VKO от RLS3_Dnepr: Обнаружена цель id:556164s координаты X:7254224 Y:1322642 тип:SAM скорость:161
06.04 16:41:40:148 KP_VKO от SPRO_Omsk: Обнаружена цель id:8bd0abs координаты X:5481804 Y:2575714 тип:SAM скорость:105
06.04 16:41:46:692 KP_VKO от RLS2_Daryal: Обнаружена цель id:aeed99s координаты X:10855329 Y:7819665 тип:SAM скорость:235
06.04 16:41:47:121 KP_VKO от RLS3_Dnepr: Обнаружена цель id:9a317ds координаты X:7042746 Y:1200070 тип:SAM скорость:89
06.04 16:42:09:388 KP_VKO от RLS1_Voronezh: Обнаружена цель id:b752c2b координаты X:3205474 Y:1275386 тип:BB_BR скорость:8967
06.04 16:42:09:686 KP_VKO от RLS1_Voronezh: цель движется в направлении СПРО id:b752c2b
06.04 16:42:39:377 KP_VKO от SPRO_Omsk: Обнаружена цель id:06a04fb координаты X:4582228 Y:2970528 тип:BB_BR скорость:9447
06.04 16:42:39:764 KP_VKO от SPRO_Omsk: Стрельба по цели id:06a04fb тип:BB_BR AMMO:2
06.04 16:42:49:446 KP_VKO от SPRO_Omsk: Обнаружена цель id:421482b координаты X:4751491 Y:4989794 тип:BB_BR скорость:8096
06.04 16:42:49:716 KP_VKO от SPRO_Omsk: Стрельба по цели id:421482b тип:BB_BR AMMO:1
06.04 16:42:54:410 KP_VKO от ZRDN3_Mahachkala: Обнаружена цель id:6d05b4b координаты X:3482435 Y:2923121 тип:BB_BR скорость:8862
06.04 16:43:09:815 KP_VKO от RLS1_Voronezh: Обнаружена цель id:1bccaer координаты X:3963101 Y:1507005 тип:KR скорость:493
06.04 16:43:11:262 KP_VKO от SPRO_Omsk: Цель id:06a04fb УНИЧТОЖЕНА (BB_BR)
06.04 16:43:22:061 KP_VKO от RLS3_Dnepr: Обнаружена цель id:556164s координаты X:7256528 Y:1324424 тип:SAM скорость:161
06.04 16:43:23:514 KP_VKO от ZRDN1_Orenburg: Обнаружена цель id:06a04fb координаты X:4594404 Y:3006304 тип:BB_BR скорость:9447
06.04 16:43:39:320 KP_VKO от SPRO_Omsk: Цель id:421482b УНИЧТОЖЕНА (BB_BR)
06.04 16:43:48:045 KP_VKO от SPRO_Omsk: Обнаружена цель id:36c1e3r координаты X:5979992 Y:4539040 тип:KR скорость:924
06.04 16:44:09:524 KP_VKO от SPRO_Omsk: Обнаружена цель id:e10fd3r координаты X:4136650 Y:4407725 тип:KR скорость:566
06.04 16:44:22:311 KP_VKO от SPRO_Omsk: Обнаружена цель id:8bd0abs координаты X:5482980 Y:2578430 тип:SAM скорость:105
06.04 16:44:39:731 KP_VKO от ZRDN2_Volgograd: Обнаружена цель id:6d05b4b координаты X:3501710 Y:2791586 тип:BB_BR скорость:8862
06.04 16:44:45:263 KP_VKO от RLS3_Dnepr: Обнаружена цель id:9a317ds координаты X:7040687 Y:1201665 тип:SAM скорость:89
06.04 16:45:12:841 KP_VKO от SPRO_Omsk: Обнаружена цель id:b3b99ar координаты X:4854539 Y:3863358 тип:KR скорость:722
06.04 16:45:57:696 KP_VKO от RLS1_Voronezh: Обнаружена цель id:1bccaer координаты X:3968831 Y:1520655 тип:KR скорость:493
06.04 16:46:09:974 KP_VKO от SPRO_Omsk: Обнаружена цель id:341aacb координаты X:6673352 Y:4502968 тип:BB_BR скорость:9296
06.04 16:46:10:509 KP_VKO от SPRO_Omsk: Стрельба по цели id:341aacb тип:BB_BR AMMO:0
06.04 16:46:10:932 KP_VKO SPRO_Omsk: боекомплект исчерпан!
06.04 16:46:14:478 KP_VKO от RLS2_Daryal: Обнаружена цель id:ec57a8b координаты X:11329872 Y:7536496 тип:BB_BR скорость:9219
06.04 16:46:14:867 KP_VKO от RLS2_Daryal: цель движется в направлении СПРО id:ec57a8b
06.04 16:46:39:345 KP_VKO от SPRO_Omsk: Обнаружена цель id:7cc4d3s координаты X:6286478 Y:3615924 тип:SAM скорость:62
06.04 16:46:46:976 KP_VKO от SPRO_Omsk: Обнаружена цель id:800ea1b координаты X:5575365 Y:3580465 тип:BB_BR скорость:8920
06.04 16:46:48:321 KP_VKO от SPRO_Omsk: Цель id:341aacb УНИЧТОЖЕНА (BB_BR)
06.04 16:46:50:819 KP_VKO от RLS3_Dnepr: Обнаружена цель id:aceff3b координаты X:5702432 Y:1145218 тип:BB_BR скорость:9860
06.04 16:46:52:173 KP_VKO от RLS3_Dnepr: цель движется в направлении СПРО id:aceff3b
06.04 16:47:40:571 KP_VKO от SPRO_Omsk: Обнаружена цель id:e10fd3r координаты X:4154220 Y:4416930 тип:KR скорость:566
06.04 16:47:43:013 KP_VKO от RLS2_Daryal: Обнаружена цель id:ec57a8b координаты X:11329760 Y:7407430 тип:BB_BR скорость:9219
06.04 16:47:43:399 KP_VKO от RLS2_Daryal: цель движется в направлении СПРО id:ec57a8b
06.04 16:47:55:062 KP_VKO от SPRO_Omsk: Обнаружена цель id:b3b99ar координаты X:4856726 Y:3843972 тип:KR скорость:722
06.04 16:48:09:182 KP_VKO от RLS1_Voronezh: Обнаружена цель id:1bccaer координаты X:3972651 Y:1529755 тип:KR скорость:493
06.04 16:48:09:611 KP_VKO от RLS2_Daryal: Обнаружена цель id:b17f8bs координаты X:8244362 Y:7566020 тип:SAM скорость:94
06.04 16:48:15:191 KP_VKO от RLS3_Dnepr: Обнаружена цель id:98250er координаты X:6278396 Y:2244084 тип:KR скорость:336
06.04 16:48:17:670 KP_VKO от RLS2_Daryal: Обнаружена цель id:aeed99s координаты X:10854625 Y:7804625 тип:SAM скорость:235
06.04 16:48:39:866 KP_VKO SPRO_Omsk: боекомплект пополнен AMMO:10
06.04 16:49:40:766 KP_VKO от RLS1_Voronezh: Обнаружена цель id:1bccaer координаты X:3975516 Y:1536580 тип:KR скорость:493
06.04 16:49:41:219 KP_VKO от SPRO_Omsk: Обнаружена цель id:974fbdr координаты X:5579542 Y:3560852 тип:KR скорость:950
06.04 16:49:45:732 KP_VKO от SPRO_Omsk: Обнаружена цель id:36c1e3r координаты X:6006212 Y:4587940 тип:KR скорость:924
06.04 16:50:10:087 KP_VKO от SPRO_Omsk: Обнаружена цель id:501d45r координаты X:6432220 Y:4811910 тип:KR скорость:491
06.04 16:50:12:526 KP_VKO от ZRDN3_Mahachkala: Обнаружена цель id:d39e72b координаты X:4079094 Y:2353852 тип:BB_BR скорость:8792
06.04 16:50:23:294 KP_VKO от SPRO_Omsk: Обнаружена цель id:0c7e70b координаты X:4540449 Y:4499245 тип:BB_BR скорость:8416
06.04 16:50:23:688 KP_VKO от SPRO_Omsk: Стрельба по цели id:0c7e70b тип:BB_BR AMMO:9
06.04 16:50:39:600 KP_VKO SPRO_Omsk НЕ ОТВЕЧАЕТ! Связь потеряна
06.04 16:50:44:326 KP_VKO от SPRO_Omsk: Обнаружена цель id:23887fr координаты X:5078412 Y:2925820 тип:KR скорость:996
06.04 16:50:56:130 KP_VKO от RLS3_Dnepr: Обнаружена цель id:9ce7cbr координаты X:8224535 Y:2485709 тип:KR скорость:999
06.04 16:51:09:117 KP_VKO SPRO_Omsk работоспособность восстановлена
06.04 16:51:10:553 KP_VKO от RLS1_Voronezh: Обнаружена цель id:1bccaer координаты X:3978381 Y:1543405 тип:KR скорость:493
06.04 16:51:10:996 KP_VKO от SPRO_Omsk: ПРОМАХ по цели id:0c7e70b (BB_BR)
06.04 16:51:26:824 KP_VKO от RLS1_Voronezh: Обнаружена цель id:40d79fs координаты X:1441050 Y:2820775 тип:SAM скорость:71
06.04 16:51:40:651 KP_VKO от RLS2_Daryal: Обнаружена цель id:ec57a8b координаты X:11329448 Y:7047889 тип:BB_BR скорость:9219
06.04 16:51:41:039 KP_VKO от RLS2_Daryal: цель движется в направлении СПРО id:ec57a8b
06.04 16:51:42:521 KP_VKO от SPRO_Omsk: Обнаружена цель id:e10fd3r координаты X:4174300 Y:4427450 тип:KR скорость:566
06.04 16:51:45:053 KP_VKO от ZRDN3_Mahachkala: Обнаружена цель id:d39e72b координаты X:4144329 Y:2468482 тип:BB_BR скорость:8792
06.04 16:51:54:704 KP_VKO от RLS2_Daryal: Обнаружена цель id:b17f8bs координаты X:8243231 Y:7562510 тип:SAM скорость:94
06.04 16:51:57:195 KP_VKO от SPRO_Omsk: Обнаружена цель id:7cc4d3s координаты X:6289782 Y:3617156 тип:SAM скорость:62
06.04 16:52:14:483 KP_VKO от SPRO_Omsk: Обнаружена цель id:800ea1b координаты X:5288679 Y:3193339 тип:BB_BR скорость:8920
06.04 16:52:14:952 KP_VKO от SPRO_Omsk: Стрельба по цели id:800ea1b тип:BB_BR AMMO:8
06.04 16:52:28:837 KP_VKO от RLS3_Dnepr: Обнаружена цель id:98250er координаты X:6269282 Y:2254878 тип:KR скорость:336
06.04 16:52:40:817 KP_VKO от SPRO_Omsk: Обнаружена цель id:e6e22fb координаты X:5061230 Y:3769760 тип:BB_BR скорость:9448
06.04 16:52:41:299 KP_VKO от SPRO_Omsk: Стрельба по цели id:e6e22fb тип:BB_BR AMMO:7
06.04 16:53:09:978 KP_VKO от SPRO_Omsk: Цель id:800ea1b УНИЧТОЖЕНА (BB_BR)
06.04 16:53:15:683 KP_VKO от ZRDN3_Mahachkala: Обнаружена цель id:d39e72b координаты X:4205215 Y:2575470 тип:BB_BR скорость:8792
06.04 16:53:20:121 KP_VKO от SPRO_Omsk: ПРОМАХ по цели id:e6e22fb (BB_BR)
06.04 16:53:26:660 KP_VKO от RLS3_Dnepr: Обнаружена цель id:dcd287r координаты X:7437454 Y:2388822 тип:KR скорость:947
06.04 16:53:40:916 KP_VKO от SPRO_Omsk: Обнаружена цель id:09e2c8b координаты X:6212744 Y:4559935 тип:BB_BR скорость:8804
06.04 16:53:41:378 KP_VKO от SPRO_Omsk: Стрельба по цели id:09e2c8b тип:BB_BR AMMO:6
06.04 16:53:48:102 KP_VKO от RLS3_Dnepr: Обнаружена цель id:b58259s координаты X:7398572 Y:1247891 тип:SAM скорость:96
06.04 16:54:13:712 KP_VKO от SPRO_Omsk: Цель id:09e2c8b УНИЧТОЖЕНА (BB_BR)
06.04 16:54:27:466 KP_VKO от SPRO_Omsk: Обнаружена цель id:974fbdr координаты X:5567439 Y:3605834 тип:KR скорость:950
06.04 16:54:42:449 KP_VKO от RLS2_Daryal: Обнаружена цель id:b17f8bs координаты X:8242506 Y:7560260 тип:SAM скорость:94
06.04 16:54:45:005 KP_VKO от ZRDN3_Mahachkala: Обнаружена цель id:d39e72b координаты X:4266101 Y:2682458 тип:BB_BR скорость:8792
06.04 16:54:47:509 KP_VKO от SPRO_Omsk: Обнаружена цель id:36c1e3r координаты X:6025440 Y:4623800 тип:KR скорость:924
06.04 16:55:11:148 KP_VKO от SPRO_Omsk: Обнаружена цель id:0c7e70b координаты X:4660095 Y:4867475 тип:BB_BR скорость:8416
06.04 16:55:11:574 KP_VKO от SPRO_Omsk: Стрельба по цели id:0c7e70b тип:BB_BR AMMO:5
06.04 16:55:20:328 KP_VKO от SPRO_Omsk: Обнаружена цель id:23887fr координаты X:5096276 Y:2965860 тип:KR скорость:996
06.04 16:55:46:825 KP_VKO от SPRO_Omsk: Цель id:0c7e70b УНИЧТОЖЕНА (BB_BR)
06.04 16:56:10:290 KP_VKO от ZRDN1_Orenburg: Обнаружена цель id:d39e72b координаты X:4322638 Y:2781804 тип:BB_BR скорость:8792
06.04 16:56:11:757 KP_VKO от SPRO_Omsk: Обнаружена цель id:077805s координаты X:5776790 Y:4165330 тип:SAM скорость:192
06.04 16:57:10:617 KP_VKO от SPRO_Omsk: Обнаружена цель id:974fbdr координаты X:5561017 Y:3629702 тип:KR скорость:950
06.04 16:57:25:429 KP_VKO от SPRO_Omsk: Обнаружена цель id:501d45r координаты X:6439462 Y:4846061 тип:KR скорость:491
06.04 16:57:47:834 KP_VKO от SPRO_Omsk: Обнаружена цель id:212902b координаты X:6162710 Y:4592950 тип:BB_BR скорость:9303
06.04 16:57:48:354 KP_VKO от SPRO_Omsk: Стрельба по цели id:212902b тип:BB_BR AMMO:4
06.04 16:58:10:674 KP_VKO от RLS1_Voronezh: Обнаружена цель id:40d79fs координаты X:1441184 Y:2825532 тип:SAM скорость:71
06.04 16:58:11:188 KP_VKO от SPRO_Omsk: Обнаружена цель id:23887fr координаты X:5104802 Y:2984970 тип:KR скорость:996
06.04 16:58:27:089 KP_VKO от SPRO_Omsk: Цель id:212902b УНИЧТОЖЕНА (BB_BR)
06.04 16:58:49:448 KP_VKO от RLS3_Dnepr: Обнаружена цель id:b58259s координаты X:7401120 Y:1251860 тип:SAM скорость:96
06.04 16:59:10:739 KP_VKO от SPRO_Omsk: Обнаружена цель id:077805s координаты X:5775950 Y:4170650 тип:SAM скорость:192
06.04 16:59:12:136 KP_VKO от ZRDN1_Orenburg: Обнаружена цель id:d39e72b координаты X:4461806 Y:3026348 тип:BB_BR скорость:8792
06.04 16:59:16:626 KP_VKO от SPRO_Omsk: Обнаружена цель id:c70326s координаты X:5243784 Y:4323872 тип:SAM скорость:104
06.04 16:59:48:328 KP_VKO от RLS1_Voronezh: Обнаружена цель id:be9d4es координаты X:3758069 Y:1322806 тип:SAM скорость:122
06.04 17:00:10:534 KP_VKO от RLS3_Dnepr: Обнаружена цель id:b58259s координаты X:7401900 Y:1253075 тип:SAM скорость:96
06.04 17:00:10:977 KP_VKO от SPRO_Omsk: Обнаружена цель id:d39e72b координаты X:4505296 Y:3102768 тип:BB_BR скорость:8792
06.04 17:00:11:400 KP_VKO от SPRO_Omsk: Стрельба по цели id:d39e72b тип:BB_BR AMMO:3
06.04 17:00:55:508 KP_VKO от SPRO_Omsk: Цель id:d39e72b УНИЧТОЖЕНА (BB_BR)
06.04 17:01:10:783 KP_VKO от RLS3_Dnepr: Обнаружена цель id:a1e06fs координаты X:7063024 Y:1400926 тип:SAM скорость:161
06.04 17:01:13:236 KP_VKO от RLS1_Voronezh: Обнаружена цель id:be9d4es координаты X:3758114 Y:1324636 тип:SAM скорость:122
06.04 17:01:44:921 KP_VKO от SPRO_Omsk: Обнаружена цель id:aed3f1b координаты X:6058388 Y:4842844 тип:BB_BR скорость:9408
06.04 17:01:46:395 KP_VKO от SPRO_Omsk: Стрельба по цели id:aed3f1b тип:BB_BR AMMO:2
06.04 17:02:11:056 KP_VKO от SPRO_Omsk: Обнаружена цель id:4b27d7b координаты X:6583676 Y:4215760 тип:BB_BR скорость:9768
06.04 17:02:11:535 KP_VKO от SPRO_Omsk: Стрельба по цели id:4b27d7b тип:BB_BR AMMO:1
06.04 17:02:24:493 KP_VKO от SPRO_Omsk: Обнаружена цель id:8f507bb координаты X:5737308 Y:2804199 тип:BB_BR скорость:8925
06.04 17:02:24:945 KP_VKO от SPRO_Omsk: Стрельба по цели id:8f507bb тип:BB_BR AMMO:0
06.04 17:02:25:350 KP_VKO SPRO_Omsk: боекомплект исчерпан!
06.04 17:02:26:901 KP_VKO от SPRO_Omsk: Цель id:aed3f1b УНИЧТОЖЕНА (BB_BR)
06.04 17:02:46:273 KP_VKO от RLS3_Dnepr: Обнаружена цель id:d84d52r координаты X:7849522 Y:2464264 тип:KR скорость:415
06.04 17:02:52:932 KP_VKO от SPRO_Omsk: Цель id:4b27d7b УНИЧТОЖЕНА (BB_BR)
06.04 17:03:10:202 KP_VKO от RLS1_Voronezh: Обнаружена цель id:be9d4es координаты X:3758159 Y:1326466 тип:SAM скорость:122
06.04 17:03:10:686 KP_VKO от SPRO_Omsk: ПРОМАХ по цели id:8f507bb (BB_BR)
06.04 17:03:24:536 KP_VKO от RLS2_Daryal: Обнаружена цель id:a9c2d1s координаты X:11140592 Y:7071925 тип:SAM скорость:231
06.04 17:03:53:895 KP_VKO от SPRO_Omsk: Обнаружена цель id:d2703eb координаты X:5983131 Y:4193667 тип:BB_BR скорость:8028
06.04 17:04:09:992 KP_VKO от RLS3_Dnepr: Обнаружена цель id:8d7276r координаты X:7144697 Y:2709723 тип:KR скорость:970
06.04 17:04:10:439 KP_VKO от SPRO_Omsk: Обнаружена цель id:c70326s координаты X:5243220 Y:4328760 тип:SAM скорость:104
06.04 17:04:19:110 KP_VKO от RLS1_Voronezh: Обнаружена цель id:be9d4es координаты X:3758204 Y:1328296 тип:SAM скорость:122
06.04 17:04:23:696 KP_VKO от RLS3_Dnepr: Обнаружена цель id:a1e06fs координаты X:7065876 Y:1405049 тип:SAM скорость:161
06.04 17:04:48:092 KP_VKO SPRO_Omsk: боекомплект пополнен AMMO:10
06.04 17:04:54:671 KP_VKO от RLS2_Daryal: Обнаружена цель id:a9c2d1s координаты X:11138464 Y:7069475 тип:SAM скорость:231
06.04 17:05:15:923 KP_VKO от RLS3_Dnepr: Обнаружена цель id:d84d52r координаты X:7844920 Y:2474040 тип:KR скорость:415
06.04 17:05:40:461 KP_VKO от SPRO_Omsk: Обнаружена цель id:d51d9fb координаты X:6362623 Y:2711108 тип:BB_BR скорость:8599
06.04 17:05:40:924 KP_VKO от SPRO_Omsk: Стрельба по цели id:d51d9fb тип:BB_BR AMMO:9
06.04 17:06:10:608 KP_VKO от SPRO_Omsk: Обнаружена цель id:53ad06r координаты X:5190212 Y:2347732 тип:KR скорость:693
06.04 17:06:19:213 KP_VKO от SPRO_Omsk: Цель id:d51d9fb УНИЧТОЖЕНА (BB_BR)
06.04 17:06:21:643 KP_VKO от RLS2_Daryal: Обнаружена цель id:36f8e4b координаты X:9257920 Y:7427840 тип:BB_BR скорость:9304
06.04 17:06:21:941 KP_VKO от RLS2_Daryal: цель движется в направлении СПРО id:36f8e4b
06.04 17:06:48:276 KP_VKO от RLS3_Dnepr: Обнаружена цель id:a1e06fs координаты X:7068084 Y:1408241 тип:SAM скорость:161
06.04 17:06:58:020 KP_VKO от SPRO_Omsk: Обнаружена цель id:d2703eb координаты X:5745741 Y:4234437 тип:BB_BR скорость:8028
06.04 17:06:58:458 KP_VKO от SPRO_Omsk: Стрельба по цели id:d2703eb тип:BB_BR AMMO:8
06.04 17:07:11:754 KP_VKO от RLS1_Voronezh: Обнаружена цель id:be9d4es координаты X:3758285 Y:1331590 тип:SAM скорость:122
06.04 17:07:14:273 KP_VKO от SPRO_Omsk: Обнаружена цель id:c70326s координаты X:5242848 Y:4331984 тип:SAM скорость:104
06.04 17:07:41:845 KP_VKO от SPRO_Omsk: Обнаружена цель id:8f507bb координаты X:5314824 Y:2973672 тип:BB_BR скорость:8925
06.04 17:07:42:309 KP_VKO от SPRO_Omsk: Стрельба по цели id:8f507bb тип:BB_BR AMMO:7
06.04 17:07:42:812 KP_VKO от SPRO_Omsk: ПРОМАХ по цели id:d2703eb (BB_BR)
06.04 17:07:59:726 KP_VKO от RLS2_Daryal: Обнаружена цель id:17ac51r координаты X:8408154 Y:7973919 тип:KR скорость:276
06.04 17:08:11:604 KP_VKO от RLS1_Voronezh: Обнаружена цель id:0f16fes координаты X:1447816 Y:4059395 тип:SAM скорость:226
06.04 17:08:14:115 KP_VKO от SPRO_Omsk: ПРОМАХ по цели id:8f507bb (BB_BR)
06.04 17:08:17:744 KP_VKO от RLS3_Dnepr: Обнаружена цель id:8d7276r координаты X:7129535 Y:2747565 тип:KR скорость:970
06.04 17:08:41:119 KP_VKO от RLS3_Dnepr: Обнаружена цель id:a1e06fs координаты X:7069740 Y:1410635 тип:SAM скорость:161
06.04 17:09:11:825 KP_VKO от SPRO_Omsk: Обнаружена цель id:d2703eb координаты X:5579568 Y:4262976 тип:BB_BR скорость:8028
06.04 17:09:12:262 KP_VKO от SPRO_Omsk: Стрельба по цели id:d2703eb тип:BB_BR AMMO:6
06.04 17:09:43:628 KP_VKO от SPRO_Omsk: Цель id:d2703eb УНИЧТОЖЕНА (BB_BR)
06.04 17:10:41:439 KP_VKO от RLS1_Voronezh: Обнаружена цель id:0f16fes координаты X:1449688 Y:4064985 тип:SAM скорость:226
06.04 17:10:41:859 KP_VKO от RLS2_Daryal: Обнаружена цель id:36f8e4b координаты X:9039513 Y:7115051 тип:BB_BR скорость:9304
06.04 17:10:42:234 KP_VKO от RLS2_Daryal: цель движется в направлении СПРО id:36f8e4b
06.04 17:10:42:670 KP_VKO от RLS3_Dnepr: Обнаружена цель id:8d7276r координаты X:7121232 Y:2768288 тип:KR скорость:970
06.04 17:10:51:255 KP_VKO от RLS2_Daryal: Обнаружена цель id:17ac51r координаты X:8404036 Y:7967046 тип:KR скорость:276
06.04 17:11:11:454 KP_VKO от SPRO_Omsk: Обнаружена цель id:4d8f61r координаты X:4148135 Y:3627902 тип:KR скорость:394
06.04 17:11:21:982 KP_VKO от RLS3_Dnepr: Обнаружена цель id:d84d52r координаты X:7834123 Y:2496976 тип:KR скорость:415
06.04 17:11:23:392 KP_VKO от SPRO_Omsk: Обнаружена цель id:8f507bb координаты X:4991748 Y:3103269 тип:BB_BR скорость:8925
06.04 17:11:23:755 KP_VKO от SPRO_Omsk: Стрельба по цели id:8f507bb тип:BB_BR AMMO:5
06.04 17:12:10:993 KP_VKO от SPRO_Omsk: Цель id:8f507bb УНИЧТОЖЕНА (BB_BR)
06.04 17:12:16:556 KP_VKO от RLS3_Dnepr: Обнаружена цель id:1bf57bs координаты X:6497650 Y:2263600 тип:SAM скорость:213
06.04 17:12:26:108 KP_VKO от ZRDN1_Orenburg: Обнаружена цель id:4d8f61r координаты X:4152230 Y:3630996 тип:KR скорость:394
06.04 17:12:26:338 KP_VKO от ZRDN1_Orenburg: Стрельба по цели id:4d8f61r тип:KR AMMO:11
06.04 17:12:27:781 KP_VKO от RLS1_Voronezh: Обнаружена цель id:d107e6s координаты X:2285783 Y:1035207 тип:SAM скорость:89
06.04 17:12:41:903 KP_VKO от RLS3_Dnepr: Обнаружена цель id:42d282b координаты X:6368650 Y:1603225 тип:BB_BR скорость:9586
06.04 17:12:42:285 KP_VKO от RLS3_Dnepr: цель движется в направлении СПРО id:42d282b
06.04 17:12:56:045 KP_VKO от RLS3_Dnepr: Обнаружена цель id:09337cb координаты X:5709705 Y:1548420 тип:BB_BR скорость:9967
06.04 17:12:56:437 KP_VKO от RLS3_Dnepr: цель движется в направлении СПРО id:09337cb
06.04 17:12:58:009 KP_VKO от SPRO_Omsk: Обнаружена цель id:bec8b6b координаты X:6628698 Y:4540440 тип:BB_BR скорость:8084
06.04 17:12:59:504 KP_VKO от SPRO_Omsk: Стрельба по цели id:bec8b6b тип:BB_BR AMMO:4
06.04 17:13:11:653 KP_VKO от ZRDN1_Orenburg: Цель id:4d8f61r УНИЧТОЖЕНА (KR)
06.04 17:13:40:864 KP_VKO от SPRO_Omsk: Цель id:bec8b6b УНИЧТОЖЕНА (BB_BR)
06.04 17:13:48:529 KP_VKO от RLS3_Dnepr: Обнаружена цель id:8d7276r координаты X:7109680 Y:2797120 тип:KR скорость:970
06.04 17:13:50:966 KP_VKO от SPRO_Omsk: Обнаружена цель id:53ad06r координаты X:5205064 Y:2400504 тип:KR скорость:693
06.04 17:14:11:206 KP_VKO от RLS3_Dnepr: Обнаружена цель id:bb42a7r координаты X:6902660 Y:2319140 тип:KR скорость:563
06.04 17:14:24:958 KP_VKO от RLS1_Voronezh: Обнаружена цель id:0f16fes координаты X:1452568 Y:4073585 тип:SAM скорость:226
06.04 17:14:42:964 KP_VKO от RLS1_Voronezh: Обнаружена цель id:d107e6s координаты X:2287784 Y:1035736 тип:SAM скорость:89
06.04 17:14:55:689 KP_VKO от RLS3_Dnepr: Обнаружена цель id:1bf57bs координаты X:6500068 Y:2268592 тип:SAM скорость:213
06.04 17:15:11:802 KP_VKO от RLS3_Dnepr: Обнаружена цель id:176465b координаты X:6549047 Y:2441719 тип:BB_BR скорость:9742
06.04 17:15:12:259 KP_VKO от RLS3_Dnepr: цель движется в направлении СПРО id:176465b
06.04 17:15:12:711 KP_VKO от SPRO_Omsk: Обнаружена цель id:857825b координаты X:5225464 Y:5157120 тип:BB_BR скорость:8660
06.04 17:15:13:097 KP_VKO от SPRO_Omsk: Стрельба по цели id:857825b тип:BB_BR AMMO:3
06.04 17:15:27:889 KP_VKO от RLS3_Dnepr: Обнаружена цель id:42d282b координаты X:6470230 Y:1872295 тип:BB_BR скорость:9586
06.04 17:15:28:263 KP_VKO от RLS3_Dnepr: цель движется в направлении СПРО id:42d282b
06.04 17:15:41:221 KP_VKO от RLS1_Voronezh: Обнаружена цель id:425357r координаты X:4455583 Y:1273958 тип:KR скорость:700
06.04 17:15:41:677 KP_VKO от SPRO_Omsk: Обнаружена цель id:53ad06r координаты X:5208448 Y:2412528 тип:KR скорость:693
06.04 17:15:51:343 KP_VKO от RLS3_Dnepr: Обнаружена цель id:d84d52r координаты X:7826158 Y:2513896 тип:KR скорость:415
06.04 17:15:54:817 KP_VKO от SPRO_Omsk: Цель id:857825b УНИЧТОЖЕНА (BB_BR)
06.04 17:16:10:923 KP_VKO от RLS3_Dnepr: Обнаружена цель id:09337cb координаты X:5755571 Y:1884204 тип:BB_BR скорость:9967
06.04 17:16:11:260 KP_VKO от RLS3_Dnepr: цель движется в направлении СПРО id:09337cb
06.04 17:16:21:847 KP_VKO от SPRO_Omsk: Обнаружена цель id:c70326s координаты X:5241744 Y:4341552 тип:SAM скорость:104
06.04 17:16:40:942 KP_VKO от SPRO_Omsk: Обнаружена цель id:aaf3ebs координаты X:5277780 Y:5279807 тип:SAM скорость:219
06.04 17:16:47:485 KP_VKO от RLS1_Voronezh: Обнаружена цель id:0f16fes координаты X:1454296 Y:4078745 тип:SAM скорость:226
06.04 17:16:58:125 KP_VKO от RLS3_Dnepr: Обнаружена цель id:74eb9er координаты X:4877720 Y:1638940 тип:KR скорость:321
06.04 17:17:11:166 KP_VKO от RLS1_Voronezh: Обнаружена цель id:d107e6s координаты X:2289959 Y:1036311 тип:SAM скорость:89
06.04 17:17:13:652 KP_VKO от RLS3_Dnepr: Обнаружена цель id:9ea14cb координаты X:7231452 Y:3095786 тип:BB_BR скорость:8489
06.04 17:17:40:898 KP_VKO от RLS3_Dnepr: Обнаружена цель id:d597c8r координаты X:6772110 Y:1708414 тип:KR скорость:512
06.04 17:17:41:419 KP_VKO от SPRO_Omsk: Обнаружена цель id:4be772b координаты X:6757738 Y:4287940 тип:BB_BR скорость:9397
06.04 17:17:41:971 KP_VKO от SPRO_Omsk: Стрельба по цели id:4be772b тип:BB_BR AMMO:2
06.04 17:17:51:836 KP_VKO от SPRO_Omsk: Обнаружена цель id:2bc41cb координаты X:4434296 Y:4642700 тип:BB_BR скорость:9588
06.04 17:17:53:264 KP_VKO от SPRO_Omsk: Стрельба по цели id:2bc41cb тип:BB_BR AMMO:1
06.04 17:17:54:693 KP_VKO от RLS3_Dnepr: Обнаружена цель id:bb42a7r координаты X:6905980 Y:2341420 тип:KR скорость:563
06.04 17:17:59:346 KP_VKO от RLS1_Voronezh: Обнаружена цель id:425357r координаты X:4466308 Y:1287808 тип:KR скорость:700
06.04 17:18:00:886 KP_VKO от RLS2_Daryal: Обнаружена цель id:cf8daes координаты X:9348236 Y:7636236 тип:SAM скорость:118
06.04 17:18:14:367 KP_VKO от SPRO_Omsk: Цель id:4be772b УНИЧТОЖЕНА (BB_BR)
06.04 17:18:42:491 KP_VKO от SPRO_Omsk: Цель id:2bc41cb УНИЧТОЖЕНА (BB_BR)
06.04 17:18:55:313 KP_VKO от SPRO_Omsk: Обнаружена цель id:a23b0cs координаты X:6616920 Y:3533565 тип:SAM скорость:181
06.04 17:18:56:732 KP_VKO от RLS3_Dnepr: Обнаружена цель id:d84d52r координаты X:7820848 Y:2525176 тип:KR скорость:415
06.04 17:18:59:181 KP_VKO от RLS1_Voronezh: Обнаружена цель id:0f16fes координаты X:1455880 Y:4083475 тип:SAM скорость:226
06.04 17:19:30:991 KP_VKO от RLS2_Daryal: Обнаружена цель id:8b15f4s координаты X:9734536 Y:7693760 тип:SAM скорость:239
06.04 17:19:47:189 KP_VKO от SPRO_Omsk: Обнаружена цель id:fb29a6s координаты X:6449620 Y:4927210 тип:SAM скорость:213
06.04 17:19:48:690 KP_VKO от RLS3_Dnepr: Обнаружена цель id:447564b координаты X:8948046 Y:1819248 тип:BB_BR скорость:8892
06.04 17:19:49:111 KP_VKO от RLS3_Dnepr: цель движется в направлении СПРО id:447564b
06.04 17:20:12:425 KP_VKO от RLS3_Dnepr: Обнаружена цель id:d597c8r координаты X:6765485 Y:1719389 тип:KR скорость:512
06.04 17:20:12:888 KP_VKO от SPRO_Omsk: Обнаружена цель id:9a7c29r координаты X:6011173 Y:3635101 тип:KR скорость:547
06.04 17:20:21:524 KP_VKO от SPRO_Omsk: Обнаружена цель id:176465b координаты X:6451586 Y:2928922 тип:BB_BR скорость:9742
06.04 17:20:21:888 KP_VKO от SPRO_Omsk: Стрельба по цели id:176465b тип:BB_BR AMMO:0
06.04 17:20:23:384 KP_VKO от RLS3_Dnepr: Обнаружена цель id:42d282b координаты X:6636144 Y:2311776 тип:BB_BR скорость:9586
06.04 17:20:23:789 KP_VKO от RLS3_Dnepr: цель движется в направлении СПРО id:42d282b
06.04 17:20:24:141 KP_VKO SPRO_Omsk: боекомплект исчерпан!
06.04 17:20:25:715 KP_VKO от RLS1_Voronezh: Обнаружена цель id:425357r координаты X:4476175 Y:1300550 тип:KR скорость:700
06.04 17:20:47:012 KP_VKO от RLS3_Dnepr: Обнаружена цель id:bb42a7r координаты X:6908221 Y:2356459 тип:KR скорость:563
06.04 17:21:13:545 KP_VKO от SPRO_Omsk: Цель id:176465b УНИЧТОЖЕНА (BB_BR)
06.04 17:21:19:321 KP_VKO от SPRO_Omsk: Обнаружена цель id:a23b0cs координаты X:6614720 Y:3537540 тип:SAM скорость:181
06.04 17:21:43:884 KP_VKO от RLS2_Daryal: Обнаружена цель id:cf8daes координаты X:9345380 Y:7633380 тип:SAM скорость:118
06.04 17:21:44:371 KP_VKO от SPRO_Omsk: Обнаружена цель id:dad54bs координаты X:5548150 Y:4985180 тип:SAM скорость:140
06.04 17:22:01:392 KP_VKO от RLS2_Daryal: Обнаружена цель id:6e00e7r координаты X:10173306 Y:7155016 тип:KR скорость:282
06.04 17:22:13:332 KP_VKO от ZRDN1_Orenburg: Обнаружена цель id:0a7a4bb координаты X:4026800 Y:3460596 тип:BB_BR скорость:9013
06.04 17:22:15:718 KP_VKO от RLS2_Daryal: Обнаружена цель id:8b15f4s координаты X:9729595 Y:7689575 тип:SAM скорость:239
06.04 17:22:28:451 KP_VKO от SPRO_Omsk: Обнаружена цель id:9a7c29r координаты X:6015014 Y:3623118 тип:KR скорость:547
06.04 17:22:29:788 KP_VKO SPRO_Omsk: боекомплект пополнен AMMO:10
06.04 17:22:55:308 KP_VKO от RLS3_Dnepr: Обнаружена цель id:72e938s координаты X:6494061 Y:1415712 тип:SAM скорость:192
06.04 17:23:13:662 KP_VKO от RLS3_Dnepr: Обнаружена цель id:d597c8r координаты X:6757535 Y:1732559 тип:KR скорость:512
06.04 17:23:21:313 KP_VKO от SPRO_Omsk: Обнаружена цель id:58ddc1b координаты X:5800385 Y:4286855 тип:BB_BR скорость:9416
06.04 17:23:21:745 KP_VKO от SPRO_Omsk: Стрельба по цели id:58ddc1b тип:BB_BR AMMO:9
06.04 17:23:28:370 KP_VKO от RLS3_Dnepr: Обнаружена цель id:42d282b координаты X:6737724 Y:2580846 тип:BB_BR скорость:9586
06.04 17:23:28:819 KP_VKO от RLS3_Dnepr: цель движется в направлении СПРО id:42d282b
06.04 17:23:51:434 KP_VKO от RLS2_Daryal: Обнаружена цель id:8b15f4s координаты X:9726850 Y:7687250 тип:SAM скорость:239
06.04 17:24:14:624 KP_VKO от SPRO_Omsk: Цель id:58ddc1b УНИЧТОЖЕНА (BB_BR)
06.04 17:24:20:331 KP_VKO от SPRO_Omsk: Обнаружена цель id:a23b0cs координаты X:6612168 Y:3542151 тип:SAM скорость:181
06.04 17:24:22:792 KP_VKO от RLS3_Dnepr: Обнаружена цель id:479352s координаты X:6404208 Y:1980624 тип:SAM скорость:194
06.04 17:24:44:182 KP_VKO от SPRO_Omsk: Обнаружена цель id:dad54bs координаты X:5551300 Y:4982360 тип:SAM скорость:140
06.04 17:24:48:632 KP_VKO от ZRDN1_Orenburg: Обнаружена цель id:0a7a4bb координаты X:4190600 Y:3628192 тип:BB_BR скорость:9013
