06.04 13:48:42:379 KP_VKO === Система ВКО запущена ===
06.04 13:48:54:680 RLS1_Voronezh Обнаружена цель id:7a05b1s координаты X:1680060 Y:917128 тип:SAM скорость:70
06.04 13:48:55:554 RLS3_Dnepr Обнаружена цель id:b6ae61b координаты X:6114190 Y:913708 тип:BB_BR скорость:9439
06.04 13:48:55:962 RLS3_Dnepr цель движется в направлении СПРО id:b6ae61b
06.04 13:48:56:705 SPRO_Omsk Обнаружена цель id:3791a1s координаты X:5252876 Y:3784190 тип:SAM скорость:113
06.04 13:48:58:687 RLS1_Voronezh Обнаружена цель id:c30310r координаты X:1878579 Y:2849149 тип:KR скорость:428
06.04 13:48:59:111 RLS3_Dnepr Обнаружена цель id:e96b4bs координаты X:7526555 Y:1111462 тип:SAM скорость:240
06.04 13:48:59:553 SPRO_Omsk Обнаружена цель id:dfa761s координаты X:6697276 Y:4003490 тип:SAM скорость:193
06.04 13:49:00:910 RLS1_Voronezh Обнаружена цель id:7db36fr координаты X:1867768 Y:2484648 тип:KR скорость:334
06.04 13:49:02:359 RLS3_Dnepr Обнаружена цель id:4857afs координаты X:8908564 Y:1018168 тип:SAM скорость:116
06.04 13:49:03:895 SPRO_Omsk Обнаружена цель id:c94c64r координаты X:5034318 Y:4088929 тип:KR скорость:372
06.04 13:49:06:372 RLS3_Dnepr Обнаружена цель id:cdab0er координаты X:7028792 Y:2378040 тип:KR скорость:547
06.04 13:49:08:858 SPRO_Omsk Обнаружена цель id:c61190r координаты X:6230412 Y:2752260 тип:KR скорость:690
06.04 13:49:13:404 RLS3_Dnepr Обнаружена цель id:1d4472s координаты X:6236420 Y:2332280 тип:SAM скорость:100
06.04 13:49:25:643 RLS3_Dnepr Обнаружена цель id:eb3247s координаты X:6957622 Y:1444588 тип:SAM скорость:116
06.04 13:49:26:128 SPRO_Omsk Обнаружена цель id:421f29b координаты X:6556685 Y:4830970 тип:BB_BR скорость:9742
06.04 13:49:26:574 SPRO_Omsk Стрельба по цели id:421f29b тип:BB_BR AMMO:9
06.04 13:49:34:262 RLS3_Dnepr Обнаружена цель id:c3a711s координаты X:8011816 Y:1967368 тип:SAM скорость:154
06.04 13:49:55:654 RLS1_Voronezh Обнаружена цель id:c30310r координаты X:1879930 Y:2851830 тип:KR скорость:428
06.04 13:49:56:091 RLS3_Dnepr Обнаружена цель id:7ebe74r координаты X:8063553 Y:2131792 тип:KR скорость:392
06.04 13:49:56:471 SPRO_Omsk ПРОМАХ по цели id:421f29b (BB_BR)
06.04 13:49:56:988 SPRO_Omsk Обнаружена цель id:92738fr координаты X:5933602 Y:2898105 тип:KR скорость:958
06.04 13:50:55:405 SPRO_Omsk Обнаружена цель id:421f29b координаты X:6592203 Y:4699286 тип:BB_BR скорость:9742
06.04 13:50:55:663 SPRO_Omsk Стрельба по цели id:421f29b тип:BB_BR AMMO:8
06.04 13:51:25:469 RLS3_Dnepr Обнаружена цель id:e96b4bs координаты X:7530440 Y:1114696 тип:SAM скорость:240
06.04 13:51:33:059 SPRO_Omsk Цель id:421f29b УНИЧТОЖЕНА (BB_BR)
06.04 13:52:07:845 RLS3_Dnepr Обнаружена цель id:4857afs координаты X:8905512 Y:1019344 тип:SAM скорость:116
06.04 13:52:24:920 SPRO_Omsk Обнаружена цель id:29ce28s координаты X:5205470 Y:4739458 тип:SAM скорость:169
06.04 13:52:27:435 RLS3_Dnepr Обнаружена цель id:c3a711s координаты X:8007820 Y:1968610 тип:SAM скорость:154
06.04 13:52:40:169 SPRO_Omsk Обнаружена цель id:b19de1r координаты X:5230859 Y:3014466 тип:KR скорость:908
06.04 13:52:55:267 SPRO_Omsk Обнаружена цель id:1131bcb координаты X:4361904 Y:4709231 тип:BB_BR скорость:9592
06.04 13:52:55:692 SPRO_Omsk Стрельба по цели id:1131bcb тип:BB_BR AMMO:7
06.04 13:53:05:466 RLS1_Voronezh Обнаружена цель id:7a05b1s координаты X:1681230 Y:919624 тип:SAM скорость:70
06.04 13:53:25:600 RLS3_Dnepr Обнаружена цель id:b6ae61b координаты X:5803180 Y:1159576 тип:BB_BR скорость:9439
06.04 13:53:26:012 RLS3_Dnepr цель движется в направлении СПРО id:b6ae61b
06.04 13:53:26:463 SPRO_Omsk Обнаружена цель id:3791a1s координаты X:5250334 Y:3788085 тип:SAM скорость:113
06.04 13:53:27:925 RLS1_Voronezh Обнаружена цель id:7db36fr координаты X:1878264 Y:2493504 тип:KR скорость:334
06.04 13:53:40:605 SPRO_Omsk ПРОМАХ по цели id:1131bcb (BB_BR)
06.04 13:53:42:107 RLS3_Dnepr Обнаружена цель id:e96b4bs координаты X:7534695 Y:1118238 тип:SAM скорость:240
06.04 13:53:55:198 RLS3_Dnepr Обнаружена цель id:cdab0er координаты X:7036514 Y:2397930 тип:KR скорость:547
06.04 13:54:03:912 SPRO_Omsk Обнаружена цель id:f60f89b координаты X:5242400 Y:3077060 тип:BB_BR скорость:9216
06.04 13:54:05:398 SPRO_Omsk Стрельба по цели id:f60f89b тип:BB_BR AMMO:6
06.04 13:54:12:046 RLS3_Dnepr Обнаружена цель id:1d4472s координаты X:6240452 Y:2334968 тип:SAM скорость:100
06.04 13:54:55:480 SPRO_Omsk ПРОМАХ по цели id:f60f89b (BB_BR)
06.04 13:55:00:117 SPRO_Omsk Обнаружена цель id:b65d21s координаты X:4728329 Y:2536000 тип:SAM скорость:137
06.04 13:55:06:718 RLS3_Dnepr Обнаружена цель id:c9004ab координаты X:6136743 Y:1419054 тип:BB_BR скорость:9735
06.04 13:55:25:986 SPRO_Omsk Обнаружена цель id:3791a1s координаты X:5249094 Y:3789985 тип:SAM скорость:113
06.04 13:55:31:539 RLS1_Voronezh Обнаружена цель id:7a05b1s координаты X:1681920 Y:921096 тип:SAM скорость:70
06.04 13:55:39:198 SPRO_Omsk Обнаружена цель id:1488fas координаты X:5425016 Y:3582944 тип:SAM скорость:59
06.04 13:55:55:027 RLS1_Voronezh Обнаружена цель id:7db36fr координаты X:1884408 Y:2498688 тип:KR скорость:334
06.04 13:55:55:605 SPRO_Omsk Обнаружена цель id:4f9c7ab координаты X:6249616 Y:4376768 тип:BB_BR скорость:8147
06.04 13:55:56:090 SPRO_Omsk Стрельба по цели id:4f9c7ab тип:BB_BR AMMO:5
06.04 13:55:58:619 RLS3_Dnepr Обнаружена цель id:e96b4bs координаты X:7539135 Y:1121934 тип:SAM скорость:240
06.04 13:56:02:149 ZRDN3_Mahachkala Обнаружена цель id:0f6f14b координаты X:4074156 Y:2171952 тип:BB_BR скорость:9083
06.04 13:56:25:712 RLS3_Dnepr Обнаружена цель id:d6bb36b координаты X:5163535 Y:1291930 тип:BB_BR скорость:9035
06.04 13:56:26:172 RLS3_Dnepr цель движется в направлении СПРО id:d6bb36b
06.04 13:56:40:040 SPRO_Omsk Цель id:4f9c7ab УНИЧТОЖЕНА (BB_BR)
06.04 13:56:55:335 SPRO_Omsk Обнаружена цель id:f60f89b координаты X:5459480 Y:3198722 тип:BB_BR скорость:9216
06.04 13:56:55:756 SPRO_Omsk Стрельба по цели id:f60f89b тип:BB_BR AMMO:4
06.04 13:57:10:576 RLS3_Dnepr Обнаружена цель id:b6ae61b координаты X:5521790 Y:1382028 тип:BB_BR скорость:9439
06.04 13:57:10:957 RLS3_Dnepr цель движется в направлении СПРО id:b6ae61b
06.04 13:57:31:214 RLS3_Dnepr Обнаружена цель id:4857afs координаты X:8899735 Y:1021570 тип:SAM скорость:116
06.04 13:57:31:499 SPRO_Omsk ПРОМАХ по цели id:f60f89b (BB_BR)
06.04 13:57:55:778 RLS3_Dnepr Обнаружена цель id:1d4472s координаты X:6243140 Y:2336760 тип:SAM скорость:100
06.04 13:57:56:317 SPRO_Omsk Обнаружена цель id:b19de1r координаты X:5271209 Y:3035366 тип:KR скорость:908
06.04 13:58:01:871 SPRO_Omsk Обнаружена цель id:3791a1s координаты X:5247358 Y:3792645 тип:SAM скорость:113
06.04 13:58:08:560 ZRDN3_Mahachkala Обнаружена цель id:0f6f14b координаты X:4154276 Y:2334992 тип:BB_BR скорость:9083
06.04 13:58:27:866 RLS1_Voronezh Обнаружена цель id:7a05b1s координаты X:1682790 Y:922952 тип:SAM скорость:70
06.04 13:58:42:766 RLS3_Dnepr Обнаружена цель id:c9004ab координаты X:6470188 Y:1489264 тип:BB_BR скорость:9735
06.04 13:58:55:638 RLS1_Voronezh Обнаружена цель id:7db36fr координаты X:1891832 Y:2504952 тип:KR скорость:334
06.04 13:58:56:102 SPRO_Omsk Обнаружена цель id:232387s координаты X:4779528 Y:2797160 тип:SAM скорость:68
06.04 13:58:57:464 RLS3_Dnepr Обнаружена цель id:c3a711s координаты X:7998200 Y:1971600 тип:SAM скорость:154
06.04 13:59:10:288 SPRO_Omsk Обнаружена цель id:dfa761s координаты X:6706292 Y:3986830 тип:SAM скорость:193
06.04 13:59:55:493 RLS3_Dnepr Обнаружена цель id:b6ae61b координаты X:5321855 Y:1540086 тип:BB_BR скорость:9439
06.04 13:59:55:867 RLS3_Dnepr цель движется в направлении СПРО id:b6ae61b
06.04 14:00:04:625 SPRO_Omsk Обнаружена цель id:b19de1r координаты X:5290577 Y:3045398 тип:KR скорость:908
06.04 14:00:10:279 RLS3_Dnepr Обнаружена цель id:e96b4bs координаты X:7546720 Y:1128248 тип:SAM скорость:240
06.04 14:00:25:266 SPRO_Omsk Обнаружена цель id:3791a1s координаты X:5245932 Y:3794830 тип:SAM скорость:113
06.04 14:00:30:788 RLS3_Dnepr Обнаружена цель id:4857afs координаты X:8896465 Y:1022830 тип:SAM скорость:116
06.04 14:00:55:447 RLS1_Voronezh Обнаружена цель id:7a05b1s координаты X:1683540 Y:924552 тип:SAM скорость:70
06.04 14:00:55:940 RLS3_Dnepr Обнаружена цель id:ca6d6cr координаты X:7302080 Y:2146920 тип:KR скорость:313
06.04 14:00:56:433 SPRO_Omsk Обнаружена цель id:131baab координаты X:5384032 Y:4971208 тип:BB_BR скорость:8383
06.04 14:00:56:893 SPRO_Omsk Стрельба по цели id:131baab тип:BB_BR AMMO:3
06.04 14:01:07:552 RLS1_Voronezh Обнаружена цель id:7db36fr координаты X:1897976 Y:2510136 тип:KR скорость:334
06.04 14:01:26:646 SPRO_Omsk Цель id:131baab УНИЧТОЖЕНА (BB_BR)
06.04 14:01:54:992 RLS3_Dnepr Обнаружена цель id:d6bb36b координаты X:5334661 Y:1748878 тип:BB_BR скорость:9035
06.04 14:01:55:413 RLS3_Dnepr цель движется в направлении СПРО id:d6bb36b
06.04 14:02:25:217 SPRO_Omsk Обнаружена цель id:f60f89b координаты X:5885600 Y:3437540 тип:BB_BR скорость:9216
06.04 14:02:25:697 SPRO_Omsk Стрельба по цели id:f60f89b тип:BB_BR AMMO:2
06.04 14:02:37:583 SPRO_Omsk Обнаружена цель id:1488fas координаты X:5425085 Y:3587015 тип:SAM скорость:59
06.04 14:02:55:629 RLS2_Daryal Обнаружена цель id:8054bcr координаты X:8764006 Y:8086572 тип:KR скорость:552
06.04 14:02:56:082 RLS3_Dnepr Обнаружена цель id:fa96b7b координаты X:7412236 Y:2876832 тип:BB_BR скорость:9116
06.04 14:02:56:613 SPRO_Omsk Обнаружена цель id:6e2cc2b координаты X:5177644 Y:4380796 тип:BB_BR скорость:9703
06.04 14:02:57:106 SPRO_Omsk Стрельба по цели id:6e2cc2b тип:BB_BR AMMO:1
06.04 14:02:58:669 SPRO_Omsk Цель id:f60f89b УНИЧТОЖЕНА (BB_BR)
06.04 14:03:00:242 ZRDN1_Orenburg Обнаружена цель id:beffedr координаты X:4066152 Y:3224968 тип:KR скорость:397
06.04 14:03:00:535 ZRDN1_Orenburg Стрельба по цели id:beffedr тип:KR AMMO:19
06.04 14:03:02:120 RLS3_Dnepr Обнаружена цель id:c9004ab координаты X:6879849 Y:1575522 тип:BB_BR скорость:9735
06.04 14:03:25:716 RLS1_Voronezh Обнаружена цель id:9baec5b координаты X:3464014 Y:1529648 тип:BB_BR скорость:9704
06.04 14:03:26:144 RLS1_Voronezh цель движется в направлении СПРО id:9baec5b
06.04 14:03:26:698 RLS3_Dnepr Обнаружена цель id:c3a711s координаты X:7991984 Y:1973532 тип:SAM скорость:154
06.04 14:03:39:494 RLS1_Voronezh Обнаружена цель id:7db36fr координаты X:1903608 Y:2514888 тип:KR скорость:334
06.04 14:03:39:957 SPRO_Omsk Цель id:6e2cc2b УНИЧТОЖЕНА (BB_BR)
06.04 14:03:55:183 ZRDN1_Orenburg Цель id:beffedr УНИЧТОЖЕНА (KR)
06.04 14:03:57:702 SPRO_Omsk Обнаружена цель id:986ad8s координаты X:5551912 Y:3847538 тип:SAM скорость:166
06.04 14:04:24:938 RLS1_Voronezh Обнаружена цель id:77abd8r координаты X:1465966 Y:4387306 тип:KR скорость:662
06.04 14:04:25:317 RLS3_Dnepr Обнаружена цель id:77e5b6b координаты X:6215126 Y:2605326 тип:BB_BR скорость:9525
06.04 14:04:25:710 RLS3_Dnepr цель движется в направлении СПРО id:77e5b6b
06.04 14:04:28:171 ZRDN1_Orenburg Обнаружена цель id:0f6f14b координаты X:4402648 Y:2840416 тип:BB_BR скорость:9083
06.04 14:04:30:562 RLS3_Dnepr Обнаружена цель id:eb3247s координаты X:6948361 Y:1458994 тип:SAM скорость:116
06.04 14:04:44:383 SPRO_Omsk Обнаружена цель id:b19de1r координаты X:5326085 Y:3063790 тип:KR скорость:908
06.04 14:05:25:556 RLS1_Voronezh Обнаружена цель id:66aed9s координаты X:3321602 Y:2297540 тип:SAM скорость:93
06.04 14:05:25:990 RLS3_Dnepr Обнаружена цель id:bdb448b координаты X:6278596 Y:2137150 тип:BB_BR скорость:9725
06.04 14:05:26:406 RLS3_Dnepr цель движется в направлении СПРО id:bdb448b
06.04 14:05:26:880 ZRDN1_Orenburg Обнаружена цель id:7ab9bbr координаты X:4378978 Y:2720106 тип:KR скорость:359
06.04 14:05:27:347 ZRDN1_Orenburg Стрельба по цели id:7ab9bbr тип:KR AMMO:18
06.04 14:05:28:936 RLS2_Daryal Обнаружена цель id:8054bcr координаты X:8751531 Y:8080622 тип:KR скорость:552
06.04 14:05:38:786 SPRO_Omsk Обнаружена цель id:ecf928b координаты X:6704338 Y:4518993 тип:BB_BR скорость:8857
06.04 14:05:39:223 SPRO_Omsk Стрельба по цели id:ecf928b тип:BB_BR AMMO:0
06.04 14:05:39:552 SPRO_Omsk Боекомплект исчерпан! Режим обнаружения
06.04 14:05:56:074 RLS3_Dnepr Обнаружена цель id:524e19b координаты X:7651868 Y:3233770 тип:BB_BR скорость:8816
06.04 14:06:07:776 ZRDN1_Orenburg ПРОМАХ по цели id:7ab9bbr (KR)
06.04 14:06:24:947 RLS1_Voronezh Обнаружена цель id:5a35aer координаты X:1820169 Y:2526282 тип:KR скорость:738
06.04 14:06:25:433 SPRO_Omsk ПРОМАХ по цели id:ecf928b (BB_BR)
06.04 14:06:34:181 SPRO_Omsk Обнаружена цель id:77e5b6b координаты X:6104792 Y:2772192 тип:BB_BR скорость:9525
06.04 14:06:38:759 RLS3_Dnepr Обнаружена цель id:ef5fear координаты X:5193696 Y:1401040 тип:KR скорость:703
06.04 14:06:55:905 SPRO_Omsk Обнаружена цель id:232387s координаты X:4784544 Y:2798680 тип:SAM скорость:68
06.04 14:06:58:341 ZRDN1_Orenburg Обнаружена цель id:0f6f14b координаты X:4490780 Y:3019760 тип:BB_BR скорость:9083
06.04 14:07:00:770 RLS2_Daryal Обнаружена цель id:8054bcr координаты X:8744545 Y:8077290 тип:KR скорость:552
06.04 14:07:25:305 RLS1_Voronezh Обнаружена цель id:66aed9s координаты X:3323204 Y:2298080 тип:SAM скорость:93
06.04 14:07:25:818 ZRDN3_Mahachkala Обнаружена цель id:66aed9s координаты X:3323204 Y:2298080 тип:SAM скорость:93
06.04 14:07:26:273 ZRDN3_Mahachkala Стрельба по цели id:66aed9s тип:SAM AMMO:19
06.04 14:07:30:893 RLS3_Dnepr Обнаружена цель id:524e19b координаты X:7649386 Y:3083915 тип:BB_BR скорость:8816
06.04 14:07:55:243 RLS3_Dnepr Обнаружена цель id:eb3247s координаты X:6946471 Y:1461934 тип:SAM скорость:116
06.04 14:07:55:825 SPRO_Omsk Обнаружена цель id:27e985s координаты X:5618928 Y:4078408 тип:SAM скорость:108
06.04 14:07:58:287 ZRDN3_Mahachkala ПРОМАХ по цели id:66aed9s (SAM)
06.04 14:08:10:078 SPRO_Omsk Обнаружена цель id:986ad8s координаты X:5552552 Y:3840898 тип:SAM скорость:166
06.04 14:08:25:224 RLS1_Voronezh Обнаружена цель id:7c04b5s координаты X:1351364 Y:2116722 тип:SAM скорость:125
06.04 14:08:25:746 SPRO_Omsk Обнаружена цель id:ecf928b координаты X:6516040 Y:4666440 тип:BB_BR скорость:8857
06.04 14:08:26:012 SPRO_Omsk Боекомплект пополнен AMMO:10
06.04 14:08:27:492 RLS2_Daryal Обнаружена цель id:007a92r координаты X:10775060 Y:7305420 тип:KR скорость:765
06.04 14:08:41:329 RLS3_Dnepr Обнаружена цель id:4857afs координаты X:8887963 Y:1026106 тип:SAM скорость:116
06.04 14:09:02:521 RLS3_Dnepr Обнаружена цель id:ca6d6cr координаты X:7310192 Y:2170008 тип:KR скорость:313
06.04 14:09:03:920 ZRDN1_Orenburg Обнаружена цель id:7ab9bbr координаты X:4382310 Y:2731870 тип:KR скорость:359
06.04 14:09:04:258 ZRDN1_Orenburg Стрельба по цели id:7ab9bbr тип:KR AMMO:17
06.04 14:09:25:862 RLS3_Dnepr Обнаружена цель id:c9004ab координаты X:7451469 Y:1695882 тип:BB_BR скорость:9735
06.04 14:09:26:494 SPRO_Omsk Обнаружена цель id:94ba64b координаты X:6740772 Y:3366086 тип:BB_BR скорость:8729
06.04 14:09:27:099 SPRO_Omsk Стрельба по цели id:94ba64b тип:BB_BR AMMO:9
06.04 14:09:27:749 ZRDN3_Mahachkala Обнаружена цель id:66aed9s координаты X:3324984 Y:2298680 тип:SAM скорость:93
06.04 14:09:28:446 ZRDN3_Mahachkala Стрельба по цели id:66aed9s тип:SAM AMMO:18
06.04 14:09:39:373 SPRO_Omsk Обнаружена цель id:1ee2fcs координаты X:5893156 Y:3574232 тип:SAM скорость:100
06.04 14:09:41:959 RLS3_Dnepr Обнаружена цель id:5f7970b координаты X:5544186 Y:2087918 тип:BB_BR скорость:9642
06.04 14:09:42:545 RLS3_Dnepr цель движется в направлении СПРО id:5f7970b
06.04 14:09:44:114 RLS1_Voronezh Обнаружена цель id:77abd8r координаты X:1499016 Y:4389856 тип:KR скорость:662
06.04 14:09:56:165 ZRDN1_Orenburg Цель id:7ab9bbr УНИЧТОЖЕНА (KR)
06.04 14:10:05:916 SPRO_Omsk ПРОМАХ по цели id:94ba64b (BB_BR)
06.04 14:10:11:490 RLS2_Daryal Обнаружена цель id:007a92r координаты X:10766702 Y:7298714 тип:KR скорость:765
06.04 14:10:11:864 ZRDN3_Mahachkala Цель id:66aed9s УНИЧТОЖЕНА (SAM)
06.04 14:10:36:216 SPRO_Omsk Обнаружена цель id:bdb448b координаты X:6277322 Y:2613675 тип:BB_BR скорость:9725
06.04 14:10:36:565 SPRO_Omsk Стрельба по цели id:bdb448b тип:BB_BR AMMO:8
06.04 14:10:38:076 RLS1_Voronezh Обнаружена цель id:54b9c5b координаты X:1479368 Y:4499144 тип:BB_BR скорость:8930
06.04 14:10:38:476 RLS1_Voronezh цель движется в направлении СПРО id:54b9c5b
06.04 14:10:38:949 RLS3_Dnepr Обнаружена цель id:53838ds координаты X:7542953 Y:3364675 тип:SAM скорость:198
06.04 14:10:55:472 SPRO_Omsk Обнаружена цель id:ecc3fdb координаты X:6245404 Y:4827092 тип:BB_BR скорость:9796
06.04 14:10:56:020 SPRO_Omsk Стрельба по цели id:ecc3fdb тип:BB_BR AMMO:7
06.04 14:11:25:867 SPRO_Omsk Цель id:bdb448b УНИЧТОЖЕНА (BB_BR)
06.04 14:11:36:676 SPRO_Omsk Цель id:ecc3fdb УНИЧТОЖЕНА (BB_BR)
06.04 14:11:56:460 SPRO_Omsk Обнаружена цель id:ecf928b координаты X:6306820 Y:4830270 тип:BB_BR скорость:8857
06.04 14:11:56:947 SPRO_Omsk Стрельба по цели id:ecf928b тип:BB_BR AMMO:6
06.04 14:12:33:421 SPRO_Omsk Цель id:ecf928b УНИЧТОЖЕНА (BB_BR)
06.04 14:12:43:096 SPRO_Omsk Обнаружена цель id:27e985s координаты X:5618790 Y:4073440 тип:SAM скорость:108
06.04 14:13:26:065 RLS1_Voronezh Обнаружена цель id:54b9c5b координаты X:1549268 Y:4287094 тип:BB_BR скорость:8930
06.04 14:13:26:385 RLS1_Voronezh цель движется в направлении СПРО id:54b9c5b
06.04 14:13:26:896 RLS3_Dnepr Обнаружена цель id:ca6d6cr координаты X:7314352 Y:2181848 тип:KR скорость:313
06.04 14:13:36:496 SPRO_Omsk Обнаружена цель id:c92375b координаты X:5795260 Y:3569862 тип:BB_BR скорость:8231
06.04 14:13:36:901 SPRO_Omsk Стрельба по цели id:c92375b тип:BB_BR AMMO:5
06.04 14:13:42:534 RLS1_Voronezh Обнаружена цель id:77abd8r координаты X:1523473 Y:4391743 тип:KR скорость:662
06.04 14:14:26:917 RLS3_Dnepr Обнаружена цель id:ef5fear координаты X:5238048 Y:1425520 тип:KR скорость:703
06.04 14:14:27:201 SPRO_Omsk Цель id:c92375b УНИЧТОЖЕНА (BB_BR)
06.04 14:14:34:845 SPRO_Omsk Обнаружена цель id:b11765r координаты X:5870924 Y:4577750 тип:KR скорость:665
06.04 14:15:08:608 RLS3_Dnepr Обнаружена цель id:3121bbs координаты X:7268720 Y:2074610 тип:SAM скорость:205
06.04 14:15:26:606 SPRO_Omsk Обнаружена цель id:27e985s координаты X:5618715 Y:4070740 тип:SAM скорость:108
06.04 14:16:26:220 RLS1_Voronezh Обнаружена цель id:54b9c5b координаты X:1630352 Y:4041116 тип:BB_BR скорость:8930
06.04 14:16:26:575 RLS1_Voronezh цель движется в направлении СПРО id:54b9c5b
06.04 14:16:27:075 SPRO_Omsk Обнаружена цель id:48303er координаты X:6262696 Y:4702200 тип:KR скорость:624
06.04 14:16:36:818 SPRO_Omsk Обнаружена цель id:77e5b6b координаты X:5605662 Y:3527062 тип:BB_BR скорость:9525
06.04 14:16:37:272 SPRO_Omsk Стрельба по цели id:77e5b6b тип:BB_BR AMMO:4
06.04 14:16:41:780 RLS1_Voronezh Обнаружена цель id:77abd8r координаты X:1543303 Y:4393273 тип:KR скорость:662
06.04 14:16:57:270 SPRO_Omsk Обнаружена цель id:9cfb69b координаты X:4348264 Y:3963024 тип:BB_BR скорость:8588
06.04 14:16:57:758 SPRO_Omsk Стрельба по цели id:9cfb69b тип:BB_BR AMMO:3
06.04 14:17:26:278 RLS3_Dnepr Обнаружена цель id:3121bbs координаты X:7266160 Y:2077830 тип:SAM скорость:205
06.04 14:17:26:632 SPRO_Omsk Цель id:77e5b6b УНИЧТОЖЕНА (BB_BR)
06.04 14:17:42:540 SPRO_Omsk ПРОМАХ по цели id:9cfb69b (BB_BR)
06.04 14:17:56:849 SPRO_Omsk Обнаружена цель id:14c868r координаты X:6327679 Y:3385811 тип:KR скорость:970
06.04 14:18:11:698 SPRO_Omsk Обнаружена цель id:94ba64b координаты X:6189462 Y:2869431 тип:BB_BR скорость:8729
06.04 14:18:12:131 SPRO_Omsk Стрельба по цели id:94ba64b тип:BB_BR AMMO:2
06.04 14:18:33:289 SPRO_Omsk Обнаружена цель id:ad0da2b координаты X:6234310 Y:3970912 тип:BB_BR скорость:8753
06.04 14:18:33:751 SPRO_Omsk Стрельба по цели id:ad0da2b тип:BB_BR AMMO:1
06.04 14:18:54:803 SPRO_Omsk НЕ ОТВЕЧАЕТ! Связь потеряна
06.04 14:18:56:331 RLS3_Dnepr Обнаружена цель id:2368d8b координаты X:8073096 Y:2862952 тип:BB_BR скорость:9344
06.04 14:18:56:800 SPRO_Omsk Обнаружена цель id:046770s координаты X:6025872 Y:4268136 тип:SAM скорость:152
06.04 14:18:57:279 SPRO_Omsk ПРОМАХ по цели id:94ba64b (BB_BR)
06.04 14:19:04:970 RLS3_Dnepr Обнаружена цель id:3121bbs координаты X:7263984 Y:2080567 тип:SAM скорость:205
06.04 14:19:08:676 SPRO_Omsk Обнаружена цель id:1ee2fcs координаты X:5886046 Y:3579812 тип:SAM скорость:100
06.04 14:19:12:153 SPRO_Omsk ПРОМАХ по цели id:ad0da2b (BB_BR)
06.04 14:19:28:340 SPRO_Omsk Обнаружена цель id:5f7970b координаты X:5422470 Y:2966610 тип:BB_BR скорость:9642
06.04 14:19:28:616 SPRO_Omsk Стрельба по цели id:5f7970b тип:BB_BR AMMO:0
06.04 14:19:28:876 SPRO_Omsk Боекомплект исчерпан! Режим обнаружения
06.04 14:19:55:303 SPRO_Omsk работоспособность восстановлена
06.04 14:20:10:169 SPRO_Omsk ПРОМАХ по цели id:5f7970b (BB_BR)
06.04 14:20:35:569 ZRDN3_Mahachkala Обнаружена цель id:048e33b координаты X:3482712 Y:2285776 тип:BB_BR скорость:9853
06.04 14:20:37:984 RLS3_Dnepr Обнаружена цель id:3121bbs координаты X:7262192 Y:2082821 тип:SAM скорость:205
06.04 14:20:56:036 SPRO_Omsk Обнаружена цель id:14c868r координаты X:6323656 Y:3411704 тип:KR скорость:970
06.04 14:20:58:489 RLS1_Voronezh Обнаружена цель id:77abd8r координаты X:1569743 Y:4395313 тип:KR скорость:662
06.04 14:21:11:292 SPRO_Omsk Обнаружена цель id:ad0da2b координаты X:6193620 Y:4194824 тип:BB_BR скорость:8753
06.04 14:21:28:623 SPRO_Omsk Обнаружена цель id:046770s координаты X:6025812 Y:4265856 тип:SAM скорость:152
06.04 14:21:56:156 RLS1_Voronezh Обнаружена цель id:1a3dd0s координаты X:2690400 Y:2230480 тип:SAM скорость:215
06.04 14:21:56:627 SPRO_Omsk Обнаружена цель id:1ee2fcs координаты X:5884071 Y:3581362 тип:SAM скорость:100
06.04 14:21:56:920 SPRO_Omsk Боекомплект пополнен AMMO:10
06.04 14:22:35:503 RLS3_Dnepr Обнаружена цель id:639d43r координаты X:5178391 Y:1784860 тип:KR скорость:580
06.04 14:22:40:054 SPRO_Omsk Обнаружена цель id:119290s координаты X:4801312 Y:2994384 тип:SAM скорость:61
06.04 14:23:08:574 ZRDN2_Volgograd Обнаружена цель id:654a76b координаты X:3264690 Y:3140130 тип:BB_BR скорость:8613
06.04 14:23:28:689 RLS3_Dnepr Обнаружена цель id:326fcfs координаты X:6272820 Y:1347440 тип:SAM скорость:199
06.04 14:23:34:271 SPRO_Omsk Обнаружена цель id:48303er координаты X:6221886 Y:4686450 тип:KR скорость:624
06.04 14:23:56:674 SPRO_Omsk Обнаружена цель id:e6bb24b координаты X:5917254 Y:3504979 тип:BB_BR скорость:8055
06.04 14:23:57:129 SPRO_Omsk Стрельба по цели id:e6bb24b тип:BB_BR AMMO:9
06.04 14:24:04:762 RLS2_Daryal Обнаружена цель id:7d2463r координаты X:11620704 Y:7255600 тип:KR скорость:287
06.04 14:24:11:409 SPRO_Omsk Обнаружена цель id:9cfb69b координаты X:4856954 Y:3642564 тип:BB_BR скорость:8588
06.04 14:24:11:884 SPRO_Omsk Стрельба по цели id:9cfb69b тип:BB_BR AMMO:8
06.04 14:24:34:646 SPRO_Omsk Обнаружена цель id:1ee2fcs координаты X:5881938 Y:3583036 тип:SAM скорость:100
06.04 14:24:37:047 SPRO_Omsk Цель id:e6bb24b УНИЧТОЖЕНА (BB_BR)
06.04 14:24:55:039 SPRO_Omsk НЕ ОТВЕЧАЕТ! Связь потеряна
06.04 14:24:59:877 SPRO_Omsk Обнаружена цель id:5f7970b координаты X:5352351 Y:3472813 тип:BB_BR скорость:9642
06.04 14:25:00:324 SPRO_Omsk Стрельба по цели id:5f7970b тип:BB_BR AMMO:7
06.04 14:25:01:915 SPRO_Omsk Цель id:9cfb69b УНИЧТОЖЕНА (BB_BR)
06.04 14:25:12:674 RLS1_Voronezh Обнаружена цель id:338913r координаты X:1386064 Y:4517344 тип:KR скорость:820
06.04 14:25:25:595 SPRO_Omsk работоспособность восстановлена
06.04 14:25:34:389 SPRO_Omsk Цель id:5f7970b УНИЧТОЖЕНА (BB_BR)
06.04 14:25:38:883 RLS3_Dnepr Обнаружена цель id:2d71bds координаты X:5384260 Y:1117064 тип:SAM скорость:201
06.04 14:25:55:989 SPRO_Omsk Обнаружена цель id:14c868r координаты X:6316653 Y:3456777 тип:KR скорость:970
06.04 14:26:06:527 RLS1_Voronezh Обнаружена цель id:1a3dd0s координаты X:2696550 Y:2236835 тип:SAM скорость:215
06.04 14:26:06:931 SPRO_Omsk Обнаружена цель id:ad0da2b координаты X:6120065 Y:4599588 тип:BB_BR скорость:8753
06.04 14:26:07:455 SPRO_Omsk Стрельба по цели id:ad0da2b тип:BB_BR AMMO:6
06.04 14:26:30:944 RLS3_Dnepr Обнаружена цель id:326fcfs координаты X:6278446 Y:1348832 тип:SAM скорость:199
06.04 14:26:32:482 ZRDN2_Volgograd Обнаружена цель id:654a76b координаты X:3441855 Y:2940335 тип:BB_BR скорость:8613
06.04 14:26:56:870 RLS2_Daryal Обнаружена цель id:0772e3s координаты X:9780836 Y:7607520 тип:SAM скорость:209
06.04 14:26:57:215 SPRO_Omsk Цель id:ad0da2b УНИЧТОЖЕНА (BB_BR)
06.04 14:27:05:876 SPRO_Omsk Обнаружена цель id:119290s координаты X:4802755 Y:2996160 тип:SAM скорость:61
06.04 14:27:12:444 RLS2_Daryal Обнаружена цель id:7d2463r координаты X:11615513 Y:7249075 тип:KR скорость:287
06.04 14:27:43:030 ZRDN1_Orenburg Обнаружена цель id:01649bs координаты X:4032090 Y:3044945 тип:SAM скорость:63
06.04 14:27:43:317 ZRDN1_Orenburg Стрельба по цели id:01649bs тип:SAM AMMO:16
06.04 14:27:58:467 SPRO_Omsk Обнаружена цель id:286243b координаты X:5838200 Y:4997860 тип:BB_BR скорость:8309
06.04 14:27:58:962 SPRO_Omsk Стрельба по цели id:286243b тип:BB_BR AMMO:5
06.04 14:28:01:501 RLS3_Dnepr Обнаружена цель id:2d71bds координаты X:5386675 Y:1121020 тип:SAM скорость:201
06.04 14:28:13:412 RLS1_Voronezh Обнаружена цель id:338913r координаты X:1403232 Y:4500872 тип:KR скорость:820
06.04 14:28:26:802 SPRO_Omsk Обнаружена цель id:e30336r координаты X:6388000 Y:3886856 тип:KR скорость:651
06.04 14:28:27:351 ZRDN1_Orenburg ПРОМАХ по цели id:01649bs (SAM)
06.04 14:28:38:220 ZRDN3_Mahachkala Обнаружена цель id:a9b16ar координаты X:4134474 Y:2502469 тип:KR скорость:392
06.04 14:28:39:683 SPRO_Omsk Цель id:286243b УНИЧТОЖЕНА (BB_BR)
06.04 14:28:40:245 ZRDN3_Mahachkala Стрельба по цели id:a9b16ar тип:KR AMMO:17
06.04 14:29:02:220 ZRDN3_Mahachkala Обнаружена цель id:654a76b координаты X:3573300 Y:2792100 тип:BB_BR скорость:8613
06.04 14:29:13:912 RLS1_Voronezh Обнаружена цель id:1a3dd0s координаты X:2700900 Y:2241330 тип:SAM скорость:215
06.04 14:29:27:053 ZRDN3_Mahachkala Цель id:a9b16ar УНИЧТОЖЕНА (KR)
06.04 14:29:30:490 RLS3_Dnepr Обнаружена цель id:639d43r координаты X:5179909 Y:1823140 тип:KR скорость:580
06.04 14:29:57:065 RLS2_Daryal Обнаружена цель id:a64e56b координаты X:11133632 Y:7762112 тип:BB_BR скорость:8179
06.04 14:29:57:419 RLS2_Daryal цель движется в направлении СПРО id:a64e56b
06.04 14:29:57:852 RLS3_Dnepr Обнаружена цель id:ba8f2ds координаты X:5831314 Y:1424517 тип:SAM скорость:133
06.04 14:29:58:368 ZRDN1_Orenburg Обнаружена цель id:01649bs координаты X:4032204 Y:3046142 тип:SAM скорость:63
06.04 14:29:58:777 ZRDN1_Orenburg Стрельба по цели id:01649bs тип:SAM AMMO:15
06.04 14:30:29:232 ZRDN1_Orenburg Цель id:01649bs УНИЧТОЖЕНА (SAM)
06.04 14:30:56:634 RLS2_Daryal Обнаружена цель id:7d2463r координаты X:11609427 Y:7241425 тип:KR скорость:287
06.04 14:30:59:113 SPRO_Omsk Обнаружена цель id:e30336r координаты X:6381500 Y:3902508 тип:KR скорость:651
06.04 14:31:07:671 ZRDN3_Mahachkala Обнаружена цель id:654a76b координаты X:3693315 Y:2656755 тип:BB_BR скорость:8613
06.04 14:31:36:229 RLS2_Daryal Обнаружена цель id:0c135ar координаты X:11587275 Y:7176225 тип:KR скорость:329
06.04 14:31:56:651 RLS3_Dnepr Обнаружена цель id:ba8f2ds координаты X:5831034 Y:1427177 тип:SAM скорость:133
06.04 14:32:26:131 SPRO_Omsk Обнаружена цель id:e30336r координаты X:6377750 Y:3911538 тип:KR скорость:651
06.04 14:32:28:649 RLS2_Daryal Обнаружена цель id:7d2463r координаты X:11606205 Y:7237375 тип:KR скорость:287
06.04 14:32:42:351 SPRO_Omsk Обнаружена цель id:fea9acs координаты X:6736620 Y:3596420 тип:SAM скорость:189
06.04 14:32:56:352 RLS2_Daryal Обнаружена цель id:a64e56b координаты X:11041344 Y:7552504 тип:BB_BR скорость:8179
06.04 14:32:56:785 RLS2_Daryal цель движется в направлении СПРО id:a64e56b
06.04 14:33:33:591 SPRO_Omsk Обнаружена цель id:5259a8r координаты X:5408778 Y:2828036 тип:KR скорость:741
06.04 14:33:56:818 SPRO_Omsk Обнаружена цель id:4e3fd1s координаты X:6002736 Y:3899770 тип:SAM скорость:111
06.04 14:34:13:763 SPRO_Omsk Обнаружена цель id:acfd7ds координаты X:5985428 Y:3228356 тип:SAM скорость:85
06.04 14:35:07:314 SPRO_Omsk Обнаружена цель id:a3f358r координаты X:5435203 Y:4625018 тип:KR скорость:682
06.04 14:35:26:464 RLS1_Voronezh Обнаружена цель id:338913r координаты X:1444672 Y:4461112 тип:KR скорость:820
06.04 14:35:26:946 RLS2_Daryal Обнаружена цель id:0c135ar координаты X:11576784 Y:7168776 тип:KR скорость:329
06.04 14:35:32:442 RLS1_Voronezh Обнаружена цель id:280967r координаты X:1331365 Y:3996575 тип:KR скорость:909
06.04 14:35:33:833 RLS3_Dnepr Обнаружена цель id:ba8f2ds координаты X:5830530 Y:1431965 тип:SAM скорость:133
06.04 14:36:01:361 SPRO_Omsk Обнаружена цель id:fea9acs координаты X:6739293 Y:3602063 тип:SAM скорость:189
06.04 14:36:26:652 RLS2_Daryal Обнаружена цель id:7d2463r координаты X:11599224 Y:7228600 тип:KR скорость:287
06.04 14:36:27:036 RLS3_Dnepr Обнаружена цель id:2607edb координаты X:5941949 Y:2087856 тип:BB_BR скорость:9142
06.04 14:36:27:432 RLS3_Dnepr цель движется в направлении СПРО id:2607edb
06.04 14:36:56:854 SPRO_Omsk Обнаружена цель id:5259a8r координаты X:5396742 Y:2850204 тип:KR скорость:741
06.04 14:37:10:676 SPRO_Omsk Обнаружена цель id:4e3fd1s координаты X:6005184 Y:3896880 тип:SAM скорость:111
06.04 14:37:13:096 RLS2_Daryal Обнаружена цель id:a64e56b координаты X:10889728 Y:7208148 тип:BB_BR скорость:8179
06.04 14:37:13:392 RLS2_Daryal цель движется в направлении СПРО id:a64e56b
06.04 14:37:26:284 SPRO_Omsk Обнаружена цель id:43e1fer координаты X:5356747 Y:2654866 тип:KR скорость:702
06.04 14:37:33:827 RLS1_Voronezh Обнаружена цель id:338913r координаты X:1458880 Y:4447480 тип:KR скорость:820
06.04 14:37:55:964 RLS1_Voronezh Обнаружена цель id:280967r координаты X:1333458 Y:4017390 тип:KR скорость:909
06.04 14:38:07:649 RLS2_Daryal Обнаружена цель id:0c135ar координаты X:11569521 Y:7163619 тип:KR скорость:329
06.04 14:38:27:032 SPRO_Omsk Обнаружена цель id:a3f358r координаты X:5453461 Y:4639366 тип:KR скорость:682
06.04 14:39:05:764 RLS3_Dnepr Обнаружена цель id:2607edb координаты X:5852587 Y:2308128 тип:BB_BR скорость:9142
06.04 14:39:06:061 RLS3_Dnepr цель движется в направлении СПРО id:2607edb
06.04 14:39:12:683 SPRO_Omsk Обнаружена цель id:0da7aes координаты X:6425496 Y:3765224 тип:SAM скорость:210
06.04 14:39:26:989 RLS1_Voronezh Обнаружена цель id:7ed036b координаты X:3842600 Y:1038001 тип:BB_BR скорость:9928
06.04 14:39:27:379 RLS1_Voronezh цель движется в направлении СПРО id:7ed036b
06.04 14:39:27:860 RLS3_Dnepr Обнаружена цель id:ea5f80r координаты X:6650659 Y:1749463 тип:KR скорость:987
06.04 14:40:06:231 RLS2_Daryal Обнаружена цель id:a64e56b координаты X:10810624 Y:7028484 тип:BB_BR скорость:8179
06.04 14:40:06:534 RLS2_Daryal цель движется в направлении СПРО id:a64e56b
06.04 14:40:06:929 SPRO_Omsk Обнаружена цель id:2c3ebab координаты X:6301983 Y:4744706 тип:BB_BR скорость:9742
06.04 14:40:07:341 SPRO_Omsk Стрельба по цели id:2c3ebab тип:BB_BR AMMO:4
06.04 14:40:26:824 RLS3_Dnepr Обнаружена цель id:1b2cbfb координаты X:5419039 Y:1915142 тип:BB_BR скорость:8794
06.04 14:40:27:289 RLS3_Dnepr цель движется в направлении СПРО id:1b2cbfb
06.04 14:40:56:787 SPRO_Omsk Цель id:2c3ebab УНИЧТОЖЕНА (BB_BR)
06.04 14:41:13:615 RLS3_Dnepr Обнаружена цель id:ea5f80r координаты X:6664033 Y:1761181 тип:KR скорость:987
06.04 14:41:32:904 SPRO_Omsk Обнаружена цель id:b232e2r координаты X:5481400 Y:3320480 тип:KR скорость:378
06.04 14:41:56:518 SPRO_Omsk Обнаружена цель id:43e1fer координаты X:5380023 Y:2675194 тип:KR скорость:702
06.04 14:42:28:825 RLS1_Voronezh Обнаружена цель id:7ed036b координаты X:4084400 Y:1228434 тип:BB_BR скорость:9928
06.04 14:42:29:120 RLS1_Voronezh цель движется в направлении СПРО id:7ed036b
06.04 14:42:37:772 RLS3_Dnepr Обнаружена цель id:ea5f80r координаты X:6674435 Y:1770295 тип:KR скорость:987
06.04 14:42:43:374 SPRO_Omsk Обнаружена цель id:2607edb координаты X:5725418 Y:2621592 тип:BB_BR скорость:9142
06.04 14:42:43:777 SPRO_Omsk Стрельба по цели id:2607edb тип:BB_BR AMMO:3
06.04 14:43:05:371 SPRO_Omsk Обнаружена цель id:5259a8r координаты X:5374794 Y:2890628 тип:KR скорость:741
06.04 14:43:26:712 RLS1_Voronezh Обнаружена цель id:6a4dbeb координаты X:2497675 Y:2014988 тип:BB_BR скорость:9197
06.04 14:43:27:093 RLS1_Voronezh цель движется в направлении СПРО id:6a4dbeb
06.04 14:43:27:634 SPRO_Omsk Обнаружена цель id:907debr координаты X:5064408 Y:2416844 тип:KR скорость:407
06.04 14:43:28:108 SPRO_Omsk Цель id:2607edb УНИЧТОЖЕНА (BB_BR)
06.04 14:43:40:824 SPRO_Omsk Обнаружена цель id:766dd4b координаты X:6497579 Y:3817796 тип:BB_BR скорость:8607
06.04 14:43:41:223 SPRO_Omsk Стрельба по цели id:766dd4b тип:BB_BR AMMO:2
06.04 14:44:09:533 ZRDN1_Orenburg Обнаружена цель id:e8cb2eb координаты X:4317071 Y:3579909 тип:BB_BR скорость:8641
06.04 14:44:26:642 SPRO_Omsk Цель id:766dd4b УНИЧТОЖЕНА (BB_BR)
06.04 14:44:32:385 SPRO_Omsk Обнаружена цель id:2f5636r координаты X:6113735 Y:3636515 тип:KR скорость:673
06.04 14:44:56:969 SPRO_Omsk Обнаружена цель id:0a029cb координаты X:4850653 Y:2799166 тип:BB_BR скорость:8757
06.04 14:44:57:360 SPRO_Omsk Стрельба по цели id:0a029cb тип:BB_BR AMMO:1
06.04 14:45:11:141 SPRO_Omsk Обнаружена цель id:b232e2r координаты X:5493650 Y:3325555 тип:KR скорость:378
06.04 14:45:26:159 RLS3_Dnepr Обнаружена цель id:74c1bfs координаты X:6162750 Y:2021660 тип:SAM скорость:66
06.04 14:45:29:577 SPRO_Omsk Цель id:0a029cb УНИЧТОЖЕНА (BB_BR)
06.04 14:45:30:932 RLS1_Voronezh Обнаружена цель id:6a4dbeb координаты X:2522175 Y:2197308 тип:BB_BR скорость:9197
06.04 14:45:31:190 RLS1_Voronezh цель движется в направлении СПРО id:6a4dbeb
06.04 14:46:27:120 RLS1_Voronezh Обнаружена цель id:7ed036b координаты X:4388600 Y:1468011 тип:BB_BR скорость:9928
06.04 14:46:27:648 RLS1_Voronezh цель движется в направлении СПРО id:7ed036b
06.04 14:46:28:225 SPRO_Omsk Обнаружена цель id:61839bb координаты X:4183800 Y:4408100 тип:BB_BR скорость:8189
06.04 14:46:28:748 SPRO_Omsk Стрельба по цели id:61839bb тип:BB_BR AMMO:0
06.04 14:46:29:152 SPRO_Omsk Боекомплект исчерпан! Режим обнаружения
06.04 14:46:45:060 ZRDN1_Orenburg Обнаружена цель id:e8cb2eb координаты X:4495046 Y:3457434 тип:BB_BR скорость:8641
06.04 14:46:56:960 RLS3_Dnepr Обнаружена цель id:802d21r координаты X:5834930 Y:1068642 тип:KR скорость:998
06.04 14:47:04:603 SPRO_Omsk ПРОМАХ по цели id:61839bb (BB_BR)
06.04 14:47:13:310 RLS3_Dnepr Обнаружена цель id:6b5661r координаты X:6115932 Y:2459240 тип:KR скорость:542
06.04 14:47:56:621 SPRO_Omsk Обнаружена цель id:2f5636r координаты X:6111143 Y:3615107 тип:KR скорость:673
06.04 14:47:58:087 RLS1_Voronezh Обнаружена цель id:d0503br координаты X:2035028 Y:1555908 тип:KR скорость:416
06.04 14:48:06:743 RLS3_Dnepr Обнаружена цель id:74c1bfs координаты X:6164050 Y:2022804 тип:SAM скорость:66
06.04 14:48:10:265 SPRO_Omsk Обнаружена цель id:e8cb2eb координаты X:4594712 Y:3388848 тип:BB_BR скорость:8641
06.04 14:48:12:662 ZRDN1_Orenburg Обнаружена цель id:e8cb2eb координаты X:4594712 Y:3388848 тип:BB_BR скорость:8641
06.04 14:48:15:080 RLS1_Voronezh Обнаружена цель id:6a4dbeb координаты X:2555250 Y:2443440 тип:BB_BR скорость:9197
06.04 14:48:15:366 RLS1_Voronezh цель движется в направлении СПРО id:6a4dbeb
06.04 14:48:27:475 SPRO_Omsk Обнаружена цель id:eaaf0cs координаты X:5962556 Y:3801733 тип:SAM скорость:209
06.04 14:48:36:104 RLS2_Daryal Обнаружена цель id:84e703b координаты X:8038670 Y:7285231 тип:BB_BR скорость:8839
06.04 14:48:42:720 SPRO_Omsk Обнаружена цель id:834846r координаты X:6574552 Y:4572298 тип:KR скорость:870
06.04 14:49:06:164 SPRO_Omsk Обнаружена цель id:6b5661r координаты X:6107743 Y:2465510 тип:KR скорость:542
06.04 14:49:07:448 SPRO_Omsk Боекомплект пополнен AMMO:10
06.04 14:50:09:242 RLS3_Dnepr Обнаружена цель id:b62613b координаты X:7169008 Y:2201576 тип:BB_BR скорость:8212
06.04 14:50:09:525 RLS3_Dnepr цель движется в направлении СПРО id:b62613b
06.04 14:50:26:563 RLS1_Voronezh Обнаружена цель id:d0503br координаты X:2041604 Y:1563444 тип:KR скорость:416
06.04 14:50:28:121 SPRO_Omsk Обнаружена цель id:51dcf1b координаты X:5855941 Y:5182064 тип:BB_BR скорость:9454
06.04 14:50:29:576 SPRO_Omsk Стрельба по цели id:51dcf1b тип:BB_BR AMMO:9
06.04 14:50:35:197 RLS1_Voronezh Обнаружена цель id:670780r координаты X:2172075 Y:2338775 тип:KR скорость:351
06.04 14:50:38:773 RLS2_Daryal Обнаружена цель id:a3444eb координаты X:8518595 Y:8011086 тип:BB_BR скорость:8938
06.04 14:50:39:167 RLS2_Daryal цель движется в направлении СПРО id:a3444eb
06.04 14:51:07:719 RLS3_Dnepr Обнаружена цель id:7ed036b координаты X:4739600 Y:1744446 тип:BB_BR скорость:9928
06.04 14:51:08:178 RLS3_Dnepr цель движется в направлении СПРО id:7ed036b
06.04 14:51:14:753 SPRO_Omsk Цель id:51dcf1b УНИЧТОЖЕНА (BB_BR)
06.04 14:51:26:991 SPRO_Omsk Обнаружена цель id:6b5661r координаты X:6097399 Y:2473430 тип:KR скорость:542
06.04 14:52:03:818 ZRDN1_Orenburg Обнаружена цель id:cddc73r координаты X:4041368 Y:3145904 тип:KR скорость:379
06.04 14:52:05:248 ZRDN1_Orenburg Стрельба по цели id:cddc73r тип:KR AMMO:14
06.04 14:52:26:739 RLS3_Dnepr Обнаружена цель id:802d21r координаты X:5798095 Y:1106643 тип:KR скорость:998
06.04 14:52:27:354 SPRO_Omsk Обнаружена цель id:860e5cs координаты X:6419040 Y:4982375 тип:SAM скорость:186
06.04 14:52:33:964 RLS3_Dnepr Обнаружена цель id:6b5661r координаты X:6092658 Y:2477060 тип:KR скорость:542
06.04 14:52:40:636 SPRO_Omsk Обнаружена цель id:eaaf0cs координаты X:5962064 Y:3810302 тип:SAM скорость:209
06.04 14:52:42:003 ZRDN1_Orenburg Цель id:cddc73r УНИЧТОЖЕНА (KR)
06.04 14:53:00:263 SPRO_Omsk Обнаружена цель id:ca4a91b координаты X:4416908 Y:4115623 тип:BB_BR скорость:8812
06.04 14:53:00:651 SPRO_Omsk Стрельба по цели id:ca4a91b тип:BB_BR AMMO:8
06.04 14:53:31:310 RLS3_Dnepr Обнаружена цель id:74c1bfs координаты X:6166750 Y:2025180 тип:SAM скорость:66
06.04 14:53:39:968 SPRO_Omsk ПРОМАХ по цели id:ca4a91b (BB_BR)
06.04 14:53:56:154 RLS3_Dnepr Обнаружена цель id:a1e7c7s координаты X:7380985 Y:3178440 тип:SAM скорость:96
06.04 14:53:56:678 SPRO_Omsk Обнаружена цель id:642cd4b координаты X:6658432 Y:4326032 тип:BB_BR скорость:8007
06.04 14:53:57:148 SPRO_Omsk Стрельба по цели id:642cd4b тип:BB_BR AMMO:7
06.04 14:54:15:120 SPRO_Omsk Обнаружена цель id:84de97s координаты X:4326665 Y:3660480 тип:SAM скорость:87
06.04 14:54:33:501 SPRO_Omsk ПРОМАХ по цели id:642cd4b (BB_BR)
06.04 14:54:40:106 RLS3_Dnepr Обнаружена цель id:b62613b координаты X:7281553 Y:2553566 тип:BB_BR скорость:8212
06.04 14:54:40:431 RLS3_Dnepr цель движется в направлении СПРО id:b62613b
06.04 14:54:42:829 ZRDN1_Orenburg Обнаружена цель id:84de97s координаты X:4326840 Y:3660080 тип:SAM скорость:87
06.04 14:54:43:200 ZRDN1_Orenburg Стрельба по цели id:84de97s тип:SAM AMMO:13
06.04 14:55:10:004 SPRO_Omsk Обнаружена цель id:ca4a91b координаты X:4435304 Y:3931474 тип:BB_BR скорость:8812
06.04 14:55:10:447 SPRO_Omsk Стрельба по цели id:ca4a91b тип:BB_BR AMMO:6
06.04 14:55:27:578 ZRDN1_Orenburg Цель id:84de97s УНИЧТОЖЕНА (SAM)
06.04 14:55:39:448 RLS3_Dnepr Обнаружена цель id:f4246cs координаты X:5972516 Y:1949736 тип:SAM скорость:232
06.04 14:55:56:626 SPRO_Omsk Цель id:ca4a91b УНИЧТОЖЕНА (BB_BR)
06.04 14:55:58:151 RLS3_Dnepr Обнаружена цель id:802d21r координаты X:5773075 Y:1132455 тип:KR скорость:998
06.04 14:56:02:666 SPRO_Omsk Обнаружена цель id:aa04b5r координаты X:5360714 Y:3282366 тип:KR скорость:681
06.04 14:56:25:872 RLS3_Dnepr Обнаружена цель id:e809deb координаты X:5820584 Y:2067070 тип:BB_BR скорость:8721
06.04 14:56:26:205 RLS3_Dnepr цель движется в направлении СПРО id:e809deb
06.04 14:56:32:620 RLS3_Dnepr Обнаружена цель id:6b5661r координаты X:6076280 Y:2489600 тип:KR скорость:542
06.04 14:56:57:039 SPRO_Omsk Обнаружена цель id:860e5cs координаты X:6416288 Y:4974850 тип:SAM скорость:186
06.04 14:57:08:788 RLS1_Voronezh Обнаружена цель id:7d10aas координаты X:3225370 Y:943360 тип:SAM скорость:140
06.04 14:57:10:304 SPRO_Omsk Обнаружена цель id:6b5661r координаты X:6073694 Y:2491580 тип:KR скорость:542
06.04 14:57:26:543 RLS1_Voronezh Обнаружена цель id:216c2fs координаты X:1654450 Y:2013215 тип:SAM скорость:143
06.04 14:57:41:366 RLS1_Voronezh Обнаружена цель id:d0503br координаты X:2061058 Y:1585738 тип:KR скорость:416
06.04 14:58:00:462 RLS1_Voronezh Обнаружена цель id:670780r координаты X:2181855 Y:2357435 тип:KR скорость:351
06.04 14:58:01:904 SPRO_Omsk Обнаружена цель id:b5fce5b координаты X:4932448 Y:2767142 тип:BB_BR скорость:9977
06.04 14:58:02:327 SPRO_Omsk Стрельба по цели id:b5fce5b тип:BB_BR AMMO:5
06.04 14:58:26:624 SPRO_Omsk Обнаружена цель id:6dcbb2s координаты X:5605405 Y:4952587 тип:SAM скорость:163
06.04 14:58:39:325 RLS2_Daryal Обнаружена цель id:0927c7r координаты X:8867380 Y:7728100 тип:KR скорость:795
06.04 14:58:39:722 RLS3_Dnepr Обнаружена цель id:a1e7c7s координаты X:7380938 Y:3182952 тип:SAM скорость:96
06.04 14:58:40:254 SPRO_Omsk Обнаружена цель id:aa04b5r координаты X:5342732 Y:3286308 тип:KR скорость:681
06.04 14:58:42:663 SPRO_Omsk Цель id:b5fce5b УНИЧТОЖЕНА (BB_BR)
06.04 14:58:56:823 RLS3_Dnepr Обнаружена цель id:b62613b координаты X:7384094 Y:2874268 тип:BB_BR скорость:8212
06.04 14:58:57:122 RLS3_Dnepr цель движется в направлении СПРО id:b62613b
06.04 14:59:30:502 RLS1_Voronezh Обнаружена цель id:7d10aas координаты X:3226258 Y:946624 тип:SAM скорость:140
06.04 14:59:33:043 SPRO_Omsk Обнаружена цель id:63e78ds координаты X:5943240 Y:2843860 тип:SAM скорость:55
06.04 14:59:56:381 RLS3_Dnepr Обнаружена цель id:f4246cs координаты X:5974279 Y:1959084 тип:SAM скорость:232
06.04 15:00:04:945 RLS3_Dnepr Обнаружена цель id:02adf0s координаты X:7367944 Y:2143080 тип:SAM скорость:220
06.04 15:00:08:359 RLS2_Daryal Обнаружена цель id:0927c7r координаты X:8866946 Y:7716970 тип:KR скорость:795
06.04 15:00:26:384 RLS1_Voronezh Обнаружена цель id:216c2fs координаты X:1655900 Y:2017130 тип:SAM скорость:143
06.04 15:00:41:199 SPRO_Omsk Обнаружена цель id:860e5cs координаты X:6414176 Y:4969075 тип:SAM скорость:186
06.04 15:00:58:295 RLS3_Dnepr Обнаружена цель id:74c1bfs координаты X:6170400 Y:2028392 тип:SAM скорость:66
06.04 15:01:00:775 SPRO_Omsk Обнаружена цель id:70356es координаты X:5629891 Y:4353270 тип:SAM скорость:191
06.04 15:01:26:248 RLS3_Dnepr Обнаружена цель id:a1e7c7s координаты X:7380912 Y:3185448 тип:SAM скорость:96
06.04 15:01:26:743 SPRO_Omsk Обнаружена цель id:e809deb координаты X:5972768 Y:2485015 тип:BB_BR скорость:8721
06.04 15:01:27:209 SPRO_Omsk Стрельба по цели id:e809deb тип:BB_BR AMMO:4
06.04 15:01:35:897 RLS3_Dnepr Обнаружена цель id:e809deb координаты X:5981720 Y:2509600 тип:BB_BR скорость:8721
06.04 15:01:36:265 RLS3_Dnepr цель движется в направлении СПРО id:e809deb
06.04 15:01:38:830 RLS2_Daryal Обнаружена цель id:341839b координаты X:8118835 Y:7539450 тип:BB_BR скорость:9326
06.04 15:01:39:246 RLS2_Daryal цель движется в направлении СПРО id:341839b
06.04 15:01:56:548 RLS1_Voronezh Обнаружена цель id:216c2fs координаты X:1656650 Y:2019155 тип:SAM скорость:143
06.04 15:02:02:083 SPRO_Omsk ПРОМАХ по цели id:e809deb (BB_BR)
06.04 15:02:43:000 RLS1_Voronezh Обнаружена цель id:84637bb координаты X:1895250 Y:2171075 тип:BB_BR скорость:8217
06.04 15:02:43:385 RLS1_Voronezh цель движется в направлении СПРО id:84637bb
06.04 15:02:55:958 SPRO_Omsk Обнаружена цель id:f3be9fs координаты X:5624496 Y:4457382 тип:SAM скорость:190
06.04 15:03:01:492 RLS1_Voronezh Обнаружена цель id:7d10aas координаты X:3227553 Y:951384 тип:SAM скорость:140
06.04 15:03:04:940 RLS3_Dnepr Обнаружена цель id:a1e7c7s координаты X:7380894 Y:3187176 тип:SAM скорость:96
06.04 15:03:06:433 SPRO_Omsk Обнаружена цель id:18e4abb координаты X:6078996 Y:4630935 тип:BB_BR скорость:8431
06.04 15:03:06:801 SPRO_Omsk Стрельба по цели id:18e4abb тип:BB_BR AMMO:3
06.04 15:03:08:302 RLS2_Daryal Обнаружена цель id:341839b координаты X:8232790 Y:7458300 тип:BB_BR скорость:9326
06.04 15:03:26:657 RLS1_Voronezh Обнаружена цель id:2ce7f5b координаты X:3189048 Y:1373168 тип:BB_BR скорость:8515
06.04 15:03:26:949 RLS1_Voronezh цель движется в направлении СПРО id:2ce7f5b
06.04 15:03:56:505 SPRO_Omsk Цель id:18e4abb УНИЧТОЖЕНА (BB_BR)
06.04 15:04:02:073 SPRO_Omsk Обнаружена цель id:70356es координаты X:5630674 Y:4358780 тип:SAM скорость:191
06.04 15:04:26:648 SPRO_Omsk Обнаружена цель id:e809deb координаты X:6059304 Y:2722670 тип:BB_BR скорость:8721
06.04 15:04:27:175 SPRO_Omsk Стрельба по цели id:e809deb тип:BB_BR AMMO:2
06.04 15:04:36:880 RLS3_Dnepr Обнаружена цель id:06266eb координаты X:6248140 Y:1344316 тип:BB_BR скорость:8512
06.04 15:04:38:310 RLS3_Dnepr цель движется в направлении СПРО id:06266eb
06.04 15:05:01:863 SPRO_Omsk Цель id:e809deb УНИЧТОЖЕНА (BB_BR)
06.04 15:05:26:114 SPRO_Omsk Обнаружена цель id:aa04b5r координаты X:5299442 Y:3295798 тип:KR скорость:681
06.04 15:05:28:603 RLS1_Voronezh Обнаружена цель id:84637bb координаты X:2015110 Y:2347953 тип:BB_BR скорость:8217
06.04 15:05:28:984 RLS1_Voronezh цель движется в направлении СПРО id:84637bb
06.04 15:05:31:388 RLS3_Dnepr Обнаружена цель id:a1e7c7s координаты X:7380870 Y:3189480 тип:SAM скорость:96
06.04 15:05:33:897 SPRO_Omsk Обнаружена цель id:173567b координаты X:5826157 Y:4624796 тип:BB_BR скорость:8110
06.04 15:05:34:363 SPRO_Omsk Стрельба по цели id:173567b тип:BB_BR AMMO:1
06.04 15:05:44:075 RLS1_Voronezh Обнаружена цель id:ba5ad4r координаты X:1956864 Y:1738512 тип:KR скорость:427
06.04 15:06:03:659 RLS1_Voronezh Обнаружена цель id:7d10aas координаты X:3228626 Y:955328 тип:SAM скорость:140
06.04 15:06:26:717 SPRO_Omsk ПРОМАХ по цели id:173567b (BB_BR)
06.04 15:06:31:189 RLS2_Daryal Обнаружена цель id:c87e47b координаты X:11050180 Y:7167650 тип:BB_BR скорость:9401
06.04 15:06:31:573 RLS2_Daryal цель движется в направлении СПРО id:c87e47b
06.04 15:06:32:979 SPRO_Omsk Обнаружена цель id:70356es координаты X:5631295 Y:4363150 тип:SAM скорость:191
06.04 15:06:57:090 RLS1_Voronezh Обнаружена цель id:c76352s координаты X:1635150 Y:4031400 тип:SAM скорость:72
06.04 15:06:57:525 SPRO_Omsk Обнаружена цель id:4fd5edr координаты X:6713266 Y:4312039 тип:KR скорость:373
06.04 15:06:58:990 RLS3_Dnepr Обнаружена цель id:3a9956r координаты X:7461690 Y:1698310 тип:KR скорость:734
06.04 15:07:03:457 SPRO_Omsk Обнаружена цель id:0037a7b координаты X:5381234 Y:4493789 тип:BB_BR скорость:8392
06.04 15:07:03:768 SPRO_Omsk Стрельба по цели id:0037a7b тип:BB_BR AMMO:0
06.04 15:07:03:994 SPRO_Omsk Боекомплект исчерпан! Режим обнаружения
06.04 15:07:13:750 RLS1_Voronezh Обнаружена цель id:6a8b1ab координаты X:2658695 Y:2497484 тип:BB_BR скорость:9872
06.04 15:07:14:116 RLS1_Voronezh цель движется в направлении СПРО id:6a8b1ab
06.04 15:07:27:292 RLS2_Daryal Обнаружена цель id:341839b координаты X:8544267 Y:7236490 тип:BB_BR скорость:9326
06.04 15:07:41:014 RLS2_Daryal Обнаружена цель id:35f26cr координаты X:9544920 Y:8019472 тип:KR скорость:307
06.04 15:07:44:532 SPRO_Omsk Цель id:0037a7b УНИЧТОЖЕНА (BB_BR)
06.04 15:07:57:682 RLS3_Dnepr Обнаружена цель id:fa6d5db координаты X:8762342 Y:2032766 тип:BB_BR скорость:8750
06.04 15:07:58:065 RLS3_Dnepr цель движется в направлении СПРО id:fa6d5db
06.04 15:07:58:535 SPRO_Omsk Обнаружена цель id:644405b координаты X:5031964 Y:4708546 тип:BB_BR скорость:8801
06.04 15:08:05:119 RLS1_Voronezh Обнаружена цель id:ba5ad4r координаты X:1960296 Y:1747268 тип:KR скорость:427
06.04 15:08:15:761 SPRO_Omsk Обнаружена цель id:173567b координаты X:5875635 Y:4829780 тип:BB_BR скорость:8110
06.04 15:08:27:676 RLS1_Voronezh Обнаружена цель id:7d10aas координаты X:3229477 Y:958456 тип:SAM скорость:140
06.04 15:08:33:308 SPRO_Omsk Обнаружена цель id:463d2es координаты X:6612878 Y:2891884 тип:SAM скорость:227
06.04 15:09:27:472 RLS1_Voronezh Обнаружена цель id:84637bb координаты X:2190290 Y:2606467 тип:BB_BR скорость:8217
06.04 15:09:27:750 RLS1_Voronezh цель движется в направлении СПРО id:84637bb
06.04 15:09:28:129 RLS3_Dnepr Обнаружена цель id:481ca2r координаты X:8033140 Y:2054800 тип:KR скорость:908
06.04 15:09:29:560 SPRO_Omsk Обнаружена цель id:db465ar координаты X:6520610 Y:3972901 тип:KR скорость:464
06.04 15:09:35:012 RLS1_Voronezh Обнаружена цель id:6a8b1ab координаты X:2796580 Y:2677896 тип:BB_BR скорость:9872
06.04 15:09:35:274 RLS1_Voronezh цель движется в направлении СПРО id:6a8b1ab
06.04 15:09:42:934 SPRO_Omsk Обнаружена цель id:34a502b координаты X:4479175 Y:4422575 тип:BB_BR скорость:8164
06.04 15:09:59:111 SPRO_Omsk Обнаружена цель id:355a5br координаты X:5630229 Y:4063047 тип:KR скорость:877
06.04 15:10:00:364 SPRO_Omsk Боекомплект пополнен AMMO:10
06.04 15:10:17:240 RLS3_Dnepr Обнаружена цель id:f4246cs координаты X:5978751 Y:1982796 тип:SAM скорость:232
06.04 15:10:29:448 RLS1_Voronezh Обнаружена цель id:758c63s координаты X:1518910 Y:2776778 тип:SAM скорость:142
06.04 15:10:33:940 RLS3_Dnepr Обнаружена цель id:58938bb координаты X:8009136 Y:2604032 тип:BB_BR скорость:9012
06.04 15:10:34:341 RLS3_Dnepr цель движется в направлении СПРО id:58938bb
06.04 15:10:58:704 RLS2_Daryal Обнаружена цель id:341839b координаты X:8810162 Y:7047140 тип:BB_BR скорость:9326
06.04 15:10:59:109 RLS3_Dnepr Обнаружена цель id:02adf0s координаты X:7367516 Y:2166620 тип:SAM скорость:220
06.04 15:10:59:492 SPRO_Omsk Обнаружена цель id:4bf481s координаты X:6569442 Y:4661493 тип:SAM скорость:51
06.04 15:11:11:154 RLS2_Daryal Обнаружена цель id:35f26cr координаты X:9541770 Y:8009182 тип:KR скорость:307
06.04 15:11:28:246 RLS1_Voronezh Обнаружена цель id:84637bb координаты X:2287100 Y:2749330 тип:BB_BR скорость:8217
06.04 15:11:28:637 RLS1_Voronezh цель движется в направлении СПРО id:84637bb
06.04 15:11:39:291 RLS1_Voronezh Обнаружена цель id:ba5ad4r координаты X:1966068 Y:1761994 тип:KR скорость:427
06.04 15:11:44:807 RLS3_Dnepr Обнаружена цель id:764533r координаты X:7601660 Y:3095230 тип:KR скорость:758
06.04 15:11:45:155 SPRO_Omsk Обнаружена цель id:e6cd79b координаты X:5053615 Y:4236505 тип:BB_BR скорость:9974
06.04 15:11:45:586 SPRO_Omsk Стрельба по цели id:e6cd79b тип:BB_BR AMMO:9
06.04 15:11:58:720 RLS1_Voronezh Обнаружена цель id:7d10aas координаты X:3230846 Y:963488 тип:SAM скорость:140
06.04 15:12:06:383 RLS3_Dnepr Обнаружена цель id:481ca2r координаты X:8009536 Y:2064320 тип:KR скорость:908
06.04 15:12:30:575 SPRO_Omsk Цель id:e6cd79b УНИЧТОЖЕНА (BB_BR)
06.04 15:12:44:289 RLS2_Daryal Обнаружена цель id:35f26cr координаты X:9540240 Y:8004184 тип:KR скорость:307
06.04 15:12:44:683 SPRO_Omsk Обнаружена цель id:34a502b координаты X:4654232 Y:4239768 тип:BB_BR скорость:8164
06.04 15:12:46:222 SPRO_Omsk Стрельба по цели id:34a502b тип:BB_BR AMMO:8
06.04 15:12:59:470 RLS3_Dnepr Обнаружена цель id:3a9956r координаты X:7465830 Y:1742170 тип:KR скорость:734
06.04 15:13:04:054 SPRO_Omsk Обнаружена цель id:355a5br координаты X:5615566 Y:4040138 тип:KR скорость:877
06.04 15:13:29:607 RLS3_Dnepr Обнаружена цель id:02adf0s координаты X:7367420 Y:2171900 тип:SAM скорость:220
06.04 15:13:29:939 SPRO_Omsk Цель id:34a502b УНИЧТОЖЕНА (BB_BR)
06.04 15:13:32:452 RLS1_Voronezh Обнаружена цель id:84637bb координаты X:2383910 Y:2892193 тип:BB_BR скорость:8217
06.04 15:13:32:845 RLS1_Voronezh цель движется в направлении СПРО id:84637bb
06.04 15:13:46:488 RLS1_Voronezh Обнаружена цель id:7d10aas координаты X:3231512 Y:965936 тип:SAM скорость:140
06.04 15:13:59:715 SPRO_Omsk Обнаружена цель id:644405b координаты X:5375404 Y:5109706 тип:BB_BR скорость:8801
06.04 15:14:00:191 SPRO_Omsk Стрельба по цели id:644405b тип:BB_BR AMMO:7
06.04 15:14:07:928 RLS3_Dnepr Обнаружена цель id:f95d79s координаты X:7716476 Y:1620708 тип:SAM скорость:191
06.04 15:14:17:654 RLS2_Daryal Обнаружена цель id:35f26cr координаты X:9538980 Y:8000068 тип:KR скорость:307
06.04 15:14:30:622 RLS3_Dnepr Обнаружена цель id:afcdf4b координаты X:7159392 Y:1733422 тип:BB_BR скорость:9103
06.04 15:14:32:005 RLS3_Dnepr цель движется в направлении СПРО id:afcdf4b
06.04 15:14:35:443 SPRO_Omsk Цель id:644405b УНИЧТОЖЕНА (BB_BR)
06.04 15:14:41:981 RLS1_Voronezh Обнаружена цель id:ee3bafs координаты X:1383029 Y:4412425 тип:SAM скорость:89
06.04 15:14:43:405 RLS3_Dnepr Обнаружена цель id:764533r координаты X:7586744 Y:3102732 тип:KR скорость:758
06.04 15:14:59:617 RLS1_Voronezh Обнаружена цель id:758c63s координаты X:1521835 Y:2782493 тип:SAM скорость:142
06.04 15:15:28:964 SPRO_Omsk Обнаружена цель id:4bf481s координаты X:6570938 Y:4659777 тип:SAM скорость:51
06.04 15:15:36:598 RLS3_Dnepr Обнаружена цель id:06266eb координаты X:6912495 Y:1992103 тип:BB_BR скорость:8512
06.04 15:15:36:931 RLS3_Dnepr цель движется в направлении СПРО id:06266eb
06.04 15:15:39:341 ZRDN1_Orenburg Обнаружена цель id:2b26ffb координаты X:3911480 Y:3090520 тип:BB_BR скорость:8206
06.04 15:15:40:737 SPRO_Omsk Обнаружена цель id:355a5br координаты X:5603268 Y:4020924 тип:KR скорость:877
06.04 15:15:59:981 RLS3_Dnepr Обнаружена цель id:7af3fbb координаты X:7611500 Y:2960250 тип:BB_BR скорость:9484
06.04 15:16:15:730 RLS2_Daryal Обнаружена цель id:35f26cr координаты X:9537540 Y:7995364 тип:KR скорость:307
06.04 15:16:29:550 RLS3_Dnepr Обнаружена цель id:481ca2r координаты X:7973287 Y:2078940 тип:KR скорость:908
06.04 15:16:33:062 SPRO_Omsk Обнаружена цель id:5f76b4r координаты X:6361840 Y:3634016 тип:KR скорость:972
06.04 15:16:33:416 ZRDN2_Volgograd Обнаружена цель id:2b26ffb координаты X:3920012 Y:3163888 тип:BB_BR скорость:8206
06.04 15:16:44:004 RLS3_Dnepr Обнаружена цель id:78f130s координаты X:9852038 Y:1950092 тип:SAM скорость:55
06.04 15:16:59:158 RLS1_Voronezh Обнаружена цель id:7d10aas координаты X:3232659 Y:970152 тип:SAM скорость:140
06.04 15:17:15:878 RLS1_Voronezh Обнаружена цель id:ee3bafs координаты X:1384254 Y:4410550 тип:SAM скорость:89
06.04 15:17:36:161 RLS3_Dnepr Обнаружена цель id:02adf0s координаты X:7367248 Y:2181360 тип:SAM скорость:220
06.04 15:17:59:574 RLS3_Dnepr Обнаружена цель id:7d7561s координаты X:8169761 Y:1334806 тип:SAM скорость:104
06.04 15:18:00:052 SPRO_Omsk Обнаружена цель id:5f76b4r координаты X:6366320 Y:3646868 тип:KR скорость:972
06.04 15:18:00:518 ZRDN2_Volgograd Обнаружена цель id:2b26ffb координаты X:3933284 Y:3278016 тип:BB_BR скорость:8206
06.04 15:18:16:339 SPRO_Omsk Обнаружена цель id:355a5br координаты X:5590970 Y:4001710 тип:KR скорость:877
06.04 15:18:29:486 RLS2_Daryal Обнаружена цель id:e502aer координаты X:8196460 Y:7698304 тип:KR скорость:622
06.04 15:18:45:204 RLS3_Dnepr Обнаружена цель id:8bc8d2b координаты X:5821990 Y:2427849 тип:BB_BR скорость:9934
06.04 15:18:45:491 RLS3_Dnepr цель движется в направлении СПРО id:8bc8d2b
06.04 15:18:47:914 ZRDN2_Volgograd Обнаружена цель id:6a8b1ab координаты X:3360110 Y:3415232 тип:BB_BR скорость:9872
06.04 15:19:02:943 RLS3_Dnepr Обнаружена цель id:f95d79s координаты X:7718060 Y:1628980 тип:SAM скорость:191
06.04 15:19:06:363 SPRO_Omsk Обнаружена цель id:5211c7s координаты X:5463390 Y:5130945 тип:SAM скорость:139
06.04 15:19:29:883 RLS1_Voronezh Обнаружена цель id:ee3bafs координаты X:1385136 Y:4409200 тип:SAM скорость:89
06.04 15:19:30:283 RLS3_Dnepr Обнаружена цель id:afcdf4b координаты X:6785664 Y:2008924 тип:BB_BR скорость:9103
06.04 15:19:30:630 RLS3_Dnepr цель движется в направлении СПРО id:afcdf4b
06.04 15:19:58:711 ZRDN1_Orenburg Обнаружена цель id:2b26ffb координаты X:3953192 Y:3449208 тип:BB_BR скорость:8206
06.04 15:20:00:079 SPRO_Omsk Обнаружена цель id:8bc8d2b координаты X:5776030 Y:2537853 тип:BB_BR скорость:9934
06.04 15:20:00:433 SPRO_Omsk Стрельба по цели id:8bc8d2b тип:BB_BR AMMO:6
06.04 15:20:30:171 RLS3_Dnepr Обнаружена цель id:178696s координаты X:7146316 Y:1961494 тип:SAM скорость:91
06.04 15:20:35:738 RLS3_Dnepr Обнаружена цель id:2b659es координаты X:6627464 Y:2523560 тип:SAM скорость:199
06.04 15:20:40:340 SPRO_Omsk Цель id:8bc8d2b УНИЧТОЖЕНА (BB_BR)
06.04 15:20:42:781 RLS1_Voronezh Обнаружена цель id:758c63s координаты X:1525605 Y:2789859 тип:SAM скорость:142
06.04 15:21:00:342 RLS3_Dnepr Обнаружена цель id:78f130s координаты X:9850447 Y:1951898 тип:SAM скорость:55
06.04 15:21:00:921 SPRO_Omsk Обнаружена цель id:28887db координаты X:5090269 Y:4574533 тип:BB_BR скорость:8851
06.04 15:21:01:478 SPRO_Omsk Стрельба по цели id:28887db тип:BB_BR AMMO:5
06.04 15:21:33:072 RLS2_Daryal Обнаружена цель id:e502aer координаты X:8193490 Y:7677976 тип:KR скорость:622
06.04 15:21:33:404 SPRO_Omsk Цель id:28887db УНИЧТОЖЕНА (BB_BR)
06.04 15:21:44:190 SPRO_Omsk Обнаружена цель id:0aaef6b координаты X:6111738 Y:3726628 тип:BB_BR скорость:9797
06.04 15:21:44:500 SPRO_Omsk Стрельба по цели id:0aaef6b тип:BB_BR AMMO:4
06.04 15:21:45:875 RLS3_Dnepr Обнаружена цель id:481ca2r координаты X:7926922 Y:2097640 тип:KR скорость:908
06.04 15:22:04:233 SPRO_Omsk Обнаружена цель id:b11ea4b координаты X:6785000 Y:4038600 тип:BB_BR скорость:9626
06.04 15:22:04:637 SPRO_Omsk Стрельба по цели id:b11ea4b тип:BB_BR AMMO:3
06.04 15:22:29:933 SPRO_Omsk Обнаружена цель id:08d8d7r координаты X:6526272 Y:3677120 тип:KR скорость:958
06.04 15:22:31:321 SPRO_Omsk Цель id:0aaef6b УНИЧТОЖЕНА (BB_BR)
06.04 15:22:44:171 RLS3_Dnepr Обнаружена цель id:9eb2bbs координаты X:7035368 Y:1941592 тип:SAM скорость:242
06.04 15:22:46:563 SPRO_Omsk Цель id:b11ea4b УНИЧТОЖЕНА (BB_BR)
06.04 15:22:59:595 RLS2_Daryal Обнаружена цель id:e502aer координаты X:8192230 Y:7669352 тип:KR скорость:622
06.04 15:23:00:002 RLS3_Dnepr Обнаружена цель id:edf1bds координаты X:7745760 Y:2045792 тип:SAM скорость:68
06.04 15:23:17:817 RLS3_Dnepr Обнаружена цель id:3b2df8b координаты X:6467340 Y:1824130 тип:BB_BR скорость:9284
06.04 15:23:18:216 RLS3_Dnepr цель движется в направлении СПРО id:3b2df8b
06.04 15:23:30:404 SPRO_Omsk Обнаружена цель id:6a0658r координаты X:5996560 Y:3707860 тип:KR скорость:694
06.04 15:23:35:754 SPRO_Omsk Обнаружена цель id:4bf481s координаты X:6573760 Y:4656540 тип:SAM скорость:51
06.04 15:24:09:515 RLS3_Dnepr Обнаружена цель id:178696s координаты X:7144872 Y:1964648 тип:SAM скорость:91
06.04 15:24:29:799 RLS3_Dnepr Обнаружена цель id:2b659es координаты X:6629721 Y:2530590 тип:SAM скорость:199
06.04 15:24:31:270 SPRO_Omsk Обнаружена цель id:5f76b4r координаты X:6387440 Y:3707456 тип:KR скорость:972
06.04 15:24:43:905 RLS3_Dnepr Обнаружена цель id:78f130s координаты X:9849041 Y:1953494 тип:SAM скорость:55
06.04 15:24:46:360 SPRO_Omsk Обнаружена цель id:f748a2s координаты X:5279922 Y:2847230 тип:SAM скорость:117
06.04 15:25:36:163 RLS3_Dnepr Обнаружена цель id:a242bfr координаты X:6596296 Y:2772196 тип:KR скорость:787
06.04 15:25:59:096 RLS3_Dnepr Обнаружена цель id:06266eb координаты X:7546375 Y:2610175 тип:BB_BR скорость:8512
06.04 15:26:09:730 RLS2_Daryal Обнаружена цель id:e502aer координаты X:8189350 Y:7649640 тип:KR скорость:622
06.04 15:26:15:194 RLS3_Dnepr Обнаружена цель id:481ca2r координаты X:7889830 Y:2112600 тип:KR скорость:908
06.04 15:26:29:204 RLS2_Daryal Обнаружена цель id:9344f7r координаты X:10133616 Y:7465656 тип:KR скорость:887
06.04 15:26:29:606 SPRO_Omsk Обнаружена цель id:6a0658r координаты X:5974992 Y:3702452 тип:KR скорость:694
06.04 15:26:34:092 SPRO_Omsk Обнаружена цель id:4bf481s координаты X:6574814 Y:4655331 тип:SAM скорость:51
06.04 15:27:06:599 RLS3_Dnepr Обнаружена цель id:178696s координаты X:7143694 Y:1967221 тип:SAM скорость:91
06.04 15:27:29:913 RLS3_Dnepr Обнаружена цель id:da7f64s координаты X:5435782 Y:1935989 тип:SAM скорость:54
06.04 15:27:30:364 SPRO_Omsk Обнаружена цель id:d996a3s координаты X:5733269 Y:4090224 тип:SAM скорость:83
06.04 15:27:39:948 RLS3_Dnepr Обнаружена цель id:2b659es координаты X:6631795 Y:2537050 тип:SAM скорость:199
06.04 15:27:59:091 RLS3_Dnepr Обнаружена цель id:068dber координаты X:7712055 Y:1994181 тип:KR скорость:813
06.04 15:28:29:638 SPRO_Omsk Обнаружена цель id:f86f99s координаты X:6228551 Y:3774977 тип:SAM скорость:168
06.04 15:28:33:084 ZRDN3_Mahachkala Обнаружена цель id:837f8er координаты X:3402217 Y:2661806 тип:KR скорость:259
06.04 15:28:33:537 ZRDN3_Mahachkala Стрельба по цели id:837f8er тип:KR AMMO:16
06.04 15:28:37:090 SPRO_Omsk Обнаружена цель id:a242bfr координаты X:6584144 Y:2793369 тип:KR скорость:787
06.04 15:28:59:787 RLS3_Dnepr Обнаружена цель id:bc1c26r координаты X:5311237 Y:1156577 тип:KR скорость:522
06.04 15:29:00:312 SPRO_Omsk Обнаружена цель id:08d8d7r координаты X:6510661 Y:3614810 тип:KR скорость:958
06.04 15:29:15:238 RLS3_Dnepr Обнаружена цель id:aac92bs координаты X:7061380 Y:2076582 тип:SAM скорость:218
06.04 15:29:29:049 ZRDN3_Mahachkala Цель id:837f8er УНИЧТОЖЕНА (KR)
06.04 15:29:45:887 RLS1_Voronezh Обнаружена цель id:0aa150b координаты X:1501233 Y:3421638 тип:BB_BR скорость:9148
06.04 15:29:46:239 RLS1_Voronezh цель движется в направлении СПРО id:0aa150b
06.04 15:30:04:379 RLS3_Dnepr Обнаружена цель id:9eb2bbs координаты X:7030268 Y:1959067 тип:SAM скорость:242
06.04 15:30:29:818 RLS2_Daryal Обнаружена цель id:e502aer координаты X:8185480 Y:7623152 тип:KR скорость:622
06.04 15:30:30:285 RLS3_Dnepr Обнаружена цель id:edf1bds координаты X:7744240 Y:2050808 тип:SAM скорость:68
06.04 15:30:30:699 SPRO_Omsk Обнаружена цель id:d0fbb0s координаты X:5939027 Y:4925202 тип:SAM скорость:179
06.04 15:30:37:234 RLS3_Dnepr Обнаружена цель id:3b2df8b координаты X:6780764 Y:2456298 тип:BB_BR скорость:9284
06.04 15:30:37:581 RLS3_Dnepr цель движется в направлении СПРО id:3b2df8b
06.04 15:30:41:086 SPRO_Omsk Обнаружена цель id:d996a3s координаты X:5731893 Y:4092528 тип:SAM скорость:83
06.04 15:31:00:512 SPRO_Omsk Обнаружена цель id:fb4805r координаты X:6385404 Y:3689632 тип:KR скорость:491
06.04 15:31:17:315 ZRDN3_Mahachkala Обнаружена цель id:aed51cb координаты X:3209565 Y:2473470 тип:BB_BR скорость:8969
06.04 15:31:30:381 SPRO_Omsk Обнаружена цель id:b26f31b координаты X:5396117 Y:5184801 тип:BB_BR скорость:8060
06.04 15:31:30:856 SPRO_Omsk Стрельба по цели id:b26f31b тип:BB_BR AMMO:2
06.04 15:31:33:423 RLS3_Dnepr Обнаружена цель id:178696s координаты X:7141984 Y:1970956 тип:SAM скорость:91
06.04 15:31:47:272 RLS1_Voronezh Обнаружена цель id:0aa150b координаты X:1663973 Y:3505278 тип:BB_BR скорость:9148
06.04 15:31:47:660 RLS1_Voronezh цель движется в направлении СПРО id:0aa150b
06.04 15:31:48:093 RLS2_Daryal Обнаружена цель id:9344f7r координаты X:10085718 Y:7463388 тип:KR скорость:887
06.04 15:32:01:333 RLS3_Dnepr Обнаружена цель id:2b659es координаты X:6634357 Y:2545030 тип:SAM скорость:199
06.04 15:32:01:687 SPRO_Omsk Цель id:b26f31b УНИЧТОЖЕНА (BB_BR)
06.04 15:32:10:213 RLS1_Voronezh Обнаружена цель id:aed51cb координаты X:3217541 Y:2402158 тип:BB_BR скорость:8969
06.04 15:32:18:891 SPRO_Omsk Обнаружена цель id:4c297eb координаты X:5972771 Y:4408193 тип:BB_BR скорость:8872
06.04 15:32:19:321 SPRO_Omsk Стрельба по цели id:4c297eb тип:BB_BR AMMO:1
06.04 15:32:33:529 SPRO_Omsk Обнаружена цель id:f748a2s координаты X:5273523 Y:2853945 тип:SAM скорость:117
06.04 15:32:44:299 RLS3_Dnepr Обнаружена цель id:954be2b координаты X:7379658 Y:2932340 тип:BB_BR скорость:9005
06.04 15:32:44:737 RLS3_Dnepr цель движется в направлении СПРО id:954be2b
06.04 15:32:46:337 ZRDN3_Mahachkala Обнаружена цель id:aed51cb координаты X:3224520 Y:2339760 тип:BB_BR скорость:8969
06.04 15:33:02:553 SPRO_Omsk ПРОМАХ по цели id:4c297eb (BB_BR)
06.04 15:33:05:069 RLS3_Dnepr Обнаружена цель id:f41a6er координаты X:8199520 Y:2411630 тип:KR скорость:607
06.04 15:33:32:157 RLS3_Dnepr Обнаружена цель id:a242bfr координаты X:6566112 Y:2824787 тип:KR скорость:787
06.04 15:33:32:605 SPRO_Omsk Обнаружена цель id:d996a3s координаты X:5730689 Y:4094544 тип:SAM скорость:83
06.04 15:33:37:090 RLS3_Dnepr Обнаружена цель id:adc21cs координаты X:6096540 Y:1099394 тип:SAM скорость:223
06.04 15:33:44:709 SPRO_Omsk Обнаружена цель id:2868edr координаты X:6890752 Y:3646489 тип:KR скорость:919
06.04 15:34:13:250 RLS1_Voronezh Обнаружена цель id:6b08e2s координаты X:2222476 Y:2087955 тип:SAM скорость:118
06.04 15:34:32:403 RLS1_Voronezh Обнаружена цель id:aed51cb координаты X:3236484 Y:2232792 тип:BB_BR скорость:8969
06.04 15:34:32:814 RLS2_Daryal Обнаружена цель id:9344f7r координаты X:10067091 Y:7462506 тип:KR скорость:887
06.04 15:34:33:280 RLS3_Dnepr Обнаружена цель id:8a3621r координаты X:8168724 Y:2094678 тип:KR скорость:493
06.04 15:34:37:945 SPRO_Omsk Обнаружена цель id:f86f99s координаты X:6237293 Y:3769211 тип:SAM скорость:168
06.04 15:35:02:382 SPRO_Omsk Обнаружена цель id:386d48r координаты X:6073740 Y:4326748 тип:KR скорость:540
06.04 15:35:33:074 RLS1_Voronezh Обнаружена цель id:0aa150b координаты X:1956905 Y:3655830 тип:BB_BR скорость:9148
06.04 15:35:33:409 RLS1_Voronezh цель движется в направлении СПРО id:0aa150b
06.04 15:36:02:852 RLS3_Dnepr Обнаружена цель id:9eb2bbs координаты X:7026256 Y:1972814 тип:SAM скорость:242
06.04 15:36:19:771 RLS3_Dnepr Обнаружена цель id:2b659es координаты X:6637041 Y:2553390 тип:SAM скорость:199
06.04 15:36:33:866 RLS3_Dnepr Обнаружена цель id:aac92bs координаты X:7054630 Y:2091507 тип:SAM скорость:218
06.04 15:37:02:270 RLS2_Daryal Обнаружена цель id:672e30s координаты X:11085824 Y:7018055 тип:SAM скорость:215
06.04 15:37:02:672 RLS3_Dnepr Обнаружена цель id:bf0aacb координаты X:5771860 Y:1787592 тип:BB_BR скорость:8391
06.04 15:37:03:093 RLS3_Dnepr цель движется в направлении СПРО id:bf0aacb
06.04 15:37:03:540 SPRO_Omsk Обнаружена цель id:8ce50fr координаты X:4675203 Y:3843712 тип:KR скорость:437
06.04 15:37:31:846 RLS1_Voronezh Обнаружена цель id:511e6cr координаты X:2333340 Y:2124900 тип:KR скорость:580
06.04 15:37:39:503 RLS1_Voronezh Обнаружена цель id:6b08e2s координаты X:2223484 Y:2092095 тип:SAM скорость:118
06.04 15:37:43:068 RLS3_Dnepr Обнаружена цель id:f41a6er координаты X:8173216 Y:2424254 тип:KR скорость:607
06.04 15:37:50:734 SPRO_Omsk Обнаружена цель id:4688dcb координаты X:6050712 Y:4718867 тип:BB_BR скорость:9744
06.04 15:37:51:192 SPRO_Omsk Стрельба по цели id:4688dcb тип:BB_BR AMMO:0
06.04 15:37:51:440 SPRO_Omsk Боекомплект исчерпан! Режим обнаружения
06.04 15:38:03:257 RLS1_Voronezh Обнаружена цель id:e177c4b координаты X:2572487 Y:2263352 тип:BB_BR скорость:9686
06.04 15:38:03:625 RLS1_Voronezh цель движется в направлении СПРО id:e177c4b
06.04 15:38:05:171 RLS3_Dnepr Обнаружена цель id:adc21cs координаты X:6106220 Y:1101242 тип:SAM скорость:223
06.04 15:38:15:971 SPRO_Omsk Обнаружена цель id:386d48r координаты X:6078525 Y:4309555 тип:KR скорость:540
06.04 15:38:32:115 RLS3_Dnepr Обнаружена цель id:8a3621r координаты X:8168490 Y:2113905 тип:KR скорость:493
06.04 15:38:32:464 SPRO_Omsk Обнаружена цель id:d864e4b координаты X:5095224 Y:4259968 тип:BB_BR скорость:9003
06.04 15:38:33:817 RLS2_Daryal Обнаружена цель id:672e30s координаты X:11083304 Y:7016030 тип:SAM скорость:215
06.04 15:38:34:198 SPRO_Omsk Цель id:4688dcb УНИЧТОЖЕНА (BB_BR)
06.04 15:39:32:073 SPRO_Omsk Обнаружена цель id:d996a3s координаты X:5728109 Y:4098864 тип:SAM скорость:83
06.04 15:39:44:778 RLS1_Voronezh Обнаружена цель id:511e6cr координаты X:2344081 Y:2132835 тип:KR скорость:580
06.04 15:39:49:210 RLS3_Dnepr Обнаружена цель id:f41a6er координаты X:8162256 Y:2429514 тип:KR скорость:607
06.04 15:40:04:085 RLS2_Daryal Обнаружена цель id:672e30s координаты X:11080784 Y:7014005 тип:SAM скорость:215
06.04 15:40:06:517 RLS1_Voronezh Обнаружена цель id:6b08e2s координаты X:2224128 Y:2094740 тип:SAM скорость:118
06.04 15:40:20:369 SPRO_Omsk Обнаружена цель id:4c297eb координаты X:5683557 Y:3740631 тип:BB_BR скорость:8872
06.04 15:40:35:544 SPRO_Omsk Обнаружена цель id:f7cefdr координаты X:6973175 Y:4012380 тип:KR скорость:401
06.04 15:40:40:053 RLS3_Dnepr Обнаружена цель id:8e9eb0b координаты X:8133040 Y:2784424 тип:BB_BR скорость:8099
06.04 15:40:40:396 RLS3_Dnepr цель движется в направлении СПРО id:8e9eb0b
06.04 15:41:03:743 RLS3_Dnepr Обнаружена цель id:bf0aacb координаты X:5576905 Y:2071066 тип:BB_BR скорость:8391
06.04 15:41:04:102 RLS3_Dnepr цель движется в направлении СПРО id:bf0aacb
06.04 15:41:04:604 SPRO_Omsk Обнаружена цель id:d0fbb0s координаты X:5924571 Y:4913346 тип:SAM скорость:179
06.04 15:41:15:287 SPRO_Omsk Обнаружена цель id:fb4805r координаты X:6365422 Y:3643076 тип:KR скорость:491
06.04 15:41:32:147 SPRO_Omsk НЕ ОТВЕЧАЕТ! Связь потеряна
06.04 15:41:33:677 SPRO_Omsk Обнаружена цель id:f748a2s координаты X:5266233 Y:2861595 тип:SAM скорость:117
06.04 15:41:46:412 SPRO_Omsk Обнаружена цель id:113b08b координаты X:5500856 Y:2718608 тип:BB_BR скорость:8370
06.04 15:41:47:745 SPRO_Omsk Боекомплект пополнен AMMO:10
06.04 15:41:49:274 RLS3_Dnepr Обнаружена цель id:f41a6er координаты X:8150748 Y:2435037 тип:KR скорость:607
06.04 15:42:01:820 SPRO_Omsk работоспособность восстановлена
06.04 15:42:09:401 RLS1_Voronezh Обнаружена цель id:511e6cr координаты X:2355289 Y:2141115 тип:KR скорость:580
06.04 15:42:09:719 RLS2_Daryal Обнаружена цель id:672e30s координаты X:11077256 Y:7011170 тип:SAM скорость:215
06.04 15:42:33:021 RLS1_Voronezh Обнаружена цель id:6b08e2s координаты X:2224828 Y:2097615 тип:SAM скорость:118
06.04 15:42:38:585 RLS3_Dnepr Обнаружена цель id:adc21cs координаты X:6116560 Y:1103216 тип:SAM скорость:223
06.04 15:42:40:995 RLS1_Voronezh Обнаружена цель id:e177c4b координаты X:2911216 Y:2567536 тип:BB_BR скорость:9686
06.04 15:42:41:351 RLS1_Voronezh цель движется в направлении СПРО id:e177c4b
06.04 15:43:03:791 RLS3_Dnepr Обнаружена цель id:8a3621r координаты X:8168214 Y:2136583 тип:KR скорость:493
06.04 15:43:14:502 SPRO_Omsk Обнаружена цель id:d996a3s координаты X:5726432 Y:4101672 тип:SAM скорость:83
06.04 15:43:33:836 RLS1_Voronezh Обнаружена цель id:569205r координаты X:2148231 Y:1311956 тип:KR скорость:283
06.04 15:43:34:331 SPRO_Omsk Обнаружена цель id:d864e4b координаты X:5102313 Y:3800866 тип:BB_BR скорость:9003
06.04 15:43:34:810 SPRO_Omsk Стрельба по цели id:d864e4b тип:BB_BR AMMO:9
06.04 15:43:50:769 RLS3_Dnepr Обнаружена цель id:f41a6er координаты X:8139788 Y:2440297 тип:KR скорость:607
06.04 15:44:14:187 SPRO_Omsk Цель id:d864e4b УНИЧТОЖЕНА (BB_BR)
06.04 15:44:33:825 SPRO_Omsk Обнаружена цель id:4c297eb координаты X:5535423 Y:3398709 тип:BB_BR скорость:8872
06.04 15:44:34:335 SPRO_Omsk Стрельба по цели id:4c297eb тип:BB_BR AMMO:8
06.04 15:45:13:860 SPRO_Omsk Цель id:4c297eb УНИЧТОЖЕНА (BB_BR)
06.04 15:45:21:541 RLS3_Dnepr Обнаружена цель id:adc21cs координаты X:6122500 Y:1104350 тип:SAM скорость:223
06.04 15:45:36:615 RLS3_Dnepr Обнаружена цель id:8a3621r координаты X:8168052 Y:2149894 тип:KR скорость:493
06.04 15:45:40:030 RLS1_Voronezh Обнаружена цель id:569205r координаты X:2150091 Y:1317316 тип:KR скорость:283
06.04 15:46:33:656 RLS1_Voronezh Обнаружена цель id:511e6cr координаты X:2376304 Y:2156640 тип:KR скорость:580
06.04 15:46:34:070 RLS2_Daryal Обнаружена цель id:10cb3cb координаты X:9074956 Y:7123696 тип:BB_BR скорость:9339
06.04 15:46:34:530 RLS3_Dnepr Обнаружена цель id:8e9eb0b координаты X:7797330 Y:2444348 тип:BB_BR скорость:8099
06.04 15:46:34:856 RLS3_Dnepr цель движется в направлении СПРО id:8e9eb0b
06.04 15:46:35:411 SPRO_Omsk Обнаружена цель id:f6c0a0b координаты X:4502288 Y:4416144 тип:BB_BR скорость:9742
06.04 15:46:35:830 SPRO_Omsk Стрельба по цели id:f6c0a0b тип:BB_BR AMMO:7
06.04 15:46:45:560 RLS3_Dnepr Обнаружена цель id:efae75s координаты X:6992650 Y:1780278 тип:SAM скорость:101
06.04 15:46:51:035 RLS1_Voronezh Обнаружена цель id:6b08e2s координаты X:2226032 Y:2102560 тип:SAM скорость:118
06.04 15:47:16:262 RLS1_Voronezh Обнаружена цель id:af436fs координаты X:3511630 Y:1685710 тип:SAM скорость:60
06.04 15:47:17:709 SPRO_Omsk Цель id:f6c0a0b УНИЧТОЖЕНА (BB_BR)
06.04 15:47:37:974 RLS3_Dnepr Обнаружена цель id:1418c4r координаты X:6250817 Y:2260591 тип:KR скорость:988
06.04 15:48:04:411 RLS1_Voronezh Обнаружена цель id:569205r координаты X:2152323 Y:1323748 тип:KR скорость:283
06.04 15:48:04:756 RLS3_Dnepr Обнаружена цель id:b4dc5dr координаты X:5322913 Y:2155442 тип:KR скорость:736
06.04 15:48:20:522 RLS1_Voronezh Обнаружена цель id:7d5aeas координаты X:1486737 Y:1286221 тип:SAM скорость:129
06.04 15:48:44:943 RLS3_Dnepr Обнаружена цель id:5063e8b координаты X:7569474 Y:2078876 тип:BB_BR скорость:9777
06.04 15:48:45:320 RLS3_Dnepr цель движется в направлении СПРО id:5063e8b
06.04 15:49:06:460 RLS3_Dnepr Обнаружена цель id:adc21cs координаты X:6128880 Y:1105568 тип:SAM скорость:223
06.04 15:49:16:137 RLS1_Voronezh Обнаружена цель id:511e6cr координаты X:2388913 Y:2165955 тип:KR скорость:580
06.04 15:49:21:673 RLS3_Dnepr Обнаружена цель id:8a3621r координаты X:8167824 Y:2168628 тип:KR скорость:493
06.04 15:49:34:674 RLS1_Voronezh Обнаружена цель id:6b08e2s координаты X:2226816 Y:2105780 тип:SAM скорость:118
06.04 15:49:37:038 RLS3_Dnepr Обнаружена цель id:68994es координаты X:5958101 Y:2182882 тип:SAM скорость:223
06.04 15:49:45:674 SPRO_Omsk Обнаружена цель id:7774c0b координаты X:6704134 Y:3627896 тип:BB_BR скорость:8282
06.04 15:49:46:035 SPRO_Omsk Стрельба по цели id:7774c0b тип:BB_BR AMMO:6
06.04 15:49:48:546 RLS1_Voronezh Обнаружена цель id:af436fs координаты X:3512218 Y:1687306 тип:SAM скорость:60
06.04 15:50:09:853 SPRO_Omsk Обнаружена цель id:1cf801b координаты X:4681890 Y:4427190 тип:BB_BR скорость:9497
06.04 15:50:10:281 SPRO_Omsk Стрельба по цели id:1cf801b тип:BB_BR AMMO:5
06.04 15:50:35:224 RLS3_Dnepr Обнаружена цель id:b4dc5dr координаты X:5341246 Y:2163164 тип:KR скорость:736
06.04 15:50:35:850 SPRO_Omsk Обнаружена цель id:113b08b координаты X:5125538 Y:3342659 тип:BB_BR скорость:8370
06.04 15:50:36:341 SPRO_Omsk Стрельба по цели id:113b08b тип:BB_BR AMMO:4
06.04 15:50:36:806 SPRO_Omsk ПРОМАХ по цели id:7774c0b (BB_BR)
06.04 15:50:48:788 SPRO_Omsk Цель id:113b08b УНИЧТОЖЕНА (BB_BR)
06.04 15:50:50:214 SPRO_Omsk Цель id:1cf801b УНИЧТОЖЕНА (BB_BR)
06.04 15:51:04:307 RLS3_Dnepr Обнаружена цель id:043a2es координаты X:8237039 Y:2344549 тип:SAM скорость:181
06.04 15:51:18:064 RLS3_Dnepr Обнаружена цель id:0cad2eb координаты X:7956091 Y:2980009 тип:BB_BR скорость:8937
06.04 15:51:18:459 RLS3_Dnepr цель движется в направлении СПРО id:0cad2eb
06.04 15:51:34:602 RLS1_Voronezh Обнаружена цель id:569205r координаты X:2155392 Y:1332592 тип:KR скорость:283
06.04 15:51:35:026 RLS2_Daryal Обнаружена цель id:10cb3cb координаты X:9056306 Y:7590296 тип:BB_BR скорость:9339
06.04 15:51:39:489 RLS1_Voronezh Обнаружена цель id:7d5aeas координаты X:1488948 Y:1289884 тип:SAM скорость:129
06.04 15:52:04:966 RLS1_Voronezh Обнаружена цель id:fe3c9bb координаты X:2159406 Y:1629554 тип:BB_BR скорость:8661
06.04 15:52:05:397 RLS1_Voronezh цель движется в направлении СПРО id:fe3c9bb
06.04 15:52:05:914 SPRO_Omsk Обнаружена цель id:7774c0b координаты X:6587954 Y:3745976 тип:BB_BR скорость:8282
06.04 15:52:06:377 SPRO_Omsk Стрельба по цели id:7774c0b тип:BB_BR AMMO:3
06.04 15:52:08:008 RLS3_Dnepr Обнаружена цель id:1e1d93r координаты X:6420242 Y:2514599 тип:KR скорость:949
06.04 15:52:34:449 RLS3_Dnepr Обнаружена цель id:556e2fb координаты X:8356327 Y:1269820 тип:BB_BR скорость:8381
06.04 15:52:34:860 RLS3_Dnepr цель движется в направлении СПРО id:556e2fb
06.04 15:52:37:210 SPRO_Omsk Цель id:7774c0b УНИЧТОЖЕНА (BB_BR)
06.04 15:52:44:767 RLS3_Dnepr Обнаружена цель id:68994es координаты X:5957231 Y:2189542 тип:SAM скорость:223
06.04 15:52:50:294 RLS1_Voronezh Обнаружена цель id:1297fds координаты X:1404060 Y:1736480 тип:SAM скорость:246
06.04 15:52:50:813 SPRO_Omsk Обнаружена цель id:a6d0f6b координаты X:6181491 Y:5011727 тип:BB_BR скорость:8262
06.04 15:52:51:274 SPRO_Omsk Стрельба по цели id:a6d0f6b тип:BB_BR AMMO:2
06.04 15:53:12:552 RLS1_Voronezh Обнаружена цель id:4d2be5b координаты X:4198416 Y:1177656 тип:BB_BR скорость:8525
06.04 15:53:13:917 RLS1_Voronezh цель движется в направлении СПРО id:4d2be5b
06.04 15:53:14:400 SPRO_Omsk Обнаружена цель id:293698r координаты X:5354627 Y:3235118 тип:KR скорость:740
06.04 15:53:34:848 SPRO_Omsk Обнаружена цель id:e47a61b координаты X:5269472 Y:3632144 тип:BB_BR скорость:8844
06.04 15:53:35:260 SPRO_Omsk Стрельба по цели id:e47a61b тип:BB_BR AMMO:1
06.04 15:53:35:646 SPRO_Omsk Цель id:a6d0f6b УНИЧТОЖЕНА (BB_BR)
06.04 15:53:36:221 ZRDN2_Volgograd Обнаружена цель id:2f7fd3b координаты X:3487610 Y:3349455 тип:BB_BR скорость:8436
06.04 15:53:42:942 RLS3_Dnepr Обнаружена цель id:b4dc5dr координаты X:5361616 Y:2171744 тип:KR скорость:736
06.04 15:54:04:309 RLS3_Dnepr Обнаружена цель id:a9f5b4r координаты X:5965745 Y:1124388 тип:KR скорость:856
06.04 15:54:05:807 RLS1_Voronezh Обнаружена цель id:1fe8e7b координаты X:3752672 Y:1808664 тип:BB_BR скорость:8057
06.04 15:54:06:201 RLS1_Voronezh цель движется в направлении СПРО id:1fe8e7b
06.04 15:54:12:881 SPRO_Omsk ПРОМАХ по цели id:e47a61b (BB_BR)
06.04 15:54:34:137 RLS3_Dnepr Обнаружена цель id:b746f3b координаты X:8378945 Y:2304945 тип:BB_BR скорость:8465
06.04 15:54:34:435 RLS3_Dnepr цель движется в направлении СПРО id:b746f3b
06.04 15:55:13:261 RLS3_Dnepr Обнаружена цель id:5063e8b координаты X:7184607 Y:2559818 тип:BB_BR скорость:9777
06.04 15:55:13:699 RLS3_Dnepr цель движется в направлении СПРО id:5063e8b
06.04 15:55:34:988 RLS1_Voronezh Обнаружена цель id:569205r координаты X:2159112 Y:1343312 тип:KR скорость:283
06.04 15:55:35:365 RLS3_Dnepr Обнаружена цель id:de9912s координаты X:8144912 Y:2388024 тип:SAM скорость:92
06.04 15:55:43:938 RLS1_Voronezh Обнаружена цель id:201c30b координаты X:3109298 Y:1625724 тип:BB_BR скорость:8953
06.04 15:55:44:233 RLS1_Voronezh цель движется в направлении СПРО id:201c30b
06.04 15:55:45:648 RLS3_Dnepr Обнаружена цель id:7e7a5ab координаты X:8720177 Y:2517349 тип:BB_BR скорость:8459
06.04 15:56:05:604 RLS1_Voronezh Обнаружена цель id:7d5aeas координаты X:1491762 Y:1294546 тип:SAM скорость:129
06.04 15:56:09:152 SPRO_Omsk Обнаружена цель id:d0c2dfr координаты X:5872404 Y:4969508 тип:KR скорость:740
06.04 15:56:15:698 ZRDN2_Volgograd Обнаружена цель id:2f7fd3b координаты X:3638684 Y:3442002 тип:BB_BR скорость:8436
06.04 15:56:23:303 RLS1_Voronezh Обнаружена цель id:fe3c9bb координаты X:2170672 Y:2001848 тип:BB_BR скорость:8661
06.04 15:56:23:628 RLS1_Voronezh цель движется в направлении СПРО id:fe3c9bb
06.04 15:56:36:761 RLS2_Daryal Обнаружена цель id:7f2740s координаты X:10152736 Y:7867224 тип:SAM скорость:102
06.04 15:56:38:183 RLS3_Dnepr Обнаружена цель id:b60bf5s координаты X:6037350 Y:2132938 тип:SAM скорость:71
06.04 15:56:54:921 RLS3_Dnepr Обнаружена цель id:556e2fb координаты X:8055851 Y:1483660 тип:BB_BR скорость:8381
06.04 15:56:55:278 RLS3_Dnepr цель движется в направлении СПРО id:556e2fb
06.04 15:56:55:680 ZRDN3_Mahachkala Обнаружена цель id:1fe8e7b координаты X:3848140 Y:2021930 тип:BB_BR скорость:8057
06.04 15:57:16:818 RLS3_Dnepr Обнаружена цель id:68994es координаты X:5955955 Y:2199310 тип:SAM скорость:223
06.04 15:57:36:181 RLS1_Voronezh Обнаружена цель id:af436fs координаты X:3513814 Y:1691638 тип:SAM скорость:60
06.04 15:57:36:726 SPRO_Omsk Обнаружена цель id:293698r координаты X:5357192 Y:3268328 тип:KR скорость:740
06.04 15:57:48:412 RLS1_Voronezh Обнаружена цель id:4d2be5b координаты X:4453814 Y:1486399 тип:BB_BR скорость:8525
06.04 15:57:48:812 RLS1_Voronezh цель движется в направлении СПРО id:4d2be5b
06.04 15:58:05:631 RLS2_Daryal Обнаружена цель id:7f2740s координаты X:10152241 Y:7865769 тип:SAM скорость:102
06.04 15:58:13:219 RLS3_Dnepr Обнаружена цель id:5063e8b координаты X:7001337 Y:2788838 тип:BB_BR скорость:9777
06.04 15:58:13:598 RLS3_Dnepr цель движется в направлении СПРО id:5063e8b
06.04 15:58:36:989 SPRO_Omsk Обнаружена цель id:600e3er координаты X:5327432 Y:3689320 тип:KR скорость:395
06.04 15:59:06:250 RLS3_Dnepr Обнаружена цель id:369ab8r координаты X:9343966 Y:1418533 тип:KR скорость:866
06.04 15:59:19:073 RLS3_Dnepr Обнаружена цель id:043a2es координаты X:8234404 Y:2359764 тип:SAM скорость:181
06.04 15:59:21:619 SPRO_Omsk Обнаружена цель id:293698r координаты X:5358275 Y:3282350 тип:KR скорость:740
06.04 15:59:36:662 RLS3_Dnepr Обнаружена цель id:0cad2eb координаты X:7639114 Y:2309286 тип:BB_BR скорость:8937
06.04 15:59:38:155 SPRO_Omsk Обнаружена цель id:d905a4s координаты X:5374196 Y:4140354 тип:SAM скорость:134
06.04 16:00:06:697 SPRO_Omsk Обнаружена цель id:230c54s координаты X:4927520 Y:4583380 тип:SAM скорость:131
06.04 16:00:10:128 RLS2_Daryal Обнаружена цель id:9918acs координаты X:8822712 Y:7217462 тип:SAM скорость:141
06.04 16:00:22:780 RLS2_Daryal Обнаружена цель id:7f2740s координаты X:10151581 Y:7863829 тип:SAM скорость:102
06.04 16:00:36:749 RLS3_Dnepr Обнаружена цель id:5063e8b координаты X:6848612 Y:2979688 тип:BB_BR скорость:9777
06.04 16:00:37:051 RLS3_Dnepr цель движется в направлении СПРО id:5063e8b
06.04 16:00:38:454 RLS1_Voronezh Обнаружена цель id:af436fs координаты X:3514486 Y:1693462 тип:SAM скорость:60
06.04 16:00:46:072 SPRO_Omsk Обнаружена цель id:600e3er координаты X:5321864 Y:3681640 тип:KR скорость:395
06.04 16:01:20:657 RLS3_Dnepr Обнаружена цель id:b60bf5s координаты X:6038575 Y:2136221 тип:SAM скорость:71
06.04 16:01:36:902 SPRO_Omsk Обнаружена цель id:20c556b координаты X:4950496 Y:3210066 тип:BB_BR скорость:9868
06.04 16:01:37:264 SPRO_Omsk Стрельба по цели id:20c556b тип:BB_BR AMMO:0
06.04 16:01:38:655 SPRO_Omsk Боекомплект исчерпан! Режим обнаружения
06.04 16:02:05:836 SPRO_Omsk Обнаружена цель id:706718s координаты X:5251889 Y:4522024 тип:SAM скорость:154
06.04 16:02:11:459 RLS1_Voronezh Обнаружена цель id:fe3c9bb координаты X:2186654 Y:2529986 тип:BB_BR скорость:8661
06.04 16:02:11:763 RLS1_Voronezh цель движется в направлении СПРО id:fe3c9bb
06.04 16:02:17:521 SPRO_Omsk Обнаружена цель id:293698r координаты X:5359985 Y:3304490 тип:KR скорость:740
06.04 16:02:18:950 RLS3_Dnepr Обнаружена цель id:d8c6f4b координаты X:7873270 Y:2100554 тип:BB_BR скорость:8494
06.04 16:02:19:335 RLS3_Dnepr цель движется в направлении СПРО id:d8c6f4b
06.04 16:02:20:793 SPRO_Omsk Цель id:20c556b УНИЧТОЖЕНА (BB_BR)
06.04 16:02:25:347 ZRDN3_Mahachkala Обнаружена цель id:1fe8e7b координаты X:4035784 Y:2441108 тип:BB_BR скорость:8057
06.04 16:02:37:374 RLS3_Dnepr Обнаружена цель id:a9f5b4r координаты X:5915460 Y:1181704 тип:KR скорость:856
06.04 16:02:37:848 SPRO_Omsk Обнаружена цель id:d905a4s координаты X:5371736 Y:4143564 тип:SAM скорость:134
06.04 16:02:53:602 RLS3_Dnepr Обнаружена цель id:b746f3b координаты X:8099752 Y:3004752 тип:BB_BR скорость:8465
06.04 16:02:54:011 SPRO_Omsk Обнаружена цель id:230c54s координаты X:4928120 Y:4587280 тип:SAM скорость:131
06.04 16:02:55:455 RLS3_Dnepr цель движется в направлении СПРО id:b746f3b
06.04 16:03:07:267 RLS2_Daryal Обнаружена цель id:9918acs координаты X:8822232 Y:7213232 тип:SAM скорость:141
06.04 16:03:11:766 RLS3_Dnepr Обнаружена цель id:556e2fb координаты X:7611966 Y:1799560 тип:BB_BR скорость:8381
06.04 16:03:12:138 RLS3_Dnepr цель движется в направлении СПРО id:556e2fb
06.04 16:03:35:838 RLS3_Dnepr НЕ ОТВЕЧАЕТ! Связь потеряна
06.04 16:03:37:640 RLS1_Voronezh Обнаружена цель id:fe3c9bb координаты X:2190322 Y:2651198 тип:BB_BR скорость:8661
06.04 16:03:38:061 RLS1_Voronezh цель движется в направлении СПРО id:fe3c9bb
06.04 16:03:38:550 RLS3_Dnepr Обнаружена цель id:68994es координаты X:5954070 Y:2213740 тип:SAM скорость:223
06.04 16:03:43:085 SPRO_Omsk Обнаружена цель id:5063e8b координаты X:6647015 Y:3231610 тип:BB_BR скорость:9777
06.04 16:03:44:495 RLS3_Dnepr Обнаружена цель id:7e7a5ab координаты X:8537549 Y:1900913 тип:BB_BR скорость:8459
06.04 16:04:06:005 RLS3_Dnepr работоспособность восстановлена
06.04 16:04:07:762 SPRO_Omsk Обнаружена цель id:600e3er координаты X:5314208 Y:3671080 тип:KR скорость:395
06.04 16:04:08:078 SPRO_Omsk Боекомплект пополнен AMMO:10
06.04 16:04:23:872 ZRDN3_Mahachkala Обнаружена цель id:1fe8e7b координаты X:4104916 Y:2595542 тип:BB_BR скорость:8057
06.04 16:04:37:915 RLS3_Dnepr Обнаружена цель id:d33cbab координаты X:5469280 Y:2076740 тип:BB_BR скорость:9697
06.04 16:04:38:269 RLS3_Dnepr цель движется в направлении СПРО id:d33cbab
06.04 16:04:54:146 RLS3_Dnepr Обнаружена цель id:043a2es координаты X:8232637 Y:2369967 тип:SAM скорость:181
06.04 16:05:07:183 SPRO_Omsk Обнаружена цель id:706718s координаты X:5255206 Y:4525496 тип:SAM скорость:154
06.04 16:05:10:717 RLS3_Dnepr Обнаружена цель id:50eades координаты X:7226320 Y:1592721 тип:SAM скорость:134
06.04 16:05:14:325 SPRO_Omsk Обнаружена цель id:d905a4s координаты X:5369440 Y:4146560 тип:SAM скорость:134
06.04 16:05:37:733 RLS3_Dnepr Обнаружена цель id:9aeec1s координаты X:8211465 Y:2837020 тип:SAM скорость:199
06.04 16:06:12:185 RLS2_Daryal Обнаружена цель id:9918acs координаты X:8821704 Y:7208579 тип:SAM скорость:141
06.04 16:06:42:985 SPRO_Omsk Обнаружена цель id:6e86e9b координаты X:5749823 Y:5023970 тип:BB_BR скорость:8586
06.04 16:06:43:342 SPRO_Omsk Стрельба по цели id:6e86e9b тип:BB_BR AMMO:9
06.04 16:07:07:785 SPRO_Omsk Обнаружена цель id:5e2c33s координаты X:5952252 Y:3686712 тип:SAM скорость:109
06.04 16:07:08:346 ZRDN3_Mahachkala Обнаружена цель id:1fe8e7b координаты X:4193800 Y:2794100 тип:BB_BR скорость:8057
06.04 16:07:23:190 SPRO_Omsk ПРОМАХ по цели id:6e86e9b (BB_BR)
06.04 16:07:37:099 RLS3_Dnepr Обнаружена цель id:d8c6f4b координаты X:7634240 Y:2482048 тип:BB_BR скорость:8494
06.04 16:07:37:459 RLS3_Dnepr цель движется в направлении СПРО id:d8c6f4b
06.04 16:07:37:883 ZRDN1_Orenburg Обнаружена цель id:1fe8e7b координаты X:4206968 Y:2823516 тип:BB_BR скорость:8057
06.04 16:07:40:284 RLS2_Daryal Обнаружена цель id:1022afs координаты X:10707892 Y:7889818 тип:SAM скорость:197
06.04 16:07:49:892 RLS3_Dnepr Обнаружена цель id:a9f5b4r координаты X:5888905 Y:1211972 тип:KR скорость:856
06.04 16:08:06:914 RLS3_Dnepr Обнаружена цель id:9aeec1s координаты X:8208839 Y:2841492 тип:SAM скорость:199
06.04 16:08:07:335 SPRO_Omsk Обнаружена цель id:d33cbab координаты X:5298056 Y:2358498 тип:BB_BR скорость:9697
06.04 16:08:07:821 SPRO_Omsk Стрельба по цели id:d33cbab тип:BB_BR AMMO:8
06.04 16:08:15:487 SPRO_Omsk Обнаружена цель id:b41e30b координаты X:6632741 Y:3862049 тип:BB_BR скорость:8684
06.04 16:08:16:928 SPRO_Omsk Стрельба по цели id:b41e30b тип:BB_BR AMMO:7
06.04 16:08:37:792 RLS2_Daryal Обнаружена цель id:9918acs координаты X:8821336 Y:7205336 тип:SAM скорость:141
06.04 16:08:41:261 SPRO_Omsk ПРОМАХ по цели id:d33cbab (BB_BR)
06.04 16:09:07:676 SPRO_Omsk Цель id:b41e30b УНИЧТОЖЕНА (BB_BR)
06.04 16:09:09:129 RLS3_Dnepr Обнаружена цель id:522a48r координаты X:6361960 Y:2527210 тип:KR скорость:349
06.04 16:09:16:676 SPRO_Omsk Обнаружена цель id:230c54s координаты X:4929400 Y:4595600 тип:SAM скорость:131
06.04 16:09:22:161 RLS3_Dnepr Обнаружена цель id:b60bf5s координаты X:6040600 Y:2141648 тип:SAM скорость:71
06.04 16:09:37:484 SPRO_Omsk Обнаружена цель id:35efb8r координаты X:5005598 Y:4527808 тип:KR скорость:343
06.04 16:09:47:073 RLS1_Voronezh Обнаружена цель id:fe3c9bb координаты X:2206566 Y:3187994 тип:BB_BR скорость:8661
06.04 16:09:48:465 RLS1_Voronezh цель движется в направлении СПРО id:fe3c9bb
06.04 16:10:07:468 RLS2_Daryal Обнаружена цель id:1022afs координаты X:10707478 Y:7885287 тип:SAM скорость:197
06.04 16:10:12:992 RLS3_Dnepr Обнаружена цель id:b0421ar координаты X:7159959 Y:2071008 тип:KR скорость:874
06.04 16:10:22:732 SPRO_Omsk Обнаружена цель id:706718s координаты X:5261091 Y:4531656 тип:SAM скорость:154
06.04 16:10:40:963 SPRO_Omsk Обнаружена цель id:d905a4s координаты X:5365094 Y:4152231 тип:SAM скорость:134
06.04 16:11:08:231 RLS3_Dnepr Обнаружена цель id:200eecr координаты X:7186164 Y:1408521 тип:KR скорость:264
06.04 16:11:19:933 ZRDN1_Orenburg Обнаружена цель id:1fe8e7b координаты X:4332064 Y:3102968 тип:BB_BR скорость:8057
06.04 16:11:50:604 RLS1_Voronezh Обнаружена цель id:fe3c9bb координаты X:2212068 Y:3369812 тип:BB_BR скорость:8661
06.04 16:11:50:934 RLS1_Voronezh цель движется в направлении СПРО id:fe3c9bb
06.04 16:12:11:231 SPRO_Omsk Обнаружена цель id:5063e8b координаты X:6127750 Y:3880500 тип:BB_BR скорость:9777
06.04 16:12:11:649 SPRO_Omsk Стрельба по цели id:5063e8b тип:BB_BR AMMO:6
06.04 16:12:37:230 RLS3_Dnepr Обнаружена цель id:bab56dr координаты X:7119890 Y:2461118 тип:KR скорость:754
06.04 16:12:55:133 SPRO_Omsk Цель id:5063e8b УНИЧТОЖЕНА (BB_BR)
06.04 16:12:56:516 ZRDN1_Orenburg Обнаружена цель id:1fe8e7b координаты X:4381444 Y:3213278 тип:BB_BR скорость:8057
06.04 16:13:08:269 RLS3_Dnepr Обнаружена цель id:200eecr координаты X:7182696 Y:1411394 тип:KR скорость:264
06.04 16:13:10:710 SPRO_Omsk Обнаружена цель id:1fe8e7b координаты X:4391320 Y:3235340 тип:BB_BR скорость:8057
06.04 16:13:11:139 SPRO_Omsk Стрельба по цели id:1fe8e7b тип:BB_BR AMMO:5
06.04 16:13:13:623 RLS3_Dnepr Обнаружена цель id:b0421ar координаты X:7134069 Y:2075328 тип:KR скорость:874
06.04 16:13:16:044 RLS2_Daryal Обнаружена цель id:1022afs координаты X:10706902 Y:7878983 тип:SAM скорость:197
06.04 16:13:20:657 ZRDN2_Volgograd Обнаружена цель id:d42dd0s координаты X:3874077 Y:3068560 тип:SAM скорость:80
06.04 16:13:21:064 ZRDN2_Volgograd Стрельба по цели id:d42dd0s тип:SAM AMMO:19
06.04 16:13:26:721 SPRO_Omsk Обнаружена цель id:d33cbab координаты X:5021076 Y:2814283 тип:BB_BR скорость:9697
06.04 16:13:27:254 SPRO_Omsk Стрельба по цели id:d33cbab тип:BB_BR AMMO:4
06.04 16:13:49:240 SPRO_Omsk Обнаружена цель id:6e86e9b координаты X:5874428 Y:4479920 тип:BB_BR скорость:8586
06.04 16:13:50:797 SPRO_Omsk Стрельба по цели id:6e86e9b тип:BB_BR AMMO:3
06.04 16:13:53:394 SPRO_Omsk Цель id:1fe8e7b УНИЧТОЖЕНА (BB_BR)
06.04 16:14:11:593 ZRDN2_Volgograd Цель id:d42dd0s УНИЧТОЖЕНА (SAM)
06.04 16:14:18:209 SPRO_Omsk Цель id:6e86e9b УНИЧТОЖЕНА (BB_BR)
06.04 16:14:18:633 SPRO_Omsk Обнаружена цель id:5e2c33s координаты X:5949906 Y:3679536 тип:SAM скорость:109
06.04 16:14:19:999 RLS3_Dnepr Обнаружена цель id:14462bs координаты X:7132624 Y:1129608 тип:SAM скорость:167
06.04 16:14:20:312 SPRO_Omsk Цель id:d33cbab УНИЧТОЖЕНА (BB_BR)
06.04 16:15:08:880 RLS3_Dnepr Обнаружена цель id:b0421ar координаты X:7120261 Y:2077632 тип:KR скорость:874
06.04 16:15:20:491 RLS2_Daryal Обнаружена цель id:9d586cs координаты X:11046159 Y:7038173 тип:SAM скорость:69
06.04 16:15:38:779 SPRO_Omsk Обнаружена цель id:296712b координаты X:5109380 Y:2840165 тип:BB_BR скорость:8307
06.04 16:15:39:246 SPRO_Omsk Стрельба по цели id:296712b тип:BB_BR AMMO:2
06.04 16:15:54:258 SPRO_Omsk Обнаружена цель id:35efb8r координаты X:5021275 Y:4513900 тип:KR скорость:343
06.04 16:16:20:804 SPRO_Omsk ПРОМАХ по цели id:296712b (BB_BR)
06.04 16:16:38:183 RLS3_Dnepr Обнаружена цель id:bab56dr координаты X:7142880 Y:2478256 тип:KR скорость:754
06.04 16:16:50:876 RLS3_Dnepr Обнаружена цель id:200eecr координаты X:7174944 Y:1417816 тип:KR скорость:264
06.04 16:17:10:802 RLS3_Dnepr Обнаружена цель id:14462bs координаты X:7133755 Y:1134335 тип:SAM скорость:167
06.04 16:17:21:554 SPRO_Omsk Обнаружена цель id:4b631cb координаты X:5676092 Y:4639072 тип:BB_BR скорость:9714
06.04 16:17:21:961 SPRO_Omsk Стрельба по цели id:4b631cb тип:BB_BR AMMO:1
06.04 16:17:23:477 RLS2_Daryal Обнаружена цель id:9d586cs координаты X:11045579 Y:7036913 тип:SAM скорость:69
06.04 16:17:38:867 SPRO_Omsk Обнаружена цель id:bfdfb0b координаты X:6405216 Y:3635640 тип:BB_BR скорость:8146
06.04 16:17:39:294 SPRO_Omsk Стрельба по цели id:bfdfb0b тип:BB_BR AMMO:0
06.04 16:17:39:539 SPRO_Omsk Боекомплект исчерпан! Режим обнаружения
06.04 16:18:07:997 SPRO_Omsk Обнаружена цель id:5e2c33s координаты X:5948648 Y:3675688 тип:SAM скорость:109
06.04 16:18:08:347 SPRO_Omsk Цель id:4b631cb УНИЧТОЖЕНА (BB_BR)
06.04 16:18:10:905 RLS3_Dnepr Обнаружена цель id:ab18ecr координаты X:7764378 Y:2436558 тип:KR скорость:485
06.04 16:18:26:789 SPRO_Omsk Цель id:bfdfb0b УНИЧТОЖЕНА (BB_BR)
06.04 16:18:52:159 SPRO_Omsk Обнаружена цель id:a1f89cb координаты X:6739391 Y:4408516 тип:BB_BR скорость:8388
06.04 16:19:42:960 SPRO_Omsk Обнаружена цель id:5e2c33s координаты X:5948036 Y:3673816 тип:SAM скорость:109
06.04 16:19:44:310 SPRO_Omsk Боекомплект пополнен AMMO:10
06.04 16:20:08:682 RLS2_Daryal Обнаружена цель id:9d586cs координаты X:11044825 Y:7035275 тип:SAM скорость:69
06.04 16:20:11:125 RLS3_Dnepr Обнаружена цель id:bab56dr координаты X:7164055 Y:2494041 тип:KR скорость:754
06.04 16:20:38:401 RLS3_Dnepr Обнаружена цель id:200eecr координаты X:7167804 Y:1423731 тип:KR скорость:264
06.04 16:20:38:789 SPRO_Omsk Обнаружена цель id:6aa1cfr координаты X:5232998 Y:4450764 тип:KR скорость:554
06.04 16:20:43:247 RLS3_Dnepr Обнаружена цель id:b69c00r координаты X:5121096 Y:2027816 тип:KR скорость:922
06.04 16:20:55:016 SPRO_Omsk Обнаружена цель id:37f4fbr координаты X:5519630 Y:3780829 тип:KR скорость:820
06.04 16:21:07:860 RLS3_Dnepr Обнаружена цель id:14462bs координаты X:7135237 Y:1140529 тип:SAM скорость:167
06.04 16:21:16:451 SPRO_Omsk Обнаружена цель id:35efb8r координаты X:5034896 Y:4501816 тип:KR скорость:343
06.04 16:21:21:939 RLS3_Dnepr Обнаружена цель id:b0421ar координаты X:7066755 Y:2086560 тип:KR скорость:874
06.04 16:22:08:315 RLS2_Daryal Обнаружена цель id:9d586cs координаты X:11044216 Y:7033952 тип:SAM скорость:69
06.04 16:22:09:765 SPRO_Omsk Обнаружена цель id:5e2c33s координаты X:5947322 Y:3671632 тип:SAM скорость:109
06.04 16:22:18:413 RLS3_Dnepr Обнаружена цель id:1193fcb координаты X:7166298 Y:1425186 тип:BB_BR скорость:8477
06.04 16:22:38:675 RLS1_Voronezh Обнаружена цель id:ffab96r координаты X:2145137 Y:1357603 тип:KR скорость:697
06.04 16:22:38:985 RLS3_Dnepr Обнаружена цель id:6a0581r координаты X:7126755 Y:2451030 тип:KR скорость:951
06.04 16:23:08:540 SPRO_Omsk Обнаружена цель id:6aa1cfr координаты X:5228630 Y:4463340 тип:KR скорость:554
06.04 16:23:25:277 RLS3_Dnepr Обнаружена цель id:3cbb9cb координаты X:7141197 Y:2613517 тип:BB_BR скорость:9177
06.04 16:23:25:514 RLS3_Dnepr цель движется в направлении СПРО id:3cbb9cb
06.04 16:23:52:070 SPRO_Omsk Обнаружена цель id:b89454b координаты X:5809104 Y:3581800 тип:BB_BR скорость:9116
06.04 16:23:52:554 SPRO_Omsk Стрельба по цели id:b89454b тип:BB_BR AMMO:9
06.04 16:24:15:735 RLS1_Voronezh Обнаружена цель id:06a04fb координаты X:4034308 Y:1360608 тип:BB_BR скорость:9447
06.04 16:24:16:130 RLS1_Voronezh цель движется в направлении СПРО id:06a04fb
06.04 16:24:17:586 RLS2_Daryal Обнаружена цель id:9d586cs координаты X:11043607 Y:7032629 тип:SAM скорость:69
06.04 16:24:18:078 SPRO_Omsk Обнаружена цель id:bf5116r координаты X:6622030 Y:3522524 тип:KR скорость:257
06.04 16:24:22:578 RLS3_Dnepr Обнаружена цель id:6a0581r координаты X:7110609 Y:2456754 тип:KR скорость:951
06.04 16:24:38:914 RLS1_Voronezh Обнаружена цель id:ffab96r координаты X:2155568 Y:1365792 тип:KR скорость:697
06.04 16:24:39:369 SPRO_Omsk Обнаружена цель id:37f4fbr координаты X:5523700 Y:3810910 тип:KR скорость:820
06.04 16:24:39:738 SPRO_Omsk ПРОМАХ по цели id:b89454b (BB_BR)
06.04 16:25:17:189 RLS3_Dnepr Обнаружена цель id:ab18ecr координаты X:7768194 Y:2471334 тип:KR скорость:485
06.04 16:25:38:860 RLS3_Dnepr Обнаружена цель id:e08196s координаты X:9074032 Y:1463560 тип:SAM скорость:73
06.04 16:26:08:233 SPRO_Omsk Обнаружена цель id:d3ff90r координаты X:5644040 Y:4612589 тип:KR скорость:720
06.04 16:26:12:757 ZRDN3_Mahachkala Обнаружена цель id:1a111ar координаты X:3704504 Y:2821536 тип:KR скорость:759
06.04 16:26:13:134 ZRDN3_Mahachkala Стрельба по цели id:1a111ar тип:KR AMMO:15
06.04 16:26:27:050 ZRDN2_Volgograd Обнаружена цель id:1a111ar координаты X:3705443 Y:2823612 тип:KR скорость:759
06.04 16:26:27:469 ZRDN2_Volgograd Стрельба по цели id:1a111ar тип:KR AMMO:18
06.04 16:26:39:809 RLS1_Voronezh Обнаружена цель id:ffab96r координаты X:2167097 Y:1374843 тип:KR скорость:697
06.04 16:26:40:361 RLS3_Dnepr Обнаружена цель id:7dd347b координаты X:6806772 Y:1225084 тип:BB_BR скорость:8055
06.04 16:26:40:805 RLS3_Dnepr цель движется в направлении СПРО id:7dd347b
06.04 16:26:49:510 RLS3_Dnepr Обнаружена цель id:6a0581r координаты X:7089081 Y:2464386 тип:KR скорость:951
06.04 16:26:53:037 ZRDN3_Mahachkala Цель id:1a111ar УНИЧТОЖЕНА (KR)
06.04 16:27:08:235 SPRO_Omsk Обнаружена цель id:b89454b координаты X:6065484 Y:3486550 тип:BB_BR скорость:9116
06.04 16:27:08:813 SPRO_Omsk Стрельба по цели id:b89454b тип:BB_BR AMMO:8
06.04 16:27:16:529 ZRDN2_Volgograd Цель id:1a111ar УНИЧТОЖЕНА (KR)
06.04 16:27:24:289 SPRO_Omsk Обнаружена цель id:8bd0abs координаты X:5475924 Y:2562134 тип:SAM скорость:105
06.04 16:27:38:508 SPRO_Omsk Обнаружена цель id:6aa1cfr координаты X:5220258 Y:4487444 тип:KR скорость:554
06.04 16:27:41:920 SPRO_Omsk ПРОМАХ по цели id:b89454b (BB_BR)
06.04 16:27:43:422 RLS3_Dnepr Обнаружена цель id:ab18ecr координаты X:7769466 Y:2482926 тип:KR скорость:485
06.04 16:27:53:045 SPRO_Omsk Обнаружена цель id:37f4fbr координаты X:5527220 Y:3836926 тип:KR скорость:820
06.04 16:28:08:070 RLS3_Dnepr Обнаружена цель id:7af2c4r координаты X:7653100 Y:1603775 тип:KR скорость:868
06.04 16:28:13:649 RLS1_Voronezh Обнаружена цель id:06a04fb координаты X:4153024 Y:1709424 тип:BB_BR скорость:9447
06.04 16:28:13:961 RLS1_Voronezh цель движется в направлении СПРО id:06a04fb
06.04 16:28:20:476 RLS3_Dnepr Обнаружена цель id:e08196s координаты X:9072482 Y:1464560 тип:SAM скорость:73
06.04 16:28:42:927 SPRO_Omsk Обнаружена цель id:d3ff90r координаты X:5655480 Y:4597743 тип:KR скорость:720
06.04 16:29:12:388 RLS3_Dnepr Обнаружена цель id:1193fcb координаты X:7670481 Y:1721817 тип:BB_BR скорость:8477
06.04 16:29:38:770 RLS3_Dnepr Обнаружена цель id:200eecr координаты X:7149444 Y:1438941 тип:KR скорость:264
06.04 16:29:39:220 SPRO_Omsk Обнаружена цель id:b89454b координаты X:6296226 Y:3400825 тип:BB_BR скорость:9116
06.04 16:29:39:621 SPRO_Omsk Стрельба по цели id:b89454b тип:BB_BR AMMO:7
06.04 16:29:41:072 RLS1_Voronezh Обнаружена цель id:e4d207r координаты X:1418036 Y:2123214 тип:KR скорость:833
06.04 16:29:46:676 RLS3_Dnepr Обнаружена цель id:556164s координаты X:7239504 Y:1311257 тип:SAM скорость:161
06.04 16:30:08:170 RLS1_Voronezh Обнаружена цель id:208c58s координаты X:3362212 Y:2003254 тип:SAM скорость:156
06.04 16:30:08:792 SPRO_Omsk Обнаружена цель id:bf5116r координаты X:6609150 Y:3529020 тип:KR скорость:257
06.04 16:30:25:876 SPRO_Omsk Обнаружена цель id:8bd0abs координаты X:5477184 Y:2565044 тип:SAM скорость:105
06.04 16:30:38:782 SPRO_Omsk Цель id:b89454b УНИЧТОЖЕНА (BB_BR)
06.04 16:30:40:211 SPRO_Omsk Обнаружена цель id:37f4fbr координаты X:5530300 Y:3859690 тип:KR скорость:820
06.04 16:30:43:809 RLS3_Dnepr Обнаружена цель id:8a4a42b координаты X:7884375 Y:3129925 тип:BB_BR скорость:9371
06.04 16:30:44:144 RLS3_Dnepr цель движется в направлении СПРО id:8a4a42b
06.04 16:30:51:743 ZRDN2_Volgograd Обнаружена цель id:7ba9b3b координаты X:3606779 Y:3261964 тип:BB_BR скорость:9764
06.04 16:31:08:829 RLS3_Dnepr Обнаружена цель id:c22b7eb координаты X:9634660 Y:2138635 тип:BB_BR скорость:8983
06.04 16:31:09:228 RLS3_Dnepr цель движется в направлении СПРО id:c22b7eb
06.04 16:31:52:291 RLS3_Dnepr Обнаружена цель id:1193fcb координаты X:7860463 Y:1833591 тип:BB_BR скорость:8477
06.04 16:32:08:185 SPRO_Omsk Обнаружена цель id:d3ff90r координаты X:5670000 Y:4578900 тип:KR скорость:720
06.04 16:32:11:635 RLS3_Dnepr Обнаружена цель id:535c45b координаты X:6845967 Y:1670048 тип:BB_BR скорость:8370
06.04 16:32:11:971 RLS3_Dnepr цель движется в направлении СПРО id:535c45b
06.04 16:32:25:708 RLS2_Daryal Обнаружена цель id:32b1e1b координаты X:8758196 Y:7508361 тип:BB_BR скорость:9550
06.04 16:32:26:101 RLS2_Daryal цель движется в направлении СПРО id:32b1e1b
06.04 16:32:27:521 SPRO_Omsk Обнаружена цель id:b745aes координаты X:6022412 Y:5205052 тип:SAM скорость:177
06.04 16:32:39:846 RLS3_Dnepr Обнаружена цель id:556164s координаты X:7242960 Y:1313930 тип:SAM скорость:161
06.04 16:33:21:636 SPRO_Omsk Обнаружена цель id:bf5116r координаты X:6601560 Y:3532848 тип:KR скорость:257
06.04 16:33:28:194 RLS3_Dnepr Обнаружена цель id:8a4a42b координаты X:7683005 Y:3267127 тип:BB_BR скорость:9371
06.04 16:33:28:488 RLS3_Dnepr цель движется в направлении СПРО id:8a4a42b
06.04 16:33:47:758 RLS1_Voronezh Обнаружена цель id:eb0573r координаты X:1616502 Y:3810199 тип:KR скорость:291
06.04 16:34:21:520 RLS3_Dnepr Обнаружена цель id:8634fer координаты X:9248105 Y:1709240 тип:KR скорость:950
06.04 16:34:39:835 RLS3_Dnepr Обнаружена цель id:556164s координаты X:7245648 Y:1316009 тип:SAM скорость:161
06.04 16:34:45:437 SPRO_Omsk Обнаружена цель id:bf5116r координаты X:6598110 Y:3534588 тип:KR скорость:257
06.04 16:35:09:818 SPRO_Omsk Обнаружена цель id:aee9cbs координаты X:6390602 Y:3057628 тип:SAM скорость:128
06.04 16:35:26:691 SPRO_Omsk Обнаружена цель id:8bd0abs координаты X:5479284 Y:2569894 тип:SAM скорость:105
06.04 16:35:39:918 RLS3_Dnepr Обнаружена цель id:8a4a42b координаты X:7512615 Y:3383221 тип:BB_BR скорость:9371
06.04 16:35:40:330 RLS3_Dnepr цель движется в направлении СПРО id:8a4a42b
06.04 16:35:51:028 RLS1_Voronezh Обнаружена цель id:eb0573r координаты X:1622062 Y:3808419 тип:KR скорость:291
06.04 16:36:09:033 RLS2_Daryal Обнаружена цель id:32b1e1b координаты X:8669660 Y:7195935 тип:BB_BR скорость:9550
06.04 16:36:09:392 RLS2_Daryal цель движется в направлении СПРО id:32b1e1b
06.04 16:36:21:161 SPRO_Omsk Обнаружена цель id:8e685bb координаты X:6650179 Y:4673248 тип:BB_BR скорость:8898
06.04 16:36:21:604 SPRO_Omsk Стрельба по цели id:8e685bb тип:BB_BR AMMO:6
06.04 16:37:08:901 SPRO_Omsk Цель id:8e685bb УНИЧТОЖЕНА (BB_BR)
06.04 16:37:10:398 ZRDN1_Orenburg Обнаружена цель id:0e0486b координаты X:4079107 Y:3388116 тип:BB_BR скорость:8028
06.04 16:37:18:054 SPRO_Omsk Обнаружена цель id:b62967s координаты X:6195105 Y:3664760 тип:SAM скорость:97
06.04 16:37:26:612 RLS1_Voronezh Обнаружена цель id:eb0573r координаты X:1626232 Y:3807084 тип:KR скорость:291
06.04 16:37:39:587 RLS2_Daryal Обнаружена цель id:aeed99s координаты X:10855769 Y:7829065 тип:SAM скорость:235
06.04 16:37:40:116 RLS3_Dnepr Обнаружена цель id:8634fer координаты X:9235004 Y:1737752 тип:KR скорость:950
06.04 16:37:40:734 SPRO_Omsk Обнаружена цель id:0e0486b координаты X:4085302 Y:3427776 тип:BB_BR скорость:8028
06.04 16:37:41:314 SPRO_Omsk Стрельба по цели id:0e0486b тип:BB_BR AMMO:5
06.04 16:37:41:907 ZRDN1_Orenburg Обнаружена цель id:2f5606s координаты X:4173920 Y:3675720 тип:SAM скорость:116
06.04 16:37:42:367 ZRDN1_Orenburg Стрельба по цели id:2f5606s тип:SAM AMMO:12
06.04 16:37:52:323 SPRO_Omsk Обнаружена цель id:6c25eds координаты X:5251773 Y:4640383 тип:SAM скорость:213
06.04 16:37:55:939 RLS3_Dnepr Обнаружена цель id:556164s координаты X:7249872 Y:1319276 тип:SAM скорость:161
06.04 16:38:10:860 ZRDN1_Orenburg Цель id:2f5606s УНИЧТОЖЕНА (SAM)
06.04 16:38:15:532 SPRO_Omsk Обнаружена цель id:2f5606s координаты X:4174288 Y:3676008 тип:SAM скорость:116
06.04 16:38:17:029 ZRDN2_Volgograd Обнаружена цель id:6d05b4b координаты X:3423325 Y:3326495 тип:BB_BR скорость:8862
06.04 16:38:18:410 RLS3_Dnepr Обнаружена цель id:9a317ds координаты X:7045231 Y:1198145 тип:SAM скорость:89
06.04 16:38:18:658 SPRO_Omsk Цель id:0e0486b УНИЧТОЖЕНА (BB_BR)
06.04 16:38:38:618 SPRO_Omsk НЕ ОТВЕЧАЕТ! Связь потеряна
06.04 16:38:40:305 SPRO_Omsk Обнаружена цель id:81bd61b координаты X:5490240 Y:3724240 тип:BB_BR скорость:9997
06.04 16:38:40:749 SPRO_Omsk Стрельба по цели id:81bd61b тип:BB_BR AMMO:4
06.04 16:38:50:410 SPRO_Omsk Обнаружена цель id:8bd0abs координаты X:5480754 Y:2573289 тип:SAM скорость:105
06.04 16:39:08:539 SPRO_Omsk работоспособность восстановлена
06.04 16:39:12:138 SPRO_Omsk Цель id:81bd61b УНИЧТОЖЕНА (BB_BR)
06.04 16:39:39:630 RLS1_Voronezh Обнаружена цель id:b752c2b координаты X:3106648 Y:1115072 тип:BB_BR скорость:8967
06.04 16:39:40:029 RLS1_Voronezh цель движется в направлении СПРО id:b752c2b
06.04 16:39:43:471 RLS2_Daryal Обнаружена цель id:aeed99s координаты X:10855549 Y:7824365 тип:SAM скорость:235
06.04 16:39:43:908 SPRO_Omsk Обнаружена цель id:bb352ab координаты X:4250384 Y:4563864 тип:BB_BR скорость:8708
06.04 16:39:44:373 SPRO_Omsk Стрельба по цели id:bb352ab тип:BB_BR AMMO:3
06.04 16:40:25:611 SPRO_Omsk ПРОМАХ по цели id:bb352ab (BB_BR)
06.04 16:40:41:661 SPRO_Omsk Обнаружена цель id:b62967s координаты X:6195666 Y:3661592 тип:SAM скорость:97
06.04 16:40:56:527 SPRO_Omsk Обнаружена цель id:1897a6s координаты X:4893575 Y:3801600 тип:SAM скорость:65
06.04 16:41:13:809 SPRO_Omsk Обнаружена цель id:501d45r координаты X:6423142 Y:4769101 тип:KR скорость:491
06.04 16:41:14:205 ZRDN1_Orenburg Обнаружена цель id:06a04fb координаты X:4545700 Y:2863200 тип:BB_BR скорость:9447
06.04 16:41:39:747 RLS3_Dnepr Обнаружена цель id:556164s координаты X:7254224 Y:1322642 тип:SAM скорость:161
06.04 16:41:40:180 SPRO_Omsk Обнаружена цель id:8bd0abs координаты X:5481804 Y:2575714 тип:SAM скорость:105
06.04 16:41:46:725 RLS2_Daryal Обнаружена цель id:aeed99s координаты X:10855329 Y:7819665 тип:SAM скорость:235
06.04 16:41:47:157 RLS3_Dnepr Обнаружена цель id:9a317ds координаты X:7042746 Y:1200070 тип:SAM скорость:89
06.04 16:42:09:413 RLS1_Voronezh Обнаружена цель id:b752c2b координаты X:3205474 Y:1275386 тип:BB_BR скорость:8967
06.04 16:42:09:725 RLS1_Voronezh цель движется в направлении СПРО id:b752c2b
06.04 16:42:39:390 SPRO_Omsk Обнаружена цель id:06a04fb координаты X:4582228 Y:2970528 тип:BB_BR скорость:9447
06.04 16:42:39:787 SPRO_Omsk Стрельба по цели id:06a04fb тип:BB_BR AMMO:2
06.04 16:42:49:466 SPRO_Omsk Обнаружена цель id:421482b координаты X:4751491 Y:4989794 тип:BB_BR скорость:8096
06.04 16:42:49:761 SPRO_Omsk Стрельба по цели id:421482b тип:BB_BR AMMO:1
06.04 16:42:54:457 ZRDN3_Mahachkala Обнаружена цель id:6d05b4b координаты X:3482435 Y:2923121 тип:BB_BR скорость:8862
06.04 16:43:09:862 RLS1_Voronezh Обнаружена цель id:1bccaer координаты X:3963101 Y:1507005 тип:KR скорость:493
06.04 16:43:11:299 SPRO_Omsk Цель id:06a04fb УНИЧТОЖЕНА (BB_BR)
06.04 16:43:22:101 RLS3_Dnepr Обнаружена цель id:556164s координаты X:7256528 Y:1324424 тип:SAM скорость:161
06.04 16:43:23:547 ZRDN1_Orenburg Обнаружена цель id:06a04fb координаты X:4594404 Y:3006304 тип:BB_BR скорость:9447
06.04 16:43:39:355 SPRO_Omsk Цель id:421482b УНИЧТОЖЕНА (BB_BR)
06.04 16:43:48:091 SPRO_Omsk Обнаружена цель id:36c1e3r координаты X:5979992 Y:4539040 тип:KR скорость:924
06.04 16:44:09:552 SPRO_Omsk Обнаружена цель id:e10fd3r координаты X:4136650 Y:4407725 тип:KR скорость:566
06.04 16:44:22:337 SPRO_Omsk Обнаружена цель id:8bd0abs координаты X:5482980 Y:2578430 тип:SAM скорость:105
06.04 16:44:39:777 ZRDN2_Volgograd Обнаружена цель id:6d05b4b координаты X:3501710 Y:2791586 тип:BB_BR скорость:8862
06.04 16:44:45:286 RLS3_Dnepr Обнаружена цель id:9a317ds координаты X:7040687 Y:1201665 тип:SAM скорость:89
06.04 16:45:12:863 SPRO_Omsk Обнаружена цель id:b3b99ar координаты X:4854539 Y:3863358 тип:KR скорость:722
06.04 16:45:57:730 RLS1_Voronezh Обнаружена цель id:1bccaer координаты X:3968831 Y:1520655 тип:KR скорость:493
06.04 16:46:10:024 SPRO_Omsk Обнаружена цель id:341aacb координаты X:6673352 Y:4502968 тип:BB_BR скорость:9296
06.04 16:46:10:553 SPRO_Omsk Стрельба по цели id:341aacb тип:BB_BR AMMO:0
06.04 16:46:10:973 SPRO_Omsk Боекомплект исчерпан! Режим обнаружения
06.04 16:46:14:505 RLS2_Daryal Обнаружена цель id:ec57a8b координаты X:11329872 Y:7536496 тип:BB_BR скорость:9219
06.04 16:46:14:885 RLS2_Daryal цель движется в направлении СПРО id:ec57a8b
06.04 16:46:39:381 SPRO_Omsk Обнаружена цель id:7cc4d3s координаты X:6286478 Y:3615924 тип:SAM скорость:62
06.04 16:46:46:998 SPRO_Omsk Обнаружена цель id:800ea1b координаты X:5575365 Y:3580465 тип:BB_BR скорость:8920
06.04 16:46:48:349 SPRO_Omsk Цель id:341aacb УНИЧТОЖЕНА (BB_BR)
06.04 16:46:50:844 RLS3_Dnepr Обнаружена цель id:aceff3b координаты X:5702432 Y:1145218 тип:BB_BR скорость:9860
06.04 16:46:52:192 RLS3_Dnepr цель движется в направлении СПРО id:aceff3b
06.04 16:47:40:587 SPRO_Omsk Обнаружена цель id:e10fd3r координаты X:4154220 Y:4416930 тип:KR скорость:566
06.04 16:47:43:050 RLS2_Daryal Обнаружена цель id:ec57a8b координаты X:11329760 Y:7407430 тип:BB_BR скорость:9219
06.04 16:47:43:429 RLS2_Daryal цель движется в направлении СПРО id:ec57a8b
06.04 16:47:55:087 SPRO_Omsk Обнаружена цель id:b3b99ar координаты X:4856726 Y:3843972 тип:KR скорость:722
06.04 16:48:09:207 RLS1_Voronezh Обнаружена цель id:1bccaer координаты X:3972651 Y:1529755 тип:KR скорость:493
06.04 16:48:09:634 RLS2_Daryal Обнаружена цель id:b17f8bs координаты X:8244362 Y:7566020 тип:SAM скорость:94
06.04 16:48:15:214 RLS3_Dnepr Обнаружена цель id:98250er координаты X:6278396 Y:2244084 тип:KR скорость:336
06.04 16:48:17:687 RLS2_Daryal Обнаружена цель id:aeed99s координаты X:10854625 Y:7804625 тип:SAM скорость:235
06.04 16:48:39:901 SPRO_Omsk Боекомплект пополнен AMMO:10
06.04 16:49:40:800 RLS1_Voronezh Обнаружена цель id:1bccaer координаты X:3975516 Y:1536580 тип:KR скорость:493
06.04 16:49:41:254 SPRO_Omsk Обнаружена цель id:974fbdr координаты X:5579542 Y:3560852 тип:KR скорость:950
06.04 16:49:45:753 SPRO_Omsk Обнаружена цель id:36c1e3r координаты X:6006212 Y:4587940 тип:KR скорость:924
06.04 16:50:10:105 SPRO_Omsk Обнаружена цель id:501d45r координаты X:6432220 Y:4811910 тип:KR скорость:491
06.04 16:50:12:553 ZRDN3_Mahachkala Обнаружена цель id:d39e72b координаты X:4079094 Y:2353852 тип:BB_BR скорость:8792
06.04 16:50:23:326 SPRO_Omsk Обнаружена цель id:0c7e70b координаты X:4540449 Y:4499245 тип:BB_BR скорость:8416
06.04 16:50:23:723 SPRO_Omsk Стрельба по цели id:0c7e70b тип:BB_BR AMMO:9
06.04 16:50:39:557 SPRO_Omsk НЕ ОТВЕЧАЕТ! Связь потеряна
06.04 16:50:44:370 SPRO_Omsk Обнаружена цель id:23887fr координаты X:5078412 Y:2925820 тип:KR скорость:996
06.04 16:50:56:152 RLS3_Dnepr Обнаружена цель id:9ce7cbr координаты X:8224535 Y:2485709 тип:KR скорость:999
06.04 16:51:09:095 SPRO_Omsk работоспособность восстановлена
06.04 16:51:10:577 RLS1_Voronezh Обнаружена цель id:1bccaer координаты X:3978381 Y:1543405 тип:KR скорость:493
06.04 16:51:11:014 SPRO_Omsk ПРОМАХ по цели id:0c7e70b (BB_BR)
06.04 16:51:26:844 RLS1_Voronezh Обнаружена цель id:40d79fs координаты X:1441050 Y:2820775 тип:SAM скорость:71
06.04 16:51:40:683 RLS2_Daryal Обнаружена цель id:ec57a8b координаты X:11329448 Y:7047889 тип:BB_BR скорость:9219
06.04 16:51:41:071 RLS2_Daryal цель движется в направлении СПРО id:ec57a8b
06.04 16:51:42:557 SPRO_Omsk Обнаружена цель id:e10fd3r координаты X:4174300 Y:4427450 тип:KR скорость:566
06.04 16:51:45:082 ZRDN3_Mahachkala Обнаружена цель id:d39e72b координаты X:4144329 Y:2468482 тип:BB_BR скорость:8792
06.04 16:51:54:728 RLS2_Daryal Обнаружена цель id:b17f8bs координаты X:8243231 Y:7562510 тип:SAM скорость:94
06.04 16:51:57:229 SPRO_Omsk Обнаружена цель id:7cc4d3s координаты X:6289782 Y:3617156 тип:SAM скорость:62
06.04 16:52:14:506 SPRO_Omsk Обнаружена цель id:800ea1b координаты X:5288679 Y:3193339 тип:BB_BR скорость:8920
06.04 16:52:14:997 SPRO_Omsk Стрельба по цели id:800ea1b тип:BB_BR AMMO:8
06.04 16:52:28:888 RLS3_Dnepr Обнаружена цель id:98250er координаты X:6269282 Y:2254878 тип:KR скорость:336
06.04 16:52:40:837 SPRO_Omsk Обнаружена цель id:e6e22fb координаты X:5061230 Y:3769760 тип:BB_BR скорость:9448
06.04 16:52:41:321 SPRO_Omsk Стрельба по цели id:e6e22fb тип:BB_BR AMMO:7
06.04 16:53:10:020 SPRO_Omsk Цель id:800ea1b УНИЧТОЖЕНА (BB_BR)
06.04 16:53:15:700 ZRDN3_Mahachkala Обнаружена цель id:d39e72b координаты X:4205215 Y:2575470 тип:BB_BR скорость:8792
06.04 16:53:20:146 SPRO_Omsk ПРОМАХ по цели id:e6e22fb (BB_BR)
06.04 16:53:26:694 RLS3_Dnepr Обнаружена цель id:dcd287r координаты X:7437454 Y:2388822 тип:KR скорость:947
06.04 16:53:40:944 SPRO_Omsk Обнаружена цель id:09e2c8b координаты X:6212744 Y:4559935 тип:BB_BR скорость:8804
06.04 16:53:41:428 SPRO_Omsk Стрельба по цели id:09e2c8b тип:BB_BR AMMO:6
06.04 16:53:48:145 RLS3_Dnepr Обнаружена цель id:b58259s координаты X:7398572 Y:1247891 тип:SAM скорость:96
06.04 16:54:13:734 SPRO_Omsk Цель id:09e2c8b УНИЧТОЖЕНА (BB_BR)
06.04 16:54:27:485 SPRO_Omsk Обнаружена цель id:974fbdr координаты X:5567439 Y:3605834 тип:KR скорость:950
06.04 16:54:42:486 RLS2_Daryal Обнаружена цель id:b17f8bs координаты X:8242506 Y:7560260 тип:SAM скорость:94
06.04 16:54:45:032 ZRDN3_Mahachkala Обнаружена цель id:d39e72b координаты X:4266101 Y:2682458 тип:BB_BR скорость:8792
06.04 16:54:47:549 SPRO_Omsk Обнаружена цель id:36c1e3r координаты X:6025440 Y:4623800 тип:KR скорость:924
06.04 16:55:11:175 SPRO_Omsk Обнаружена цель id:0c7e70b координаты X:4660095 Y:4867475 тип:BB_BR скорость:8416
06.04 16:55:11:617 SPRO_Omsk Стрельба по цели id:0c7e70b тип:BB_BR AMMO:5
06.04 16:55:20:372 SPRO_Omsk Обнаружена цель id:23887fr координаты X:5096276 Y:2965860 тип:KR скорость:996
06.04 16:55:46:847 SPRO_Omsk Цель id:0c7e70b УНИЧТОЖЕНА (BB_BR)
06.04 16:56:10:319 ZRDN1_Orenburg Обнаружена цель id:d39e72b координаты X:4322638 Y:2781804 тип:BB_BR скорость:8792
06.04 16:56:11:792 SPRO_Omsk Обнаружена цель id:077805s координаты X:5776790 Y:4165330 тип:SAM скорость:192
06.04 16:57:10:635 SPRO_Omsk Обнаружена цель id:974fbdr координаты X:5561017 Y:3629702 тип:KR скорость:950
06.04 16:57:25:453 SPRO_Omsk Обнаружена цель id:501d45r координаты X:6439462 Y:4846061 тип:KR скорость:491
06.04 16:57:47:894 SPRO_Omsk Обнаружена цель id:212902b координаты X:6162710 Y:4592950 тип:BB_BR скорость:9303
06.04 16:57:48:387 SPRO_Omsk Стрельба по цели id:212902b тип:BB_BR AMMO:4
06.04 16:58:10:723 RLS1_Voronezh Обнаружена цель id:40d79fs координаты X:1441184 Y:2825532 тип:SAM скорость:71
06.04 16:58:11:219 SPRO_Omsk Обнаружена цель id:23887fr координаты X:5104802 Y:2984970 тип:KR скорость:996
06.04 16:58:27:111 SPRO_Omsk Цель id:212902b УНИЧТОЖЕНА (BB_BR)
06.04 16:58:49:468 RLS3_Dnepr Обнаружена цель id:b58259s координаты X:7401120 Y:1251860 тип:SAM скорость:96
06.04 16:59:10:759 SPRO_Omsk Обнаружена цель id:077805s координаты X:5775950 Y:4170650 тип:SAM скорость:192
06.04 16:59:12:166 ZRDN1_Orenburg Обнаружена цель id:d39e72b координаты X:4461806 Y:3026348 тип:BB_BR скорость:8792
06.04 16:59:16:642 SPRO_Omsk Обнаружена цель id:c70326s координаты X:5243784 Y:4323872 тип:SAM скорость:104
06.04 16:59:48:360 RLS1_Voronezh Обнаружена цель id:be9d4es координаты X:3758069 Y:1322806 тип:SAM скорость:122
06.04 17:00:10:578 RLS3_Dnepr Обнаружена цель id:b58259s координаты X:7401900 Y:1253075 тип:SAM скорость:96
06.04 17:00:11:014 SPRO_Omsk Обнаружена цель id:d39e72b координаты X:4505296 Y:3102768 тип:BB_BR скорость:8792
06.04 17:00:11:429 SPRO_Omsk Стрельба по цели id:d39e72b тип:BB_BR AMMO:3
06.04 17:00:55:530 SPRO_Omsk Цель id:d39e72b УНИЧТОЖЕНА (BB_BR)
06.04 17:01:10:811 RLS3_Dnepr Обнаружена цель id:a1e06fs координаты X:7063024 Y:1400926 тип:SAM скорость:161
06.04 17:01:13:282 RLS1_Voronezh Обнаружена цель id:be9d4es координаты X:3758114 Y:1324636 тип:SAM скорость:122
06.04 17:01:44:962 SPRO_Omsk Обнаружена цель id:aed3f1b координаты X:6058388 Y:4842844 тип:BB_BR скорость:9408
06.04 17:01:46:430 SPRO_Omsk Стрельба по цели id:aed3f1b тип:BB_BR AMMO:2
06.04 17:02:11:086 SPRO_Omsk Обнаружена цель id:4b27d7b координаты X:6583676 Y:4215760 тип:BB_BR скорость:9768
06.04 17:02:11:567 SPRO_Omsk Стрельба по цели id:4b27d7b тип:BB_BR AMMO:1
06.04 17:02:24:531 SPRO_Omsk Обнаружена цель id:8f507bb координаты X:5737308 Y:2804199 тип:BB_BR скорость:8925
06.04 17:02:24:991 SPRO_Omsk Стрельба по цели id:8f507bb тип:BB_BR AMMO:0
06.04 17:02:25:373 SPRO_Omsk Боекомплект исчерпан! Режим обнаружения
06.04 17:02:26:947 SPRO_Omsk Цель id:aed3f1b УНИЧТОЖЕНА (BB_BR)
06.04 17:02:46:302 RLS3_Dnepr Обнаружена цель id:d84d52r координаты X:7849522 Y:2464264 тип:KR скорость:415
06.04 17:02:52:951 SPRO_Omsk Цель id:4b27d7b УНИЧТОЖЕНА (BB_BR)
06.04 17:03:10:248 RLS1_Voronezh Обнаружена цель id:be9d4es координаты X:3758159 Y:1326466 тип:SAM скорость:122
06.04 17:03:10:718 SPRO_Omsk ПРОМАХ по цели id:8f507bb (BB_BR)
06.04 17:03:24:575 RLS2_Daryal Обнаружена цель id:a9c2d1s координаты X:11140592 Y:7071925 тип:SAM скорость:231
06.04 17:03:53:930 SPRO_Omsk Обнаружена цель id:d2703eb координаты X:5983131 Y:4193667 тип:BB_BR скорость:8028
06.04 17:04:10:032 RLS3_Dnepr Обнаружена цель id:8d7276r координаты X:7144697 Y:2709723 тип:KR скорость:970
06.04 17:04:10:471 SPRO_Omsk Обнаружена цель id:c70326s координаты X:5243220 Y:4328760 тип:SAM скорость:104
06.04 17:04:19:155 RLS1_Voronezh Обнаружена цель id:be9d4es координаты X:3758204 Y:1328296 тип:SAM скорость:122
06.04 17:04:23:725 RLS3_Dnepr Обнаружена цель id:a1e06fs координаты X:7065876 Y:1405049 тип:SAM скорость:161
06.04 17:04:48:123 SPRO_Omsk Боекомплект пополнен AMMO:10
06.04 17:04:54:696 RLS2_Daryal Обнаружена цель id:a9c2d1s координаты X:11138464 Y:7069475 тип:SAM скорость:231
06.04 17:05:15:956 RLS3_Dnepr Обнаружена цель id:d84d52r координаты X:7844920 Y:2474040 тип:KR скорость:415
06.04 17:05:40:490 SPRO_Omsk Обнаружена цель id:d51d9fb координаты X:6362623 Y:2711108 тип:BB_BR скорость:8599
06.04 17:05:40:956 SPRO_Omsk Стрельба по цели id:d51d9fb тип:BB_BR AMMO:9
06.04 17:06:10:637 SPRO_Omsk Обнаружена цель id:53ad06r координаты X:5190212 Y:2347732 тип:KR скорость:693
06.04 17:06:19:235 SPRO_Omsk Цель id:d51d9fb УНИЧТОЖЕНА (BB_BR)
06.04 17:06:21:661 RLS2_Daryal Обнаружена цель id:36f8e4b координаты X:9257920 Y:7427840 тип:BB_BR скорость:9304
06.04 17:06:21:960 RLS2_Daryal цель движется в направлении СПРО id:36f8e4b
06.04 17:06:48:314 RLS3_Dnepr Обнаружена цель id:a1e06fs координаты X:7068084 Y:1408241 тип:SAM скорость:161
06.04 17:06:58:053 SPRO_Omsk Обнаружена цель id:d2703eb координаты X:5745741 Y:4234437 тип:BB_BR скорость:8028
06.04 17:06:58:479 SPRO_Omsk Стрельба по цели id:d2703eb тип:BB_BR AMMO:8
06.04 17:07:11:773 RLS1_Voronezh Обнаружена цель id:be9d4es координаты X:3758285 Y:1331590 тип:SAM скорость:122
06.04 17:07:14:315 SPRO_Omsk Обнаружена цель id:c70326s координаты X:5242848 Y:4331984 тип:SAM скорость:104
06.04 17:07:41:873 SPRO_Omsk Обнаружена цель id:8f507bb координаты X:5314824 Y:2973672 тип:BB_BR скорость:8925
06.04 17:07:42:372 SPRO_Omsk Стрельба по цели id:8f507bb тип:BB_BR AMMO:7
06.04 17:07:42:853 SPRO_Omsk ПРОМАХ по цели id:d2703eb (BB_BR)
06.04 17:07:59:756 RLS2_Daryal Обнаружена цель id:17ac51r координаты X:8408154 Y:7973919 тип:KR скорость:276
06.04 17:08:11:666 RLS1_Voronezh Обнаружена цель id:0f16fes координаты X:1447816 Y:4059395 тип:SAM скорость:226
06.04 17:08:14:152 SPRO_Omsk ПРОМАХ по цели id:8f507bb (BB_BR)
06.04 17:08:17:769 RLS3_Dnepr Обнаружена цель id:8d7276r координаты X:7129535 Y:2747565 тип:KR скорость:970
06.04 17:08:41:138 RLS3_Dnepr Обнаружена цель id:a1e06fs координаты X:7069740 Y:1410635 тип:SAM скорость:161
06.04 17:09:11:894 SPRO_Omsk Обнаружена цель id:d2703eb координаты X:5579568 Y:4262976 тип:BB_BR скорость:8028
06.04 17:09:12:295 SPRO_Omsk Стрельба по цели id:d2703eb тип:BB_BR AMMO:6
06.04 17:09:43:674 SPRO_Omsk Цель id:d2703eb УНИЧТОЖЕНА (BB_BR)
06.04 17:10:41:463 RLS1_Voronezh Обнаружена цель id:0f16fes координаты X:1449688 Y:4064985 тип:SAM скорость:226
06.04 17:10:41:878 RLS2_Daryal Обнаружена цель id:36f8e4b координаты X:9039513 Y:7115051 тип:BB_BR скорость:9304
06.04 17:10:42:282 RLS2_Daryal цель движется в направлении СПРО id:36f8e4b
06.04 17:10:42:709 RLS3_Dnepr Обнаружена цель id:8d7276r координаты X:7121232 Y:2768288 тип:KR скорость:970
06.04 17:10:51:278 RLS2_Daryal Обнаружена цель id:17ac51r координаты X:8404036 Y:7967046 тип:KR скорость:276
06.04 17:11:11:488 SPRO_Omsk Обнаружена цель id:4d8f61r координаты X:4148135 Y:3627902 тип:KR скорость:394
06.04 17:11:21:995 RLS3_Dnepr Обнаружена цель id:d84d52r координаты X:7834123 Y:2496976 тип:KR скорость:415
06.04 17:11:23:416 SPRO_Omsk Обнаружена цель id:8f507bb координаты X:4991748 Y:3103269 тип:BB_BR скорость:8925
06.04 17:11:23:794 SPRO_Omsk Стрельба по цели id:8f507bb тип:BB_BR AMMO:5
06.04 17:12:11:025 SPRO_Omsk Цель id:8f507bb УНИЧТОЖЕНА (BB_BR)
06.04 17:12:16:582 RLS3_Dnepr Обнаружена цель id:1bf57bs координаты X:6497650 Y:2263600 тип:SAM скорость:213
06.04 17:12:26:121 ZRDN1_Orenburg Обнаружена цель id:4d8f61r координаты X:4152230 Y:3630996 тип:KR скорость:394
06.04 17:12:26:359 ZRDN1_Orenburg Стрельба по цели id:4d8f61r тип:KR AMMO:11
06.04 17:12:27:814 RLS1_Voronezh Обнаружена цель id:d107e6s координаты X:2285783 Y:1035207 тип:SAM скорость:89
06.04 17:12:41:919 RLS3_Dnepr Обнаружена цель id:42d282b координаты X:6368650 Y:1603225 тип:BB_BR скорость:9586
06.04 17:12:42:306 RLS3_Dnepr цель движется в направлении СПРО id:42d282b
06.04 17:12:56:103 RLS3_Dnepr Обнаружена цель id:09337cb координаты X:5709705 Y:1548420 тип:BB_BR скорость:9967
06.04 17:12:56:491 RLS3_Dnepr цель движется в направлении СПРО id:09337cb
06.04 17:12:58:057 SPRO_Omsk Обнаружена цель id:bec8b6b координаты X:6628698 Y:4540440 тип:BB_BR скорость:8084
06.04 17:12:59:527 SPRO_Omsk Стрельба по цели id:bec8b6b тип:BB_BR AMMO:4
06.04 17:13:11:695 ZRDN1_Orenburg Цель id:4d8f61r УНИЧТОЖЕНА (KR)
06.04 17:13:40:906 SPRO_Omsk Цель id:bec8b6b УНИЧТОЖЕНА (BB_BR)
06.04 17:13:48:563 RLS3_Dnepr Обнаружена цель id:8d7276r координаты X:7109680 Y:2797120 тип:KR скорость:970
06.04 17:13:50:978 SPRO_Omsk Обнаружена цель id:53ad06r координаты X:5205064 Y:2400504 тип:KR скорость:693
06.04 17:14:11:239 RLS3_Dnepr Обнаружена цель id:bb42a7r координаты X:6902660 Y:2319140 тип:KR скорость:563
06.04 17:14:24:991 RLS1_Voronezh Обнаружена цель id:0f16fes координаты X:1452568 Y:4073585 тип:SAM скорость:226
06.04 17:14:42:988 RLS1_Voronezh Обнаружена цель id:d107e6s координаты X:2287784 Y:1035736 тип:SAM скорость:89
06.04 17:14:55:720 RLS3_Dnepr Обнаружена цель id:1bf57bs координаты X:6500068 Y:2268592 тип:SAM скорость:213
06.04 17:15:11:857 RLS3_Dnepr Обнаружена цель id:176465b координаты X:6549047 Y:2441719 тип:BB_BR скорость:9742
06.04 17:15:12:280 RLS3_Dnepr цель движется в направлении СПРО id:176465b
06.04 17:15:12:749 SPRO_Omsk Обнаружена цель id:857825b координаты X:5225464 Y:5157120 тип:BB_BR скорость:8660
06.04 17:15:13:116 SPRO_Omsk Стрельба по цели id:857825b тип:BB_BR AMMO:3
06.04 17:15:27:913 RLS3_Dnepr Обнаружена цель id:42d282b координаты X:6470230 Y:1872295 тип:BB_BR скорость:9586
06.04 17:15:28:290 RLS3_Dnepr цель движется в направлении СПРО id:42d282b
06.04 17:15:41:243 RLS1_Voronezh Обнаружена цель id:425357r координаты X:4455583 Y:1273958 тип:KR скорость:700
06.04 17:15:41:704 SPRO_Omsk Обнаружена цель id:53ad06r координаты X:5208448 Y:2412528 тип:KR скорость:693
06.04 17:15:51:391 RLS3_Dnepr Обнаружена цель id:d84d52r координаты X:7826158 Y:2513896 тип:KR скорость:415
06.04 17:15:54:850 SPRO_Omsk Цель id:857825b УНИЧТОЖЕНА (BB_BR)
06.04 17:16:10:941 RLS3_Dnepr Обнаружена цель id:09337cb координаты X:5755571 Y:1884204 тип:BB_BR скорость:9967
06.04 17:16:11:275 RLS3_Dnepr цель движется в направлении СПРО id:09337cb
06.04 17:16:21:870 SPRO_Omsk Обнаружена цель id:c70326s координаты X:5241744 Y:4341552 тип:SAM скорость:104
06.04 17:16:40:961 SPRO_Omsk Обнаружена цель id:aaf3ebs координаты X:5277780 Y:5279807 тип:SAM скорость:219
06.04 17:16:47:510 RLS1_Voronezh Обнаружена цель id:0f16fes координаты X:1454296 Y:4078745 тип:SAM скорость:226
06.04 17:16:58:159 RLS3_Dnepr Обнаружена цель id:74eb9er координаты X:4877720 Y:1638940 тип:KR скорость:321
06.04 17:17:11:183 RLS1_Voronezh Обнаружена цель id:d107e6s координаты X:2289959 Y:1036311 тип:SAM скорость:89
06.04 17:17:13:685 RLS3_Dnepr Обнаружена цель id:9ea14cb координаты X:7231452 Y:3095786 тип:BB_BR скорость:8489
06.04 17:17:40:931 RLS3_Dnepr Обнаружена цель id:d597c8r координаты X:6772110 Y:1708414 тип:KR скорость:512
06.04 17:17:41:458 SPRO_Omsk Обнаружена цель id:4be772b координаты X:6757738 Y:4287940 тип:BB_BR скорость:9397
06.04 17:17:42:014 SPRO_Omsk Стрельба по цели id:4be772b тип:BB_BR AMMO:2
06.04 17:17:51:874 SPRO_Omsk Обнаружена цель id:2bc41cb координаты X:4434296 Y:4642700 тип:BB_BR скорость:9588
06.04 17:17:53:282 SPRO_Omsk Стрельба по цели id:2bc41cb тип:BB_BR AMMO:1
06.04 17:17:54:715 RLS3_Dnepr Обнаружена цель id:bb42a7r координаты X:6905980 Y:2341420 тип:KR скорость:563
06.04 17:17:59:396 RLS1_Voronezh Обнаружена цель id:425357r координаты X:4466308 Y:1287808 тип:KR скорость:700
06.04 17:18:00:925 RLS2_Daryal Обнаружена цель id:cf8daes координаты X:9348236 Y:7636236 тип:SAM скорость:118
06.04 17:18:14:391 SPRO_Omsk Цель id:4be772b УНИЧТОЖЕНА (BB_BR)
06.04 17:18:42:524 SPRO_Omsk Цель id:2bc41cb УНИЧТОЖЕНА (BB_BR)
06.04 17:18:55:347 SPRO_Omsk Обнаружена цель id:a23b0cs координаты X:6616920 Y:3533565 тип:SAM скорость:181
06.04 17:18:56:759 RLS3_Dnepr Обнаружена цель id:d84d52r координаты X:7820848 Y:2525176 тип:KR скорость:415
06.04 17:18:59:218 RLS1_Voronezh Обнаружена цель id:0f16fes координаты X:1455880 Y:4083475 тип:SAM скорость:226
06.04 17:19:31:022 RLS2_Daryal Обнаружена цель id:8b15f4s координаты X:9734536 Y:7693760 тип:SAM скорость:239
06.04 17:19:47:213 SPRO_Omsk Обнаружена цель id:fb29a6s координаты X:6449620 Y:4927210 тип:SAM скорость:213
06.04 17:19:48:714 RLS3_Dnepr Обнаружена цель id:447564b координаты X:8948046 Y:1819248 тип:BB_BR скорость:8892
06.04 17:19:49:133 RLS3_Dnepr цель движется в направлении СПРО id:447564b
06.04 17:20:12:459 RLS3_Dnepr Обнаружена цель id:d597c8r координаты X:6765485 Y:1719389 тип:KR скорость:512
06.04 17:20:12:918 SPRO_Omsk Обнаружена цель id:9a7c29r координаты X:6011173 Y:3635101 тип:KR скорость:547
06.04 17:20:21:556 SPRO_Omsk Обнаружена цель id:176465b координаты X:6451586 Y:2928922 тип:BB_BR скорость:9742
06.04 17:20:21:912 SPRO_Omsk Стрельба по цели id:176465b тип:BB_BR AMMO:0
06.04 17:20:23:440 RLS3_Dnepr Обнаружена цель id:42d282b координаты X:6636144 Y:2311776 тип:BB_BR скорость:9586
06.04 17:20:23:843 RLS3_Dnepr цель движется в направлении СПРО id:42d282b
06.04 17:20:24:169 SPRO_Omsk Боекомплект исчерпан! Режим обнаружения
06.04 17:20:25:762 RLS1_Voronezh Обнаружена цель id:425357r координаты X:4476175 Y:1300550 тип:KR скорость:700
06.04 17:20:47:034 RLS3_Dnepr Обнаружена цель id:bb42a7r координаты X:6908221 Y:2356459 тип:KR скорость:563
06.04 17:21:13:569 SPRO_Omsk Цель id:176465b УНИЧТОЖЕНА (BB_BR)
06.04 17:21:19:354 SPRO_Omsk Обнаружена цель id:a23b0cs координаты X:6614720 Y:3537540 тип:SAM скорость:181
06.04 17:21:43:908 RLS2_Daryal Обнаружена цель id:cf8daes координаты X:9345380 Y:7633380 тип:SAM скорость:118
06.04 17:21:44:422 SPRO_Omsk Обнаружена цель id:dad54bs координаты X:5548150 Y:4985180 тип:SAM скорость:140
06.04 17:22:01:426 RLS2_Daryal Обнаружена цель id:6e00e7r координаты X:10173306 Y:7155016 тип:KR скорость:282
06.04 17:22:13:367 ZRDN1_Orenburg Обнаружена цель id:0a7a4bb координаты X:4026800 Y:3460596 тип:BB_BR скорость:9013
06.04 17:22:15:745 RLS2_Daryal Обнаружена цель id:8b15f4s координаты X:9729595 Y:7689575 тип:SAM скорость:239
06.04 17:22:28:484 SPRO_Omsk Обнаружена цель id:9a7c29r координаты X:6015014 Y:3623118 тип:KR скорость:547
06.04 17:22:29:828 SPRO_Omsk Боекомплект пополнен AMMO:10
06.04 17:22:55:351 RLS3_Dnepr Обнаружена цель id:72e938s координаты X:6494061 Y:1415712 тип:SAM скорость:192
06.04 17:23:13:724 RLS3_Dnepr Обнаружена цель id:d597c8r координаты X:6757535 Y:1732559 тип:KR скорость:512
06.04 17:23:21:366 SPRO_Omsk Обнаружена цель id:58ddc1b координаты X:5800385 Y:4286855 тип:BB_BR скорость:9416
06.04 17:23:21:764 SPRO_Omsk Стрельба по цели id:58ddc1b тип:BB_BR AMMO:9
06.04 17:23:28:403 RLS3_Dnepr Обнаружена цель id:42d282b координаты X:6737724 Y:2580846 тип:BB_BR скорость:9586
06.04 17:23:28:857 RLS3_Dnepr цель движется в направлении СПРО id:42d282b
06.04 17:23:51:484 RLS2_Daryal Обнаружена цель id:8b15f4s координаты X:9726850 Y:7687250 тип:SAM скорость:239
06.04 17:24:14:657 SPRO_Omsk Цель id:58ddc1b УНИЧТОЖЕНА (BB_BR)
06.04 17:24:20:364 SPRO_Omsk Обнаружена цель id:a23b0cs координаты X:6612168 Y:3542151 тип:SAM скорость:181
06.04 17:24:22:816 RLS3_Dnepr Обнаружена цель id:479352s координаты X:6404208 Y:1980624 тип:SAM скорость:194
06.04 17:24:44:210 SPRO_Omsk Обнаружена цель id:dad54bs координаты X:5551300 Y:4982360 тип:SAM скорость:140
06.04 17:24:48:665 ZRDN1_Orenburg Обнаружена цель id:0a7a4bb координаты X:4190600 Y:3628192 тип:BB_BR скорость:9013
